record_id,source_zone,protected_zone,hop_distance,initial_hazard_concentration,spatial_gradient,temporal_gradient,airflow_speed_mps,airflow_direction_to_protected,pressure_diff_pa,oxygen_pct,door_open,blocked_path,sensor_fault,actuator_fault,communication_delay_ms,actuator_type,intervention_magnitude_pct,intervention_duration_s,actuator_trust,occupancy,evacuation_route_exposure,dC_protected,command_achievement_pct,outcome
R00000,1,2,1,16.998,1.3284,1.1912,1.093,0,-7.97,17.834,1,0,0,0,215.5,door,31.04,3.63,0.4993,1,0,-0.816,88.75,Ineffective
R00001,4,1,3,41.461,1.6642,0.9657,0.536,0,1.92,18.336,1,0,0,0,103.3,damper,35.09,17.41,0.7865,0,1,1.636,90.1,Ineffective
R00002,3,1,2,47.177,1.1305,1.0551,0.235,1,6.171,19.048,1,1,0,1,48.2,damper,17.59,9.17,0.9314,0,1,3.594,40.82,Inconsistent
R00003,2,1,1,14.165,-0.4275,1.4703,1.89,1,-24.253,17.777,0,1,0,0,282.8,fan,43.92,18.3,0.4407,1,0,7.661,81.57,Harmful
R00004,2,1,1,7.412,2.5725,0.4554,1.915,1,3.055,19.759,0,1,0,0,52.4,pump,25.93,13.94,0.4777,1,0,3.11,82.99,Harmful
R00005,4,3,1,29.177,-0.2181,2.0629,0.856,1,5.248,18.797,0,1,1,0,67.1,door,13.4,11.6,0.9459,1,0,6.829,97.48,Inconsistent
R00006,1,3,2,47.571,1.138,1.6832,0.654,1,17.1,20.935,1,0,0,0,51.5,door,22.37,16.67,0.5139,1,0,-9.413,87.2,Protective
R00007,3,2,1,40.793,-0.3567,-0.9522,1.678,0,-14.393,17.986,0,0,0,0,63.5,valve,11.81,15.15,0.563,0,0,-3.023,74.28,Ineffective
R00008,1,4,3,43.603,0.3694,0.7216,1.419,1,-12.255,18.584,0,0,0,0,189.9,fan,55.49,12.47,0.6698,1,0,7.033,83.56,Harmful
R00009,1,2,1,27.156,1.5643,-1.1473,1.05,1,9.893,20.699,1,0,0,0,179.9,door,33.02,3.53,0.653,1,1,0.414,84.11,Ineffective
R00010,3,2,1,17.922,0.1445,1.4218,0.811,0,21.186,20.544,1,0,0,0,306.8,door,57.99,16.44,0.7282,1,0,-17.03,85.78,Protective
R00011,4,1,3,34.248,1.3132,0.6242,2.606,1,-8.888,18.937,0,0,0,0,57.7,damper,40.72,16.96,0.736,1,0,4.117,92.29,Harmful
R00012,3,1,2,16.24,-0.0157,1.7488,2.955,1,-18.528,17.494,1,1,0,1,35.3,pump,12.13,18.09,0.692,0,0,0.592,14.49,Inconsistent
R00013,4,3,1,44.943,0.6259,0.2906,1.196,1,-4.751,18.635,0,0,0,0,57.9,damper,18.62,3.83,0.7565,0,0,2.186,88.29,Harmful
R00014,3,1,2,15.833,-0.8695,-1.9563,2.155,0,-15.2,19.349,0,0,0,0,53.1,door,36.59,19.5,0.6481,1,1,-8.247,88.15,Protective
R00015,4,3,1,21.019,0.6009,3.0374,2.624,1,5.967,18.017,1,0,0,0,95.5,valve,10.43,9.88,0.943,1,1,4.284,94.74,Harmful
R00016,3,4,1,32.86,-0.2188,0.0311,0.275,0,-16.198,17.765,0,0,0,1,52.8,door,40.6,5.92,0.5488,1,0,-4.415,47.95,Ineffective
R00017,1,3,2,31.769,1.7443,-1.1002,2.743,0,14.594,19.126,0,1,0,0,238.7,pump,53.7,14.79,0.6831,1,1,-4.02,91.73,Ineffective
R00018,4,3,1,38.047,0.5406,1.5458,1.598,1,3.189,17.704,0,0,0,0,195.5,pump,25.94,15.94,0.6244,1,1,-4.975,100.0,Ineffective
R00019,2,4,2,29.059,-2.2256,1.9359,1.759,0,15.061,20.498,0,0,0,0,569.2,fan,51.97,2.01,0.8225,0,0,3.55,75.42,Ineffective
R00020,3,2,1,55.571,2.1951,0.1976,1.712,1,-36.35,17.297,1,0,0,0,254.0,valve,56.22,7.85,0.4624,1,0,20.77,87.35,Harmful
R00021,2,4,2,51.196,1.2493,0.3008,0.88,1,-26.372,20.95,1,1,0,0,53.7,pump,22.7,10.43,0.4857,0,0,1.038,88.33,Harmful
R00022,1,4,3,53.351,0.669,0.638,2.39,1,19.39,19.152,0,1,0,0,477.8,valve,33.6,17.28,0.6838,1,0,8.524,79.25,Harmful
R00023,4,2,2,39.623,-0.5372,-1.211,2.251,0,-10.793,20.934,1,0,0,0,262.1,damper,25.68,2.36,0.1716,0,1,-2.977,75.93,Ineffective
R00024,4,3,1,39.925,-0.1469,-0.2907,0.468,1,-21.996,20.006,1,0,0,0,119.8,valve,24.26,15.53,0.4472,0,0,-7.439,91.78,Protective
R00025,3,4,1,38.506,2.738,2.1819,1.776,1,-3.04,17.612,1,0,0,0,37.1,damper,10.46,18.77,0.8857,1,0,8.185,94.3,Harmful
R00026,2,3,1,28.919,-0.0482,-0.2322,2.88,0,3.635,17.91,1,0,1,1,81.1,door,21.53,18.95,0.7502,0,0,-18.0,46.19,Inconsistent
R00027,4,1,3,22.716,-0.9378,-0.4376,2.639,1,-2.37,17.428,0,0,0,0,180.4,fan,49.66,6.05,0.7679,1,0,-2.483,92.29,Ineffective
R00028,3,2,1,37.56,0.2277,-0.552,1.953,0,7.02,19.916,1,0,1,0,152.2,damper,54.97,13.11,0.46,1,0,-12.796,83.67,Inconsistent
R00029,2,3,1,6.404,1.1062,0.9728,0.756,0,4.988,17.675,0,0,0,1,73.3,fan,24.67,10.58,0.8673,1,1,3.579,60.29,Ineffective
R00030,2,3,1,5.41,0.0564,-2.0759,1.172,0,4.202,19.858,0,0,0,0,268.2,damper,11.78,13.09,0.7414,1,0,1.808,81.29,Ineffective
R00031,1,4,3,51.84,-1.0016,0.1546,0.621,0,20.226,20.438,0,0,0,0,366.6,damper,47.55,11.84,0.7069,1,0,1.201,89.44,Ineffective
R00032,1,3,2,7.553,-1.0911,2.3622,2.501,0,-0.213,18.647,0,0,0,1,188.1,door,45.12,18.28,0.7718,1,1,-0.874,23.4,Inconsistent
R00033,3,4,1,33.864,-0.1173,2.4311,2.38,1,-0.654,19.644,0,0,0,0,35.8,pump,24.17,15.19,0.7813,0,0,4.389,96.96,Harmful
R00034,4,1,3,38.824,1.4217,0.4732,2.749,0,12.042,20.581,0,0,0,0,73.8,fan,50.72,11.83,0.9461,0,0,-5.895,95.09,Protective
R00035,1,2,1,15.899,-0.1717,1.2164,0.378,0,8.29,20.013,0,0,0,0,326.7,valve,47.89,19.95,0.6727,0,1,-14.369,86.3,Protective
R00036,4,3,1,54.265,-1.7787,1.2068,2.901,0,-13.543,17.523,1,0,0,0,362.6,fan,14.63,18.9,0.9018,0,0,4.763,79.97,Ineffective
R00037,4,2,2,15.455,0.2841,-0.2259,2.906,0,-1.382,18.17,1,0,0,1,209.1,fan,34.35,4.69,0.7964,0,1,-1.668,25.76,Inconsistent
R00038,2,1,1,53.648,0.941,1.3248,2.088,1,6.573,19.143,1,0,0,0,258.3,valve,18.37,13.44,0.9618,1,1,7.338,99.33,Harmful
R00039,3,4,1,46.964,0.3511,2.1886,2.669,1,-8.802,18.057,0,0,0,0,45.2,valve,18.4,18.85,0.5883,1,0,6.122,84.8,Harmful
R00040,1,3,2,18.241,-0.2204,-0.8638,1.428,1,-8.088,19.024,0,0,0,0,90.5,fan,28.73,17.21,0.8341,1,0,2.758,86.26,Harmful
R00041,4,1,3,13.291,-0.2639,0.9767,1.078,1,-20.872,20.811,0,0,0,0,176.0,door,17.92,18.09,0.8835,1,1,3.904,95.85,Harmful
R00042,3,1,2,22.393,0.9866,0.2615,0.632,0,-43.242,18.813,0,1,1,0,81.7,door,51.49,13.1,0.7113,1,1,2.871,87.58,Inconsistent
R00043,2,4,2,26.887,0.1475,0.0032,0.288,0,-5.611,18.047,0,0,0,0,59.8,door,32.21,3.41,0.8374,1,1,-4.498,98.13,Ineffective
R00044,1,4,3,18.518,1.2786,0.4146,0.318,1,1.909,17.586,0,0,0,0,128.7,door,53.57,2.31,0.7002,1,0,6.083,100.0,Harmful
R00045,4,2,2,59.939,1.0448,0.6317,2.136,1,-16.431,20.604,0,0,0,0,55.7,valve,37.38,7.43,0.2842,1,1,-0.518,80.07,Ineffective
R00046,2,1,1,17.631,0.2277,0.2156,1.142,0,20.668,17.919,1,1,0,0,91.0,damper,40.03,13.09,0.5959,0,0,-2.837,84.89,Ineffective
R00047,4,2,2,50.685,0.3316,1.5186,0.351,1,-15.701,17.774,0,0,0,0,49.6,valve,38.49,18.66,0.6031,0,0,11.128,81.72,Harmful
R00048,3,4,1,13.751,-0.3058,0.3765,0.514,0,13.688,19.205,0,1,0,0,63.1,fan,19.23,9.1,0.4502,1,1,-1.417,79.33,Ineffective
R00049,4,3,1,58.913,1.0649,-0.2779,2.063,0,6.28,18.847,0,0,0,1,80.3,damper,16.82,13.28,0.8252,1,1,-1.019,27.44,Inconsistent
R00050,4,2,2,17.404,2.2146,-0.4399,2.828,1,32.645,18.543,0,0,0,1,86.4,damper,24.96,11.6,0.6771,1,0,5.465,34.17,Inconsistent
R00051,1,2,1,28.193,-0.4221,-0.0724,1.342,1,8.098,19.315,1,1,0,0,139.3,valve,43.53,6.25,0.595,1,1,8.622,93.58,Harmful
R00052,2,1,1,35.721,-0.3083,0.1612,2.377,0,-21.694,19.278,0,1,0,0,156.3,door,53.25,7.65,0.523,1,1,-11.08,82.47,Protective
R00053,2,1,1,11.616,1.6393,-0.3061,2.926,1,15.815,17.274,0,0,0,0,96.7,pump,17.7,8.72,0.8144,0,1,4.973,97.08,Harmful
R00054,2,3,1,49.925,1.7821,0.8459,2.183,0,25.464,18.66,0,0,0,0,134.0,pump,14.14,15.76,0.8495,1,1,-2.751,96.19,Ineffective
R00055,1,4,3,20.108,2.582,0.8301,2.224,1,-26.583,19.884,0,0,0,0,142.8,valve,52.33,14.03,0.7609,0,1,5.02,94.29,Harmful
R00056,3,2,1,35.21,0.0042,1.5435,1.925,1,9.587,18.527,0,0,0,1,50.9,fan,27.93,10.54,0.4226,0,1,4.497,13.48,Inconsistent
R00057,1,4,3,35.23,2.075,-0.2388,2.937,1,12.905,20.991,1,0,0,0,87.2,door,22.61,19.84,0.7157,1,1,-1.626,97.09,Ineffective
R00058,3,4,1,38.145,-0.0414,-0.9311,1.039,0,-3.192,17.942,1,0,0,0,127.2,fan,10.42,7.37,0.7118,1,0,0.761,96.81,Ineffective
R00059,3,1,2,8.052,0.9444,1.0361,2.392,0,-36.329,18.985,0,0,0,0,38.7,pump,20.04,15.2,0.7074,1,0,1.674,93.55,Ineffective
R00060,4,2,2,14.274,0.6883,0.03,1.362,0,-4.439,19.696,1,0,0,0,292.0,fan,12.12,3.99,0.7025,0,1,4.097,77.68,Ineffective
R00061,3,1,2,13.866,-0.464,0.1975,0.635,1,-8.716,19.191,1,0,0,0,31.2,valve,44.63,10.13,0.7734,1,0,0.183,100.0,Ineffective
R00062,2,4,2,21.613,0.45,0.5987,2.27,0,22.947,17.156,0,0,0,0,293.0,fan,13.44,16.01,0.7017,1,1,-0.162,82.13,Ineffective
R00063,4,2,2,12.97,1.8057,1.0614,2.522,1,-1.329,19.055,0,0,0,0,188.1,door,47.58,10.61,0.526,1,0,12.716,90.96,Harmful
R00064,2,4,2,55.706,-0.1202,-1.3558,2.618,0,-6.185,20.866,1,1,0,0,50.6,valve,44.31,12.54,0.6915,0,1,-4.799,94.38,Ineffective
R00065,2,1,1,33.212,-0.3463,1.2846,2.781,0,-8.798,18.627,0,0,0,0,116.3,door,11.66,10.6,0.6171,1,1,-2.584,81.58,Ineffective
R00066,4,2,2,39.297,-0.7717,-0.0104,2.286,1,4.886,17.465,0,1,0,0,20.0,valve,59.62,6.06,0.8559,0,0,1.363,98.55,Harmful
R00067,2,3,1,24.662,0.5836,1.6,1.677,0,0.853,17.085,0,1,0,0,76.5,damper,58.96,17.68,0.5042,1,1,-11.965,82.51,Protective
R00068,1,2,1,20.194,1.0087,-0.9335,2.828,1,-11.849,18.649,0,0,0,0,152.5,damper,57.37,13.95,0.9169,1,0,9.618,90.87,Harmful
R00069,2,1,1,32.675,-0.1222,0.7174,0.787,1,3.96,17.741,0,0,0,0,154.4,pump,22.29,15.38,0.6983,1,0,9.514,98.64,Harmful
R00070,4,3,1,21.188,0.4742,0.2144,0.416,1,-8.359,20.339,0,0,0,0,276.0,pump,43.41,19.08,0.7169,0,0,15.548,78.23,Harmful
R00071,1,3,2,23.901,0.0545,-2.0752,1.409,0,-38.884,20.809,1,0,0,0,103.6,door,32.41,14.46,0.6561,0,0,-1.924,89.87,Ineffective
R00072,2,3,1,29.901,0.2414,1.0582,1.83,1,10.02,20.762,0,0,0,0,171.7,fan,26.69,3.17,0.717,1,1,11.886,95.96,Harmful
R00073,1,4,3,32.815,-0.0973,-2.0239,2.104,0,8.598,18.498,0,0,0,1,371.9,valve,31.23,13.33,0.5193,0,0,-3.664,19.71,Inconsistent
R00074,3,4,1,59.137,-0.9499,0.1083,2.483,1,2.996,18.819,0,1,0,0,207.8,damper,44.79,11.09,0.8296,0,0,6.495,85.18,Harmful
R00075,2,4,2,17.283,1.2494,1.0043,0.275,0,-6.637,18.26,1,0,0,0,26.8,door,15.42,5.99,0.8811,1,1,-2.256,100.0,Ineffective
R00076,2,3,1,31.839,-0.0841,-0.63,2.446,0,-1.081,17.516,0,0,0,0,226.8,damper,32.22,12.68,0.6438,1,0,-12.536,82.57,Protective
R00077,1,2,1,13.223,-0.2994,-0.5037,1.88,1,12.289,19.236,1,0,0,1,57.7,fan,56.83,14.11,0.7138,0,0,7.858,39.01,Inconsistent
R00078,3,2,1,24.25,-2.5597,0.7004,2.868,0,-9.477,17.745,0,0,0,0,47.4,damper,40.55,12.06,0.5483,1,1,-13.324,73.33,Protective
R00079,3,1,2,44.452,0.9291,-0.3495,1.174,0,12.895,17.238,0,0,0,0,246.6,door,55.87,4.76,0.9228,1,0,-7.611,99.55,Protective
R00080,4,1,3,14.595,1.3581,-0.0051,1.928,1,-22.123,20.398,0,0,1,0,76.7,valve,11.29,13.43,0.6999,0,1,-0.638,95.31,Inconsistent
R00081,2,4,2,36.974,1.0107,1.675,2.346,1,2.522,20.194,0,0,0,0,117.0,pump,38.4,2.45,0.6242,0,1,7.923,92.72,Harmful
R00082,1,2,1,27.919,1.6636,-0.7673,1.646,1,0.386,20.705,0,0,0,1,118.6,valve,44.86,4.87,0.8816,1,0,2.684,15.39,Inconsistent
R00083,4,2,2,7.837,0.7609,-0.5596,0.637,0,15.04,18.31,0,0,0,0,43.8,fan,26.92,16.37,0.536,1,1,-4.264,79.65,Ineffective
R00084,3,1,2,56.319,0.0944,0.7664,0.339,0,-13.784,20.483,0,0,0,0,118.2,door,16.18,10.82,0.9946,1,0,-2.541,100.0,Ineffective
R00085,3,1,2,27.748,-0.3542,-1.3319,0.512,0,-12.147,18.594,0,0,0,0,132.8,fan,14.49,12.63,0.7564,0,0,-1.529,92.29,Ineffective
R00086,1,4,3,48.116,-0.5171,1.6753,1.586,0,-20.917,17.291,1,0,0,0,266.5,damper,37.01,8.11,0.7743,1,0,-4.834,100.0,Ineffective
R00087,2,3,1,27.897,0.3209,-0.3168,1.991,0,-8.501,18.831,1,0,0,0,196.3,pump,19.63,12.19,0.9669,1,0,-7.271,99.25,Protective
R00088,4,1,3,56.555,2.197,1.2745,1.797,1,3.831,19.215,0,0,0,0,25.4,door,12.5,2.68,0.7198,1,1,2.363,86.23,Harmful
R00089,4,2,2,20.976,0.6971,1.2724,2.196,1,-26.968,18.728,0,0,0,0,184.3,damper,51.5,2.43,0.4617,1,0,10.493,75.71,Harmful
R00090,2,1,1,27.673,1.3765,-0.2523,0.309,0,-6.644,20.142,0,0,0,0,168.5,door,50.24,18.27,0.7877,0,0,-18.662,92.94,Protective
R00091,4,2,2,46.738,1.1732,-0.079,0.582,1,9.162,18.407,0,0,0,0,167.7,fan,47.35,7.15,0.8129,1,0,9.602,96.38,Harmful
R00092,4,1,3,23.902,1.1807,0.357,2.331,1,-1.543,20.684,0,0,0,0,231.3,valve,37.38,16.46,0.8162,1,0,-0.365,98.17,Ineffective
R00093,2,1,1,25.04,2.3051,0.6127,2.387,0,1.128,17.297,1,0,0,0,78.1,damper,35.81,11.29,0.5809,1,1,1.851,90.48,Ineffective
R00094,4,2,2,59.715,1.5527,-1.0864,2.166,0,-22.591,19.882,0,0,0,0,101.0,door,37.47,3.35,0.5955,1,0,-4.568,83.27,Ineffective
R00095,2,3,1,35.559,1.5786,-1.3033,2.287,0,-1.501,20.716,1,0,0,0,129.0,fan,48.63,3.13,0.7201,1,1,-6.114,87.12,Protective
R00096,1,3,2,42.916,0.0024,1.8842,2.898,1,0.43,19.213,0,1,0,0,197.8,valve,43.03,3.12,0.5775,0,1,2.877,76.55,Harmful
R00097,3,4,1,40.39,2.0922,-0.8349,2.844,0,-2.456,20.515,0,0,0,0,186.2,fan,17.21,11.04,0.9329,1,0,-7.024,100.0,Protective
R00098,3,2,1,50.536,0.7178,0.7541,2.005,1,2.292,19.767,0,0,0,0,55.1,fan,27.4,8.01,0.7066,1,0,13.555,91.84,Harmful
R00099,1,2,1,52.4,0.5725,0.1978,1.094,1,-4.637,17.058,0,0,0,0,89.1,valve,44.17,19.6,0.8625,1,0,13.145,72.84,Harmful
R00100,4,2,2,35.979,-2.2592,-0.2579,0.24,0,-6.841,19.685,1,0,0,0,274.4,damper,37.55,3.94,0.6825,1,0,-3.774,90.06,Ineffective
R00101,1,3,2,21.201,0.2263,1.3304,1.969,0,-15.597,19.626,1,0,0,0,182.4,valve,56.58,9.14,0.6383,1,0,4.794,86.63,Ineffective
R00102,4,1,3,6.254,-1.1834,-0.1852,1.408,0,14.617,17.0,0,1,0,1,64.4,damper,23.93,2.25,0.8841,0,1,0.65,35.43,Inconsistent
R00103,1,3,2,38.792,0.3083,-0.4568,0.612,0,-18.4,18.637,0,0,0,0,122.5,valve,46.11,13.05,0.8259,1,0,-9.074,94.72,Protective
R00104,4,1,3,50.401,-1.2616,-0.3697,0.803,0,2.369,17.155,0,0,0,0,54.2,damper,45.55,3.7,0.7916,1,0,0.425,95.29,Ineffective
R00105,4,2,2,29.78,2.5977,-0.1035,2.822,1,27.198,18.172,0,0,0,1,118.6,pump,47.78,14.25,0.7178,1,1,2.07,58.5,Harmful
R00106,4,3,1,14.059,1.3516,-0.2701,0.385,1,16.522,20.946,1,0,0,0,84.7,door,42.11,14.94,0.6428,1,1,5.426,92.09,Harmful
R00107,3,2,1,20.845,2.1799,-0.5994,2.405,0,7.64,20.761,0,0,0,0,115.9,fan,54.4,19.75,0.6684,1,1,-21.348,91.39,Protective
R00108,2,3,1,33.049,-1.123,1.5632,2.726,0,3.746,19.739,0,1,0,0,253.1,valve,49.06,5.98,0.859,1,1,-3.874,88.1,Ineffective
R00109,3,4,1,51.017,2.3492,1.1115,2.127,1,-1.917,18.467,1,0,0,0,27.2,door,50.78,13.82,0.691,1,0,28.397,98.34,Harmful
R00110,2,4,2,14.446,-1.0027,0.0548,0.372,1,-13.52,18.586,0,1,0,0,116.2,door,32.29,7.5,0.7683,0,1,0.834,77.48,Ineffective
R00111,4,3,1,38.668,1.0081,1.3817,2.568,1,-3.807,17.153,0,0,0,1,75.5,door,13.49,7.48,0.8041,0,0,6.287,52.03,Harmful
R00112,3,2,1,46.435,0.1684,-1.1872,2.029,1,8.623,18.353,0,0,0,0,125.8,fan,37.34,17.42,0.5491,0,1,-16.328,77.99,Protective
R00113,2,3,1,56.483,-0.548,1.2757,0.976,0,5.846,20.138,1,0,0,0,289.6,door,33.98,18.03,0.4119,1,0,-11.734,77.18,Protective
R00114,3,4,1,11.419,0.2835,1.6952,1.963,1,11.831,19.077,1,0,0,0,54.0,fan,56.43,6.84,0.8414,1,0,13.571,98.78,Harmful
R00115,3,4,1,55.952,-0.1147,2.6363,0.582,1,18.295,18.907,1,0,0,0,248.4,damper,43.88,12.77,0.9483,1,1,17.782,90.7,Harmful
R00116,1,2,1,38.081,-1.3597,0.9116,2.181,0,-2.377,17.364,0,0,0,0,83.4,valve,49.57,15.32,0.5097,1,0,-11.852,84.34,Protective
R00117,1,3,2,47.169,0.3576,0.8372,2.728,1,2.878,20.676,1,0,0,0,23.2,door,44.93,8.11,0.8256,1,1,5.557,100.0,Harmful
R00118,1,4,3,7.958,0.916,1.6911,1.661,1,-28.486,18.132,0,0,0,0,432.7,valve,41.82,4.77,0.7379,0,1,1.285,74.94,Harmful
R00119,1,2,1,32.838,1.9637,-0.2258,2.866,1,33.843,18.532,0,1,0,0,295.7,pump,55.68,16.7,0.725,1,0,16.085,91.82,Harmful
R00120,2,1,1,39.245,1.0954,0.0046,1.427,1,-6.208,18.323,0,1,0,0,233.2,valve,13.36,11.41,0.7655,1,0,0.094,87.52,Ineffective
R00121,3,1,2,21.876,1.9665,0.3358,2.601,1,9.775,18.315,0,0,0,1,448.1,valve,53.69,7.0,0.5788,0,0,7.101,31.41,Inconsistent
R00122,3,1,2,28.741,-0.6782,1.7689,2.366,1,-6.218,19.397,0,0,1,0,182.1,fan,50.2,2.5,0.8376,0,1,16.051,86.29,Inconsistent
R00123,2,1,1,35.486,0.367,-0.4559,0.448,1,-6.566,19.508,1,0,0,0,53.4,door,59.66,17.44,0.701,1,1,20.764,95.13,Harmful
R00124,4,1,3,35.39,1.511,-0.5621,2.755,1,-3.555,19.394,0,0,0,0,335.8,fan,16.79,10.01,0.397,1,0,11.288,80.59,Harmful
R00125,3,2,1,7.302,1.1432,0.6365,2.749,1,-18.677,17.274,1,0,0,1,84.9,damper,52.13,11.98,0.7681,1,1,1.741,2.93,Inconsistent
R00126,1,2,1,29.171,-0.0612,1.1175,1.184,1,-37.203,20.878,0,0,0,0,100.8,door,22.21,4.41,0.8546,1,0,4.019,96.23,Harmful
R00127,4,2,2,16.76,0.8341,-0.8031,2.422,0,17.395,19.856,0,0,0,0,88.5,valve,13.09,3.49,0.8519,1,0,-1.389,98.75,Ineffective
R00128,3,2,1,55.418,0.2687,1.0704,0.829,1,8.186,20.531,1,0,0,1,139.7,damper,22.57,8.41,0.5525,1,1,4.347,18.77,Inconsistent
R00129,3,1,2,58.712,0.0226,1.7684,0.285,1,-13.738,17.639,0,0,0,0,25.1,damper,17.45,6.12,0.8224,0,0,2.463,100.0,Harmful
R00130,3,4,1,21.481,0.3869,1.1005,0.782,0,6.779,20.728,0,0,0,0,73.8,fan,24.33,2.62,0.8628,0,0,-5.676,86.06,Protective
R00131,3,1,2,14.635,0.8062,0.7533,1.555,1,12.359,19.887,0,0,0,1,218.2,damper,55.75,5.17,0.8529,1,0,4.613,16.76,Inconsistent
R00132,1,3,2,17.073,0.2771,0.3094,0.362,1,-10.395,19.003,1,0,0,0,94.6,door,42.79,13.77,0.6296,1,1,1.995,84.38,Harmful
R00133,3,4,1,31.276,-0.6569,1.6356,0.648,0,6.178,17.093,0,0,0,0,232.9,door,38.55,6.52,0.6141,0,0,-11.125,79.31,Protective
R00134,4,3,1,53.098,-1.1698,-0.0846,2.861,0,15.102,18.013,1,0,0,0,86.4,pump,53.6,19.38,0.8137,1,1,-24.314,95.67,Protective
R00135,2,3,1,32.502,0.4043,1.3404,1.583,1,-21.575,20.355,0,0,0,0,90.4,pump,54.94,18.22,0.7956,0,1,25.179,98.09,Harmful
R00136,3,1,2,8.047,1.0,1.8583,2.505,0,8.001,18.517,0,0,0,0,107.6,damper,58.18,8.22,0.7921,1,0,-2.11,83.87,Ineffective
R00137,1,3,2,7.194,0.1446,0.7353,0.779,0,5.466,19.713,1,1,0,0,288.4,pump,53.85,16.24,0.9131,1,1,3.825,87.71,Ineffective
R00138,2,3,1,17.507,1.7586,-0.5971,0.448,1,28.207,19.923,0,0,0,0,25.9,door,50.91,5.23,0.5693,0,1,9.152,86.27,Harmful
R00139,2,1,1,51.352,1.3161,-0.839,2.386,1,8.356,20.103,0,0,0,0,43.3,damper,11.61,10.37,0.7127,0,1,5.411,94.78,Harmful
R00140,4,2,2,39.181,0.1878,0.1024,1.177,1,-6.163,18.529,0,0,0,0,259.7,valve,37.86,9.72,0.6847,1,1,4.859,77.79,Harmful
R00141,1,2,1,35.963,-1.7491,0.6095,1.487,0,-4.428,20.639,0,0,0,0,613.5,door,29.61,17.71,0.5362,0,0,-12.101,65.54,Protective
R00142,2,4,2,22.543,-0.1269,0.8448,2.978,1,30.351,18.169,0,0,0,0,84.1,fan,13.14,9.29,0.986,1,0,2.547,97.61,Harmful
R00143,2,4,2,56.118,0.1288,2.6071,1.086,1,-5.323,20.344,0,0,0,0,307.8,valve,14.54,4.93,0.8279,1,0,2.937,90.59,Harmful
R00144,4,2,2,23.215,0.0514,0.8351,1.525,1,8.792,18.699,0,0,0,0,34.0,pump,31.43,14.58,0.5086,1,0,4.912,92.81,Harmful
R00145,4,3,1,50.922,0.881,-0.4274,1.977,0,-3.576,17.937,0,0,0,0,35.2,damper,57.28,13.53,0.8119,1,0,-25.72,100.0,Protective
R00146,1,3,2,54.275,1.7706,-0.7333,0.449,1,16.219,18.374,1,0,0,0,83.8,fan,32.72,7.8,0.9439,0,0,10.603,92.29,Harmful
R00147,1,4,3,31.583,3.0119,1.5804,2.206,1,16.96,20.198,1,0,0,0,107.9,fan,48.65,15.35,0.6695,0,0,5.685,83.86,Harmful
R00148,4,2,2,54.186,0.0363,0.3939,1.465,1,-0.34,19.459,0,0,0,0,294.7,door,20.61,13.52,0.7279,0,0,6.736,89.81,Harmful
R00149,1,3,2,20.224,1.4974,-1.6061,0.69,0,-6.101,17.547,0,0,0,0,413.0,damper,21.8,4.78,0.7399,0,0,0.193,85.45,Ineffective
R00150,4,1,3,41.214,2.3913,0.4223,1.406,1,-6.459,17.496,0,0,0,1,24.5,door,52.14,5.64,0.6469,0,1,6.675,58.65,Harmful
R00151,2,4,2,9.838,-0.3323,-1.0957,1.49,0,-25.909,19.749,1,1,0,0,48.2,pump,24.51,13.92,0.9421,1,1,0.899,94.72,Ineffective
R00152,4,1,3,31.066,1.2736,-0.0256,1.994,1,1.508,17.958,0,0,0,0,140.2,pump,42.46,12.8,0.9697,0,1,6.078,90.31,Harmful
R00153,2,1,1,16.953,2.0407,0.4062,2.824,1,1.206,17.835,1,1,0,0,39.4,damper,10.12,2.63,0.8712,1,0,-4.664,100.0,Ineffective
R00154,2,1,1,8.452,0.7411,-0.5052,2.342,1,-12.242,19.998,0,1,0,1,330.8,valve,11.4,6.6,0.9383,1,0,3.281,43.27,Inconsistent
R00155,3,2,1,5.205,0.6636,-0.0876,1.271,1,-27.522,18.291,0,0,0,0,39.7,damper,33.74,3.67,0.6627,1,1,4.386,98.12,Harmful
R00156,1,4,3,22.861,0.1727,-0.3441,2.915,1,3.094,17.273,0,0,0,0,86.9,damper,39.48,19.53,0.7347,0,0,4.501,91.77,Harmful
R00157,3,4,1,37.424,-2.46,-0.8173,2.414,0,4.989,18.699,1,1,0,0,245.6,damper,13.94,10.7,0.7048,0,1,-5.503,88.18,Protective
R00158,3,4,1,30.038,0.8705,-0.608,0.278,1,5.92,19.277,0,0,0,1,73.4,damper,49.39,11.12,0.7804,0,1,4.92,27.4,Inconsistent
R00159,4,3,1,21.597,-0.8099,-0.5828,0.526,0,-14.849,19.406,0,0,0,0,344.1,damper,13.27,4.64,0.4631,1,0,-6.734,73.57,Protective
R00160,4,2,2,59.516,-0.2753,-0.4947,0.81,1,5.952,17.234,0,1,0,0,623.7,damper,42.95,10.43,0.7598,0,0,1.154,85.97,Harmful
R00161,3,4,1,56.674,0.3222,0.4866,0.434,0,-2.679,18.814,0,0,0,1,87.5,valve,43.71,19.35,0.4569,1,0,-5.389,45.28,Protective
R00162,2,3,1,11.911,-0.6513,0.6008,1.559,1,12.967,18.438,0,0,0,0,24.4,valve,31.96,17.57,0.5457,1,0,6.592,98.38,Harmful
R00163,2,1,1,27.831,1.6061,1.5947,1.154,1,-14.622,18.796,0,0,0,0,164.3,door,33.12,10.67,0.9166,1,0,14.185,100.0,Harmful
R00164,2,4,2,40.687,1.2836,2.2867,2.924,1,17.253,17.167,1,1,0,0,158.2,fan,10.12,17.85,0.7409,0,1,4.952,88.84,Harmful
R00165,4,1,3,45.342,-0.5002,0.5773,1.524,0,22.65,18.182,0,0,0,0,178.8,door,36.71,9.59,0.6818,1,0,-4.818,91.32,Ineffective
R00166,2,1,1,25.15,-0.1633,0.3496,0.794,0,1.741,19.574,0,1,1,1,32.0,door,25.11,13.02,0.8589,0,1,-0.792,28.93,Inconsistent
R00167,1,2,1,46.045,-1.2902,0.6403,2.918,0,6.055,17.504,0,0,0,0,376.4,door,21.34,8.88,0.8171,1,1,-6.7,83.57,Protective
R00168,2,4,2,11.828,0.6503,0.3666,1.639,0,11.758,20.837,0,0,0,0,32.4,door,15.4,14.25,0.6975,0,1,-3.878,92.0,Ineffective
R00169,1,2,1,23.25,0.9874,0.4502,0.405,1,-15.386,20.976,0,0,0,0,47.6,pump,40.67,14.63,0.5637,1,1,9.352,89.81,Harmful
R00170,1,3,2,44.404,1.0618,0.3707,0.426,1,-7.294,18.442,0,0,0,0,77.9,valve,52.79,3.87,0.8331,1,0,4.742,88.17,Harmful
R00171,1,3,2,39.413,1.3019,-0.6217,2.091,1,2.763,19.724,1,0,0,0,85.2,door,16.25,18.17,0.723,1,1,4.902,94.18,Harmful
R00172,4,3,1,51.047,-0.7424,0.7389,1.585,0,30.403,19.541,0,0,0,1,28.3,door,46.45,6.51,0.7939,0,0,-10.651,48.41,Protective
R00173,3,1,2,7.577,-0.7191,0.3687,1.948,1,-17.942,17.669,0,0,0,0,500.9,damper,34.01,15.72,0.553,1,0,1.898,71.95,Harmful
R00174,3,4,1,14.592,1.7573,1.8495,2.579,1,24.566,18.553,1,0,0,0,78.9,damper,10.5,18.96,0.4726,0,1,9.253,79.1,Harmful
R00175,2,3,1,7.667,0.5887,0.8151,2.108,0,-2.898,20.923,1,0,0,0,176.0,fan,34.47,7.28,0.8633,0,1,-3.571,92.42,Ineffective
R00176,3,4,1,15.566,0.2646,-0.226,2.613,1,-0.517,17.511,0,0,0,0,62.1,pump,52.29,19.55,0.8127,1,0,12.115,95.26,Harmful
R00177,1,3,2,5.236,0.3091,1.1467,2.28,0,18.271,19.301,0,1,0,0,109.5,door,57.89,15.94,0.8335,0,1,1.454,89.14,Ineffective
R00178,4,1,3,32.732,2.058,-2.1607,2.088,1,30.322,19.397,0,0,0,0,40.6,door,33.34,15.2,0.6879,0,1,0.377,100.0,Ineffective
R00179,3,1,2,34.057,1.0387,1.8302,0.577,0,6.343,17.67,0,1,0,0,59.6,door,32.49,3.91,0.8056,1,1,2.606,100.0,Ineffective
R00180,4,3,1,41.184,-0.6646,-1.4384,1.552,0,17.471,19.141,1,0,0,0,148.0,door,27.18,10.34,0.7899,1,0,-15.634,100.0,Protective
R00181,1,4,3,26.17,-1.5888,0.3951,1.413,0,-13.805,20.67,1,1,0,0,37.4,damper,28.93,10.52,0.8395,1,0,-0.337,92.35,Ineffective
R00182,2,4,2,5.176,-0.5172,0.8274,1.714,1,-7.942,17.463,0,0,0,0,58.1,door,33.8,18.11,0.6904,0,0,1.21,87.59,Harmful
R00183,3,2,1,42.064,0.4883,1.5237,1.295,1,-20.287,17.759,0,0,0,1,61.8,damper,13.98,10.83,0.604,0,0,4.998,38.66,Inconsistent
R00184,2,1,1,7.986,2.2623,0.0713,1.937,1,-7.734,18.023,0,0,0,0,152.5,valve,42.4,8.94,0.9695,1,0,15.24,100.0,Harmful
R00185,2,4,2,52.639,0.0716,-1.7455,1.299,1,8.479,20.004,0,0,0,0,357.7,damper,27.84,9.64,0.8411,1,0,5.939,82.16,Harmful
R00186,1,4,3,6.246,-0.6963,-0.4273,1.761,0,3.182,19.309,1,0,1,0,95.8,damper,43.03,19.35,0.8871,1,1,-0.989,99.24,Inconsistent
R00187,2,3,1,34.176,0.1831,0.1808,1.306,1,25.907,19.014,1,0,0,1,102.4,valve,41.63,13.05,0.656,0,0,-1.306,20.68,Inconsistent
R00188,1,4,3,54.22,0.2683,-1.6492,2.725,1,30.821,20.168,0,0,0,0,28.0,pump,54.31,10.97,0.5528,0,1,4.299,96.44,Harmful
R00189,2,3,1,36.487,0.7888,0.4454,1.246,1,-2.048,20.913,1,1,0,0,280.2,door,24.06,15.75,0.7351,1,1,5.996,93.53,Harmful
R00190,3,2,1,38.463,-1.3801,-1.1759,2.247,0,-10.195,17.784,0,1,0,0,92.3,valve,56.78,7.06,0.8704,0,0,-4.134,97.3,Ineffective
R00191,3,2,1,42.489,1.8844,1.0491,1.918,1,17.401,20.248,0,0,0,0,100.6,damper,42.96,17.4,0.6914,1,1,20.136,87.95,Harmful
R00192,3,1,2,11.732,0.6552,0.1539,1.279,1,18.963,18.48,0,0,0,0,92.1,pump,41.09,13.22,0.376,0,0,11.196,88.52,Harmful
R00193,2,3,1,42.121,3.2791,2.3611,2.461,1,6.619,17.584,1,0,0,0,159.3,valve,37.75,6.76,0.724,0,1,13.52,100.0,Harmful
R00194,4,2,2,53.42,-0.3736,0.1438,2.797,1,10.583,18.026,0,0,0,0,302.2,damper,20.21,3.76,0.3593,1,1,1.721,78.95,Harmful
R00195,1,3,2,58.582,1.4899,0.3304,2.329,0,8.237,18.597,0,0,0,1,118.3,fan,10.36,11.04,0.8185,0,0,1.343,43.72,Inconsistent
R00196,2,1,1,29.368,2.1913,0.1869,2.856,1,-14.831,20.597,0,1,0,0,150.5,valve,37.89,15.73,0.798,1,1,8.582,82.09,Harmful
R00197,1,4,3,23.948,-0.5117,-1.7233,1.422,0,-18.279,18.914,1,0,0,0,395.1,pump,55.74,7.89,0.8819,1,1,-2.69,83.27,Ineffective
R00198,2,4,2,46.432,-0.4951,-0.3047,2.758,0,-0.764,19.457,1,0,0,0,42.5,valve,52.37,19.34,0.8984,1,1,-6.709,91.84,Protective
R00199,4,3,1,34.858,-1.0213,0.6534,2.653,0,-3.014,17.133,0,0,1,0,39.1,pump,13.86,11.64,0.7312,0,1,-5.497,88.96,Inconsistent
R00200,2,4,2,19.152,-1.0098,0.502,2.335,0,4.154,17.256,0,0,1,0,43.1,pump,25.54,17.31,0.7132,1,0,1.462,100.0,Inconsistent
R00201,4,2,2,14.469,-0.1006,-0.3933,2.539,0,-1.968,20.753,0,0,0,0,331.3,fan,33.9,4.23,0.8932,0,1,-3.143,87.12,Ineffective
R00202,2,1,1,14.363,0.8207,-1.0568,2.244,1,-25.549,20.353,1,0,0,0,105.2,door,34.42,11.82,0.4826,0,0,10.228,86.39,Harmful
R00203,3,2,1,30.255,-0.8024,1.0445,1.634,1,-31.683,18.959,0,0,0,0,20.3,damper,19.26,19.6,0.7114,0,1,3.244,91.91,Harmful
R00204,2,4,2,14.357,2.1935,0.3195,1.747,0,11.061,17.802,1,0,0,0,59.7,damper,44.12,9.82,0.9495,0,1,6.729,100.0,Harmful
R00205,2,4,2,6.085,-0.3595,0.7434,1.37,0,-9.942,17.161,1,0,0,0,158.8,damper,34.23,16.01,0.8051,1,1,9.084,88.1,Harmful
R00206,4,3,1,7.865,0.8656,0.1259,2.06,1,-3.482,20.901,1,0,0,0,181.0,pump,52.98,14.69,0.8548,1,1,2.551,82.22,Harmful
R00207,4,3,1,56.144,0.1738,-1.2844,1.109,1,-8.37,17.023,0,0,0,1,155.3,pump,22.54,8.13,0.6932,0,0,3.631,32.12,Inconsistent
R00208,2,4,2,9.013,0.533,0.9338,2.271,1,-13.696,17.951,1,0,0,0,382.7,fan,55.47,16.94,0.8677,0,0,12.634,90.66,Harmful
R00209,4,1,3,9.025,0.4421,0.3909,1.614,1,-14.098,19.736,0,0,0,0,68.4,fan,51.26,9.97,0.6623,1,1,7.605,96.94,Harmful
R00210,2,3,1,29.815,0.7971,1.7917,1.189,1,15.298,20.752,1,0,0,0,552.8,pump,30.72,8.92,0.7711,1,0,-4.197,89.88,Ineffective
R00211,3,4,1,18.481,0.7854,0.4287,0.612,1,-3.587,17.468,0,0,0,0,129.3,valve,50.48,13.94,0.7048,1,0,14.204,84.26,Harmful
R00212,4,2,2,57.948,1.6049,0.3545,0.915,1,9.521,20.096,1,0,0,0,59.7,damper,41.74,5.85,0.6499,1,0,10.303,91.9,Harmful
R00213,2,4,2,55.104,0.1272,0.3173,1.993,0,11.536,18.327,0,0,0,0,123.1,damper,32.67,18.33,0.6604,0,0,-4.928,83.61,Ineffective
R00214,3,2,1,27.261,0.6043,-0.6969,1.236,0,4.748,19.719,1,0,0,0,97.8,pump,35.57,3.2,0.7054,1,1,-0.041,74.73,Ineffective
R00215,2,3,1,29.68,-0.1098,-0.7451,0.293,0,12.031,17.387,0,0,0,0,59.6,door,37.43,18.15,0.5852,0,1,-14.289,84.5,Protective
R00216,1,4,3,25.631,0.1313,-0.1979,1.123,0,0.215,20.459,1,0,0,0,554.4,door,21.38,11.74,0.6165,1,0,-1.292,73.05,Ineffective
R00217,1,3,2,7.083,0.5587,-0.5204,1.226,1,20.457,19.829,0,1,0,0,34.1,door,17.66,14.04,0.6956,1,1,8.914,96.99,Harmful
R00218,2,3,1,21.107,1.8031,0.1709,0.856,1,12.351,20.822,0,0,0,0,80.9,fan,49.34,19.23,0.6855,1,1,16.391,88.81,Harmful
R00219,4,2,2,11.747,0.2226,1.8396,1.002,0,14.347,19.01,0,0,0,0,224.2,valve,14.34,19.3,0.8293,0,1,0.317,95.37,Ineffective
R00220,1,2,1,10.63,-0.2581,0.9426,2.174,0,-14.078,20.551,1,1,0,0,79.5,damper,44.45,17.35,0.7078,1,1,-3.761,95.39,Ineffective
R00221,2,1,1,35.847,-0.2879,0.208,2.29,0,3.949,19.162,1,0,0,0,30.8,damper,53.96,15.75,0.904,1,0,-18.428,88.69,Protective
R00222,3,2,1,10.432,-0.2092,1.4517,2.885,0,-27.525,19.051,1,0,0,0,247.1,door,31.82,12.24,0.7571,1,0,7.617,81.06,Harmful
R00223,1,4,3,10.661,-0.0696,-0.9249,0.531,0,21.015,17.378,0,0,0,0,99.2,damper,48.74,6.06,0.8128,0,0,-8.308,96.21,Protective
R00224,3,1,2,31.428,-0.1564,2.3904,1.073,0,-9.35,20.257,1,0,0,0,240.0,pump,53.21,9.92,0.7928,1,1,-1.661,80.52,Ineffective
R00225,2,4,2,29.326,-0.6588,-0.5605,0.416,0,-7.271,18.649,0,0,0,0,80.1,fan,24.16,12.42,0.7308,1,1,-8.473,86.21,Protective
R00226,4,1,3,12.57,0.6649,1.9038,1.917,0,-20.51,19.4,0,0,0,0,144.9,pump,22.52,6.38,0.6365,1,0,1.776,95.44,Ineffective
R00227,3,2,1,5.245,1.6281,2.3994,0.246,1,-0.544,19.603,1,0,0,0,107.2,damper,36.57,12.85,0.3994,0,0,10.384,81.55,Harmful
R00228,3,4,1,15.614,2.5839,-1.3532,0.775,1,-4.024,20.099,0,0,0,0,88.5,fan,55.4,12.13,0.7625,1,1,18.624,78.18,Harmful
R00229,1,2,1,17.974,0.1964,1.8671,1.844,1,27.34,19.301,0,0,0,0,164.6,fan,44.73,14.92,0.8853,0,0,7.337,83.56,Harmful
R00230,2,3,1,49.014,1.4664,0.1161,1.204,1,12.889,19.48,1,0,0,0,274.3,damper,19.18,13.36,0.737,0,0,3.525,95.82,Harmful
R00231,4,2,2,55.349,-2.0091,-0.668,1.724,0,-7.72,19.083,0,1,0,0,221.6,pump,30.01,17.57,0.5788,1,1,-8.022,89.15,Protective
R00232,1,2,1,27.327,1.629,0.9246,1.993,1,-24.993,19.456,1,1,0,0,53.1,door,38.98,9.55,0.7886,1,1,10.77,89.8,Harmful
R00233,4,1,3,27.276,-0.6566,-0.6079,2.549,1,-34.255,18.777,0,1,0,0,91.2,door,28.59,12.38,0.7874,1,0,0.833,94.23,Ineffective
R00234,2,4,2,44.186,-1.0843,0.402,1.3,0,-15.394,20.106,0,0,0,0,114.6,door,19.62,12.89,0.6856,0,1,-5.012,96.02,Protective
R00235,3,2,1,39.481,1.1322,-0.5408,0.981,1,-19.968,20.242,0,1,0,0,58.7,fan,50.58,8.26,0.6431,1,0,12.375,83.37,Harmful
R00236,3,1,2,15.128,-0.7215,0.0771,1.709,0,5.229,19.068,1,0,0,0,30.9,pump,44.47,13.91,0.7726,0,0,-7.597,96.93,Protective
R00237,2,1,1,10.923,0.0416,1.7354,0.395,1,-2.174,17.587,1,0,0,0,146.3,door,49.29,7.95,0.3987,1,0,7.123,75.69,Harmful
R00238,2,1,1,29.069,0.3152,0.7865,0.317,1,0.26,18.494,1,0,0,0,454.9,pump,18.11,16.0,0.5073,1,0,6.774,80.65,Harmful
R00239,3,2,1,36.066,1.5296,0.0402,1.466,1,-14.234,20.36,0,0,0,0,135.6,valve,17.66,18.34,0.741,1,1,9.15,98.03,Harmful
R00240,1,3,2,12.629,-0.1329,0.9414,0.811,1,2.28,20.667,0,0,0,0,187.2,door,14.78,6.55,0.9055,1,0,-0.045,100.0,Ineffective
R00241,3,2,1,21.13,0.7458,-1.0065,0.22,1,-21.306,18.068,0,0,0,0,57.3,fan,42.77,12.53,0.7285,1,0,10.791,90.55,Harmful
R00242,1,4,3,21.827,0.4213,-0.4389,2.102,1,-1.324,20.764,0,0,0,0,409.1,fan,55.14,17.5,0.5316,0,0,3.778,84.36,Harmful
R00243,3,2,1,19.371,1.6199,-0.0303,2.485,1,12.454,18.107,0,0,0,0,335.8,fan,52.68,12.51,0.985,0,0,13.956,95.54,Harmful
R00244,3,1,2,30.342,1.6479,1.1869,0.614,1,-5.481,20.676,0,0,0,1,23.8,pump,22.96,9.57,0.7316,1,0,2.34,21.79,Inconsistent
R00245,1,2,1,40.918,-1.9353,0.3058,1.779,0,6.655,20.742,1,0,0,0,23.4,fan,26.83,14.49,0.6324,1,0,1.641,81.24,Ineffective
R00246,4,2,2,33.016,1.8451,0.9352,2.955,1,-29.653,19.019,0,0,0,1,83.5,fan,34.0,9.24,0.5954,1,1,6.16,54.55,Harmful
R00247,2,1,1,16.08,0.1892,0.3726,0.953,1,-30.856,20.802,1,0,0,0,73.1,valve,10.97,10.61,0.7338,0,0,1.963,91.57,Harmful
R00248,4,3,1,10.662,1.0363,-0.3881,2.246,1,4.909,19.197,0,0,0,0,100.1,valve,43.63,19.87,0.8257,0,0,10.602,91.81,Harmful
R00249,1,3,2,50.203,-1.0389,1.3881,0.654,0,15.705,18.516,0,0,0,0,46.1,damper,20.88,8.83,0.599,1,0,0.356,92.65,Ineffective
R00250,1,2,1,31.362,0.2711,-0.7978,2.81,0,-3.574,20.241,0,0,0,0,44.0,door,50.71,18.33,0.8285,0,0,20.019,100.0,Harmful
R00251,2,4,2,8.418,2.4513,0.319,0.201,0,32.178,17.434,0,0,0,0,78.3,valve,35.8,15.36,0.6685,1,0,-1.438,75.49,Ineffective
R00252,1,4,3,19.197,0.0272,-0.2121,1.025,0,-21.651,17.867,0,0,0,0,169.4,pump,17.75,9.57,0.6582,1,1,-1.984,100.0,Ineffective
R00253,2,4,2,49.222,0.3402,0.963,2.934,1,-10.2,17.853,0,1,0,1,365.0,pump,47.48,18.24,0.4501,1,1,-1.274,7.48,Inconsistent
R00254,3,1,2,46.345,-0.3322,-0.7055,2.078,0,2.101,19.488,1,0,0,0,254.1,pump,50.42,4.71,0.6776,1,0,-3.782,87.03,Ineffective
R00255,1,3,2,53.17,-0.669,1.4527,0.793,1,6.966,19.835,1,1,0,0,54.2,valve,52.76,19.16,0.8674,0,0,7.951,88.66,Harmful
R00256,3,4,1,38.115,1.349,1.2783,2.416,0,-8.759,20.35,0,0,0,0,213.3,valve,15.29,14.72,0.4329,1,0,2.282,70.03,Ineffective
R00257,1,2,1,28.26,1.1129,1.3913,2.715,1,-15.889,20.599,0,0,0,0,30.9,fan,33.51,11.84,0.5332,0,1,17.545,90.87,Harmful
R00258,1,4,3,28.465,-0.2489,0.5576,1.564,1,9.304,20.5,0,0,0,0,36.1,pump,12.59,10.06,0.9407,1,0,-3.719,95.29,Ineffective
R00259,3,4,1,15.67,-1.1163,-0.5351,0.637,0,1.999,19.728,1,0,0,0,174.1,door,57.92,18.74,0.7206,1,0,-19.226,84.99,Protective
R00260,4,3,1,40.794,-0.0847,2.7221,0.924,0,-5.169,20.659,1,0,0,0,201.2,pump,33.35,16.58,0.8724,1,1,1.312,86.23,Ineffective
R00261,1,2,1,37.179,0.832,-1.0916,2.841,0,7.482,18.102,1,0,0,0,140.4,damper,48.16,11.89,0.9259,1,1,-10.29,82.2,Protective
R00262,2,4,2,13.518,-0.351,1.2812,0.651,1,-2.045,19.901,0,0,0,0,356.7,door,22.5,16.67,0.366,1,0,4.76,75.22,Harmful
R00263,4,2,2,53.711,1.9134,0.7328,1.073,1,-2.096,17.307,1,0,0,0,391.8,pump,20.51,12.06,0.9069,1,0,5.985,89.88,Harmful
R00264,4,3,1,25.266,0.7084,0.3375,0.608,1,-2.649,17.501,0,0,0,0,48.1,door,34.08,15.1,0.5335,1,1,15.7,92.18,Harmful
R00265,3,2,1,7.736,-0.1302,0.5852,0.496,1,-12.316,17.904,0,0,0,1,85.0,pump,40.4,13.47,0.8501,1,0,1.894,36.71,Inconsistent
R00266,2,4,2,23.033,0.3323,-0.1102,1.662,1,-13.841,17.411,1,0,0,0,178.2,pump,23.63,5.51,0.5327,1,1,0.125,84.62,Ineffective
R00267,2,4,2,52.842,2.5486,0.8271,1.311,1,-7.886,20.863,0,0,0,0,155.3,door,27.42,5.91,0.6827,0,1,8.57,80.97,Harmful
R00268,3,2,1,55.433,-1.4882,0.2168,0.329,0,0.481,18.865,1,0,0,0,102.4,door,30.77,15.0,0.7957,0,0,-17.542,99.08,Protective
R00269,3,1,2,31.972,0.0681,3.0777,0.607,1,-28.069,20.627,0,0,0,0,173.9,valve,10.5,7.04,0.8243,1,1,2.052,89.25,Harmful
R00270,2,3,1,57.599,0.8526,0.9708,0.305,0,14.171,18.907,1,0,0,0,62.9,pump,22.01,18.08,0.7249,1,1,8.755,93.11,Harmful
R00271,1,3,2,53.138,0.1165,0.4159,0.269,0,0.277,19.799,0,0,1,0,127.7,door,48.66,11.58,0.3007,0,0,-12.595,74.57,Inconsistent
R00272,1,2,1,50.388,-0.8912,0.4756,0.7,0,-15.976,18.287,0,0,0,0,150.4,pump,50.65,4.5,0.8114,1,1,-5.478,98.07,Protective
R00273,4,2,2,52.284,1.7648,2.2395,2.282,1,24.249,20.803,1,0,0,0,102.6,fan,46.82,15.79,0.7953,1,0,19.211,100.0,Harmful
R00274,2,4,2,26.003,1.8123,-0.5704,0.241,1,0.627,17.14,0,0,0,0,503.9,door,16.97,15.49,0.8086,1,1,-2.096,79.91,Ineffective
R00275,2,3,1,46.606,1.1314,0.2173,1.053,1,-20.027,19.79,0,0,0,0,900.0,valve,17.09,13.71,0.6756,0,1,6.208,83.14,Harmful
R00276,2,3,1,36.754,-0.7124,-2.0071,1.781,0,23.576,20.802,0,0,0,0,28.8,fan,25.53,18.36,0.5607,0,0,-17.95,95.36,Protective
R00277,4,3,1,44.583,0.3417,0.9588,2.282,1,20.323,20.153,1,0,0,0,29.4,pump,20.7,15.43,0.4229,0,1,4.548,99.31,Harmful
R00278,1,3,2,14.778,1.0847,1.2482,2.098,1,-13.632,20.31,1,0,0,1,41.9,door,11.13,15.9,0.7948,0,0,3.953,31.3,Inconsistent
R00279,1,2,1,45.227,-1.4119,-1.0956,2.968,0,-4.845,18.197,1,0,0,0,119.0,door,21.07,11.08,0.797,0,0,-10.91,92.5,Protective
R00280,2,1,1,57.668,1.2278,1.3351,0.972,0,-6.864,18.807,1,0,0,0,39.1,fan,34.27,15.76,0.8149,0,0,-10.679,86.01,Protective
R00281,2,1,1,21.646,1.6002,-0.8189,0.2,0,-28.342,17.545,1,0,0,1,29.9,pump,40.4,9.69,0.6593,1,1,1.058,37.54,Inconsistent
R00282,3,2,1,59.239,0.564,0.0575,0.307,1,4.87,18.506,0,0,0,0,28.1,fan,14.48,10.09,0.9375,0,1,1.386,86.69,Harmful
R00283,2,1,1,25.811,0.2561,0.0196,0.473,0,12.677,17.034,0,0,0,0,149.0,pump,28.78,12.81,0.7867,1,1,-1.597,98.59,Ineffective
R00284,2,1,1,15.985,1.9858,1.9942,2.931,1,9.853,20.115,0,0,0,0,180.6,valve,28.83,15.62,0.8152,1,1,9.594,93.24,Harmful
R00285,4,2,2,11.176,2.7556,-0.4582,1.796,1,0.491,20.812,1,0,0,1,166.3,door,16.65,3.65,0.7148,0,0,2.299,43.78,Inconsistent
R00286,1,2,1,48.173,1.457,0.1912,2.438,0,14.132,19.803,0,1,0,0,393.6,fan,57.39,10.72,0.3592,0,0,-7.635,73.79,Protective
R00287,3,2,1,35.515,-1.8355,0.6748,2.958,0,-17.03,20.241,1,1,0,0,211.6,valve,59.68,2.24,0.7469,0,1,-5.664,98.46,Protective
R00288,3,4,1,21.892,0.4844,0.9685,2.564,1,27.274,19.054,1,0,0,0,180.0,pump,15.66,11.03,0.6285,1,0,0.166,89.79,Ineffective
R00289,2,3,1,38.465,1.3007,1.0054,1.341,1,-11.581,17.767,0,1,0,0,435.4,valve,23.66,9.79,0.8803,0,0,7.138,87.21,Harmful
R00290,4,3,1,23.266,0.3058,1.1615,2.652,1,-9.915,19.883,0,0,0,0,266.2,valve,10.58,3.11,0.8413,1,0,1.122,87.71,Harmful
R00291,2,1,1,29.66,1.6828,-0.6547,1.415,0,-8.628,18.197,0,0,0,0,20.1,pump,49.47,8.38,0.4928,1,1,-10.215,88.21,Protective
R00292,4,2,2,52.447,1.5294,1.5878,0.519,0,-9.722,18.838,0,0,0,0,97.6,damper,30.95,7.08,0.8195,0,1,1.94,99.22,Ineffective
R00293,2,1,1,41.749,-0.0159,0.2889,1.735,1,-2.891,20.603,0,0,0,0,341.4,damper,59.08,18.07,0.7541,1,0,20.408,90.05,Harmful
R00294,3,2,1,46.932,0.6376,0.1562,2.764,1,-3.472,18.492,1,0,0,0,55.1,damper,34.77,9.89,0.6812,1,1,12.348,83.84,Harmful
R00295,3,2,1,37.092,-0.8496,1.2476,2.397,0,1.945,18.157,0,0,0,0,49.5,damper,13.42,3.58,0.4047,0,1,-3.505,87.81,Ineffective
R00296,4,1,3,59.527,-0.2951,-0.7306,1.325,0,-12.28,17.127,1,0,0,0,189.8,damper,51.03,9.2,0.7681,0,1,-2.922,83.84,Ineffective
R00297,2,4,2,18.278,0.5746,0.7203,2.594,1,2.499,19.806,0,0,0,0,273.8,pump,49.18,13.56,0.7241,1,1,7.894,87.58,Harmful
R00298,2,3,1,19.426,0.8543,-0.8228,1.5,0,-16.356,17.861,1,0,0,0,97.8,damper,20.07,18.5,0.7053,1,1,-1.522,76.87,Ineffective
R00299,1,4,3,10.091,-0.9885,2.4192,2.117,0,10.987,19.558,1,0,0,0,204.5,damper,19.08,17.71,0.8826,1,0,-3.453,90.43,Ineffective
R00300,2,3,1,35.471,-1.8167,2.7087,1.133,1,10.801,18.466,1,0,0,0,73.2,fan,56.67,9.91,0.6581,1,0,-18.859,85.79,Protective
R00301,4,3,1,38.735,-1.7045,-0.2102,0.745,0,-0.087,20.151,0,0,0,1,135.9,door,59.77,13.4,0.6343,1,0,-6.329,13.36,Inconsistent
R00302,1,2,1,44.928,-1.1283,0.4199,1.078,0,-9.745,20.56,1,0,0,0,102.3,fan,45.81,19.41,0.7498,0,0,-23.218,89.18,Protective
R00303,4,2,2,23.45,0.1443,0.4052,2.65,1,4.667,17.943,1,0,0,0,102.8,valve,18.55,4.68,0.8966,0,0,5.65,100.0,Harmful
R00304,3,4,1,5.674,0.0872,-0.4486,2.971,0,-13.315,20.169,1,1,0,0,174.9,door,19.89,17.9,0.9354,0,0,-7.65,89.71,Protective
R00305,1,4,3,39.773,-1.1798,0.0196,0.939,0,0.518,17.611,0,0,0,0,127.9,pump,43.31,17.24,0.792,1,0,-4.691,82.28,Ineffective
R00306,2,4,2,59.928,-0.4111,0.3594,0.663,1,-2.277,17.564,1,0,0,1,320.1,door,14.28,18.46,0.5714,1,0,-1.804,25.03,Inconsistent
R00307,3,2,1,21.2,-0.1294,-1.1207,0.399,1,39.449,18.714,0,0,0,0,366.0,fan,19.96,19.4,0.5767,0,1,4.217,78.86,Harmful
R00308,2,3,1,15.116,-1.2157,0.163,2.311,0,-18.406,18.298,0,0,0,0,181.2,valve,10.43,4.96,0.8474,0,1,-6.094,100.0,Protective
R00309,1,3,2,20.497,0.2455,0.3577,1.678,1,-40.01,20.949,1,0,0,0,378.2,door,37.05,12.09,0.7392,1,1,4.684,78.36,Harmful
R00310,3,2,1,28.398,0.2027,0.7122,1.757,1,-9.564,20.216,0,0,1,0,38.4,fan,40.82,4.98,0.662,1,0,16.418,98.38,Inconsistent
R00311,3,2,1,18.8,1.4891,0.3225,0.327,1,-25.733,20.561,0,0,0,0,423.9,door,58.45,6.87,0.7826,0,1,12.661,91.35,Harmful
R00312,1,2,1,24.083,-1.0895,-0.4603,0.427,0,-10.9,17.544,0,0,0,0,88.6,fan,14.79,16.3,0.6787,1,0,-9.43,96.11,Protective
R00313,2,4,2,40.101,-0.4576,0.7749,2.761,0,-19.464,19.856,0,0,0,0,20.9,pump,55.82,17.83,0.4162,0,0,-5.998,89.24,Protective
R00314,1,3,2,23.977,-0.645,0.4331,1.815,0,-13.568,19.417,0,1,0,0,99.5,door,25.25,10.23,0.9731,1,0,-2.846,100.0,Ineffective
R00315,3,1,2,26.783,0.7089,1.296,0.814,0,-15.974,17.397,0,0,0,0,155.2,damper,54.07,15.46,0.4186,1,1,-3.891,81.42,Ineffective
R00316,3,1,2,7.202,0.6457,0.8947,0.781,1,14.444,20.175,0,0,0,0,144.2,door,43.89,5.68,0.5436,1,0,5.45,84.19,Harmful
R00317,3,4,1,55.487,1.8507,0.2024,0.875,1,-0.728,20.415,0,0,0,0,40.7,valve,26.5,10.15,0.6732,1,0,9.604,96.46,Harmful
R00318,4,3,1,27.379,-1.2524,0.5168,0.379,0,16.132,20.656,1,0,0,1,167.9,pump,54.22,2.07,0.9883,0,0,-2.906,68.81,Ineffective
R00319,4,1,3,23.048,0.7506,-1.5806,0.339,1,0.607,20.759,0,1,0,0,124.7,fan,39.8,16.02,0.7799,0,0,-0.006,100.0,Ineffective
R00320,2,3,1,9.757,-0.6759,2.0037,2.216,0,13.929,17.431,0,0,0,0,97.3,fan,42.69,6.8,0.7504,1,1,-9.829,93.2,Protective
R00321,1,4,3,39.88,-0.426,0.6744,0.939,1,-4.532,20.529,1,0,0,0,54.4,fan,54.58,2.62,0.844,0,1,4.004,89.96,Harmful
R00322,3,2,1,52.51,0.7325,2.5845,1.277,1,23.918,20.781,1,1,0,0,95.3,damper,32.72,8.33,0.8065,1,0,11.854,92.58,Harmful
R00323,4,2,2,7.263,1.6329,-0.9693,1.705,0,7.065,19.763,1,1,0,1,175.2,damper,15.63,8.44,0.7611,0,1,-2.721,26.18,Inconsistent
R00324,4,3,1,12.99,-0.0529,-0.7176,1.096,1,-11.697,17.735,0,0,0,0,45.5,pump,14.04,14.95,0.9273,1,0,8.681,97.22,Harmful
R00325,1,3,2,13.051,0.6725,0.7658,1.541,1,9.287,18.603,0,0,0,0,159.0,damper,26.16,8.59,0.8767,1,0,0.865,93.51,Ineffective
R00326,1,3,2,38.125,-0.5122,0.7625,2.622,1,0.406,17.36,0,0,0,0,191.7,valve,52.88,7.42,0.8861,1,0,6.575,95.26,Harmful
R00327,1,2,1,55.668,-0.6592,0.7382,0.883,1,-3.038,17.017,1,0,0,0,81.2,door,57.5,2.15,0.8516,0,1,17.664,97.52,Harmful
R00328,1,2,1,29.077,0.0127,0.5858,2.416,1,1.44,20.68,1,1,0,0,187.9,door,38.18,16.07,0.8547,0,0,3.329,94.74,Harmful
R00329,3,1,2,23.909,-0.55,-0.7281,0.939,0,11.269,20.889,0,0,0,0,113.9,pump,38.52,3.32,0.8321,0,0,-6.697,83.65,Protective
R00330,3,1,2,47.121,0.3944,-1.0854,0.723,1,-31.763,20.677,0,0,0,0,54.6,valve,22.36,8.17,0.7546,0,0,6.154,87.7,Harmful
R00331,2,1,1,45.841,-0.326,0.1832,0.403,0,-5.264,18.016,1,0,1,0,132.7,pump,54.15,6.43,0.8245,0,1,21.246,85.75,Inconsistent
R00332,2,4,2,18.572,-1.7483,-1.3826,2.116,0,10.24,19.484,1,0,0,0,75.8,pump,29.53,19.19,0.8135,1,0,-12.523,98.52,Protective
R00333,4,3,1,13.845,0.1741,-0.977,1.353,1,3.723,18.999,1,0,0,0,212.6,pump,34.12,12.91,0.6794,1,0,1.687,74.06,Harmful
R00334,2,4,2,24.68,1.3018,0.0194,2.357,1,-16.896,18.984,0,0,0,0,291.5,damper,58.0,2.52,0.6734,0,0,3.997,94.61,Harmful
R00335,4,1,3,47.658,-1.4582,0.3307,0.571,0,-35.516,18.713,1,1,0,0,24.3,damper,49.83,14.16,0.6139,1,0,-6.757,94.5,Protective
R00336,4,3,1,43.228,-0.4551,1.8878,1.889,0,25.514,20.765,0,0,0,0,122.2,valve,48.19,17.89,0.6998,1,0,-13.958,91.66,Protective
R00337,2,4,2,41.622,0.1928,0.8793,0.236,0,-2.806,20.164,0,0,0,0,24.6,door,32.56,14.03,0.6314,1,0,-4.056,82.85,Ineffective
R00338,1,3,2,50.619,0.0177,1.8332,0.855,1,22.711,20.387,0,0,1,0,76.1,pump,17.22,11.42,0.7457,1,0,-8.095,91.91,Inconsistent
R00339,4,2,2,20.242,0.2415,0.5537,1.907,0,11.924,17.138,0,0,0,1,25.5,valve,27.44,7.88,0.5231,0,0,5.114,1.5,Inconsistent
R00340,3,4,1,23.683,-1.6211,0.2669,0.357,0,-11.904,18.648,0,0,1,1,51.8,door,31.65,13.14,0.9873,1,0,-13.272,41.01,Inconsistent
R00341,2,4,2,7.329,0.7884,2.4058,1.256,0,-37.522,19.392,0,0,0,0,478.1,damper,49.88,2.74,0.9228,1,0,3.193,87.84,Ineffective
R00342,3,1,2,52.781,1.1658,-0.9229,1.773,1,-6.932,19.635,0,0,0,0,95.3,pump,48.46,6.05,0.9357,0,0,-0.863,100.0,Ineffective
R00343,3,1,2,37.034,-0.0443,-0.5132,2.237,0,-0.559,20.58,0,0,0,0,90.2,pump,56.01,18.57,0.732,1,1,-12.717,100.0,Protective
R00344,4,1,3,21.397,1.9248,0.0648,2.176,1,6.76,17.668,0,0,0,0,103.2,damper,13.59,14.79,0.6602,1,1,0.769,91.25,Ineffective
R00345,2,4,2,8.818,-0.4293,0.7936,0.615,0,-16.663,17.36,1,0,0,0,42.0,valve,32.07,3.7,0.6748,1,0,5.079,97.05,Ineffective
R00346,4,2,2,44.788,0.1821,-0.5788,0.41,1,2.67,20.573,1,0,0,1,219.0,valve,51.52,14.07,0.6888,0,1,0.451,30.83,Inconsistent
R00347,4,2,2,46.181,1.2725,0.6634,1.254,0,2.665,19.026,0,0,0,0,63.2,pump,33.38,18.19,0.8427,0,0,-1.399,84.54,Ineffective
R00348,1,2,1,41.64,2.6408,0.9796,0.874,1,14.789,19.157,1,0,0,0,460.5,door,21.58,14.07,0.7799,1,0,-0.385,82.75,Ineffective
R00349,1,3,2,16.208,-0.7934,0.7133,1.056,0,-4.602,20.56,0,0,0,0,81.5,damper,49.89,12.63,0.9609,1,1,-4.481,96.69,Ineffective
R00350,3,4,1,55.227,0.6863,1.1952,1.159,1,6.641,19.999,0,0,0,0,55.7,valve,12.53,10.91,0.9457,1,1,4.832,100.0,Harmful
R00351,1,3,2,46.424,1.845,1.9383,1.312,1,4.327,19.923,0,0,0,0,107.2,valve,28.1,12.64,0.7374,1,0,7.768,93.08,Harmful
R00352,2,3,1,41.177,-0.1781,-0.1492,1.652,0,13.134,17.744,1,0,1,0,68.7,fan,44.32,17.68,0.8332,1,0,-25.949,95.85,Inconsistent
R00353,2,4,2,40.802,0.4946,0.4302,0.226,0,-12.299,19.486,0,1,0,0,50.0,fan,18.01,7.69,0.732,0,0,0.422,83.02,Ineffective
R00354,4,3,1,54.74,1.5804,-0.3365,1.034,1,-46.063,18.8,1,1,1,0,305.0,valve,51.94,15.9,0.3319,1,0,5.167,71.71,Inconsistent
R00355,4,3,1,56.057,-0.6623,-1.0648,0.94,0,-3.553,19.444,1,0,0,0,90.9,door,29.87,13.54,0.5359,0,1,-22.054,91.15,Protective
R00356,1,4,3,37.76,1.2193,2.1648,0.861,1,-3.464,19.303,0,0,0,0,262.1,damper,29.05,4.35,0.6925,1,1,8.929,86.59,Harmful
R00357,4,3,1,27.917,-0.1062,-0.9121,2.408,0,-17.363,17.105,1,0,0,0,33.0,pump,57.46,6.3,0.8999,0,1,8.637,94.35,Harmful
R00358,1,2,1,25.005,-1.3169,0.5413,0.904,0,-22.621,18.376,0,0,0,0,44.4,pump,17.34,17.91,0.9587,0,1,-0.293,96.53,Ineffective
R00359,3,1,2,50.049,-1.0897,0.431,0.623,0,-8.621,18.831,1,0,0,0,151.6,pump,31.82,7.84,0.6392,1,1,2.292,94.28,Ineffective
R00360,4,2,2,40.453,-0.7524,1.075,2.585,0,-1.723,19.001,1,0,1,0,34.9,valve,35.56,9.37,0.8212,1,1,-7.984,98.36,Inconsistent
R00361,4,3,1,9.25,1.7285,-1.2582,1.272,1,1.431,17.398,0,0,0,0,21.5,valve,14.84,7.99,0.7546,1,1,4.411,89.38,Harmful
R00362,1,3,2,12.82,1.7614,1.2912,0.715,1,-34.28,20.594,0,0,0,0,49.9,valve,25.78,12.01,0.7868,0,0,5.052,100.0,Harmful
R00363,4,3,1,54.51,0.6499,-0.158,2.303,0,-26.303,18.337,1,0,0,0,261.9,door,36.62,3.19,0.6611,1,1,-3.316,86.08,Ineffective
R00364,1,2,1,53.647,1.2401,-0.1999,2.04,1,16.943,18.958,0,0,0,0,290.7,damper,56.11,9.95,0.8648,1,1,23.029,85.53,Harmful
R00365,3,4,1,57.351,1.2128,0.1492,2.847,1,-2.844,19.655,1,0,0,1,189.4,fan,33.5,11.0,0.3773,1,0,2.907,12.3,Inconsistent
R00366,2,3,1,28.532,0.1776,0.9368,2.658,0,-0.037,19.876,0,0,0,1,24.1,door,37.93,16.66,0.8066,0,0,0.212,23.34,Inconsistent
R00367,2,4,2,48.123,1.2076,1.1312,2.144,1,-19.999,18.512,0,0,0,0,86.2,valve,43.76,5.83,0.7913,0,1,7.567,99.88,Harmful
R00368,1,3,2,50.552,1.2754,0.2721,0.651,1,-0.066,17.516,0,0,0,0,321.7,door,17.29,8.99,0.8848,0,0,2.736,99.46,Harmful
R00369,4,1,3,22.363,-1.5044,-1.2391,1.553,0,-5.635,17.829,0,0,0,0,227.3,pump,17.36,11.48,0.7722,1,0,-3.527,95.39,Ineffective
R00370,2,1,1,12.994,0.0098,-0.6685,0.533,1,-9.278,17.66,1,0,0,0,287.6,valve,33.92,16.57,0.8288,0,0,8.0,92.46,Harmful
R00371,3,2,1,59.836,-0.2289,1.153,1.738,1,-21.928,17.977,0,0,0,0,43.6,pump,41.21,14.63,0.7368,0,0,16.03,85.46,Harmful
R00372,2,4,2,6.662,1.9071,-0.8777,2.767,1,-13.027,19.415,0,0,0,0,412.8,damper,25.87,2.81,0.7873,0,1,0.313,92.5,Ineffective
R00373,2,3,1,37.853,2.4541,0.2818,0.211,1,29.58,19.143,0,0,0,0,30.5,pump,14.07,8.29,0.6221,1,1,5.961,92.12,Harmful
R00374,4,3,1,40.762,-2.269,2.5811,2.653,0,-5.242,17.675,0,0,0,1,110.3,damper,47.77,5.91,0.6934,0,0,-10.485,42.31,Inconsistent
R00375,1,4,3,42.498,1.4648,0.3596,1.71,0,11.844,19.726,0,0,0,0,125.6,door,44.97,4.21,0.7279,1,0,-0.288,92.41,Ineffective
R00376,3,4,1,19.06,-0.0133,0.6422,0.623,0,-2.946,17.255,0,0,0,0,29.0,valve,55.42,6.96,0.6395,1,0,-7.032,89.55,Protective
R00377,3,4,1,44.687,1.8127,-0.661,2.596,1,-4.682,20.638,0,0,1,0,281.6,valve,49.58,12.29,0.4864,1,0,11.86,80.61,Inconsistent
R00378,2,4,2,16.902,1.3065,-0.8273,1.703,1,-9.54,19.265,0,0,0,0,205.0,damper,47.03,16.7,0.8588,1,0,3.161,94.34,Harmful
R00379,2,4,2,50.597,2.2404,1.1958,1.455,1,20.184,19.362,1,0,0,1,125.0,pump,36.14,17.93,0.9863,1,0,7.76,24.24,Inconsistent
R00380,1,2,1,17.051,0.1097,-0.3824,1.599,0,5.596,18.144,0,1,0,0,363.6,valve,56.9,8.04,0.6897,1,1,0.149,74.28,Ineffective
R00381,4,3,1,43.319,-1.4635,1.0736,0.613,0,-11.844,19.047,1,0,0,0,146.9,valve,44.41,6.15,0.304,0,0,-12.481,93.47,Protective
R00382,4,2,2,48.088,0.6943,0.5431,0.516,1,-5.912,18.705,0,0,0,0,106.2,fan,15.58,12.33,0.7636,1,1,4.268,85.89,Harmful
R00383,1,3,2,15.392,0.4157,3.4564,2.052,0,16.139,20.803,1,1,1,0,238.3,pump,48.88,14.0,0.9488,1,0,-1.93,80.84,Inconsistent
R00384,1,2,1,18.089,-0.316,-0.5723,2.665,0,-42.578,17.305,0,0,0,0,61.7,fan,21.25,11.95,0.5637,1,0,-3.604,84.45,Ineffective
R00385,1,4,3,47.851,1.4577,0.7891,2.144,1,4.658,18.835,0,0,0,0,129.7,valve,50.38,16.94,0.5829,1,0,12.39,79.0,Harmful
R00386,1,2,1,9.73,-0.1657,-0.8941,2.554,0,8.064,20.166,1,0,0,0,124.7,pump,59.51,9.12,0.9148,1,0,-12.97,100.0,Protective
R00387,4,3,1,15.492,-0.6955,1.0321,2.565,0,-11.246,19.178,1,0,0,0,105.0,valve,16.51,7.97,0.4895,1,1,-6.393,83.79,Protective
R00388,4,2,2,30.054,-0.286,0.9405,0.29,1,2.319,19.261,0,0,0,1,25.4,fan,14.02,12.2,0.4363,1,0,0.698,29.38,Inconsistent
R00389,1,4,3,56.16,0.4082,-0.4612,2.359,1,7.535,20.645,1,0,0,1,104.1,door,49.04,13.88,0.5232,1,1,4.493,47.1,Harmful
R00390,3,4,1,35.903,0.1046,-0.3173,2.362,0,-18.467,18.503,0,0,0,0,32.9,fan,49.92,8.02,0.8319,1,1,-16.829,79.76,Protective
R00391,1,2,1,26.322,-2.0594,1.3718,1.18,0,12.629,17.008,0,0,0,0,287.6,pump,43.7,6.57,0.6194,1,1,-11.734,91.4,Protective
R00392,2,1,1,58.81,-0.8801,1.2517,1.348,0,4.46,20.703,1,0,0,0,68.1,fan,33.28,19.4,0.6261,1,1,-14.635,80.95,Protective
R00393,3,2,1,30.504,-2.0967,-1.4144,2.287,0,-2.295,17.132,1,0,0,0,30.8,pump,52.9,14.74,0.8203,0,0,-23.011,98.18,Protective
R00394,3,1,2,28.855,-0.7171,-0.466,2.962,0,1.574,20.19,0,0,0,0,50.4,door,43.13,13.04,0.5288,0,0,-11.546,76.84,Protective
R00395,4,1,3,27.64,1.9973,2.3214,2.966,1,10.608,17.558,1,1,0,0,137.2,valve,53.21,7.13,0.7032,1,1,6.155,90.96,Harmful
R00396,1,4,3,22.17,-0.3861,0.3328,1.527,1,34.742,17.083,1,1,0,0,262.0,fan,26.73,18.59,0.6088,1,1,6.849,83.44,Harmful
R00397,1,3,2,22.913,1.5032,0.6834,2.411,1,9.149,18.419,0,1,0,0,105.1,fan,27.06,11.52,0.2558,0,0,2.913,77.54,Harmful
R00398,2,1,1,42.831,2.7488,1.0269,1.505,0,12.159,20.456,0,1,1,0,31.3,damper,40.51,6.86,0.7162,0,1,-3.349,92.04,Inconsistent
R00399,2,1,1,7.246,1.3535,-1.3322,2.625,0,2.903,17.148,0,1,0,0,22.1,damper,44.38,8.51,0.8083,1,0,-1.248,90.58,Ineffective
R00400,4,3,1,42.5,0.0335,-0.9397,2.019,0,28.525,18.051,0,0,0,0,104.1,door,16.69,8.7,0.235,1,0,5.91,62.25,Ineffective
R00401,4,3,1,16.066,1.6584,0.1763,2.823,1,-21.99,18.116,0,0,0,0,171.9,fan,17.94,2.61,0.5941,1,1,8.775,91.31,Harmful
R00402,2,1,1,26.131,-0.5697,1.7046,2.992,1,-26.061,17.379,0,0,0,0,59.6,valve,51.64,9.36,0.5954,0,0,12.542,96.54,Harmful
R00403,4,2,2,13.06,-1.6734,1.0198,1.125,0,2.295,17.37,0,0,0,0,40.7,pump,38.71,6.69,0.9494,1,1,-2.058,99.94,Ineffective
R00404,2,3,1,35.401,0.8287,1.2198,2.942,1,9.902,20.633,0,1,0,0,110.2,pump,21.45,10.14,0.4357,1,0,6.058,73.08,Harmful
R00405,3,1,2,45.114,1.1986,0.3608,2.139,1,-38.619,19.781,0,0,1,0,30.8,pump,26.67,12.09,0.9032,1,0,-10.492,93.91,Inconsistent
R00406,2,1,1,24.506,0.9944,1.1296,0.867,0,-0.052,18.245,0,0,0,0,280.0,pump,50.88,8.04,0.5119,1,1,0.556,83.16,Ineffective
R00407,1,4,3,13.988,-0.6688,-0.1526,0.209,0,-2.707,17.953,1,0,0,0,398.3,fan,20.59,2.55,0.7866,1,0,-1.558,78.64,Ineffective
R00408,4,2,2,17.458,0.0934,0.578,2.115,0,11.162,17.172,0,0,0,0,154.3,door,40.25,18.7,0.722,1,1,-5.719,93.77,Protective
R00409,1,4,3,49.996,0.9591,1.412,0.823,1,6.431,18.435,0,0,0,0,21.5,valve,35.43,4.12,0.966,1,0,7.667,100.0,Harmful
R00410,1,2,1,19.721,0.6686,2.1968,0.848,1,-27.123,18.205,0,0,0,0,141.5,valve,57.77,8.31,0.8533,1,1,12.822,88.09,Harmful
R00411,1,3,2,47.609,0.7275,0.4437,1.746,1,-16.201,20.668,0,0,0,0,114.1,door,48.11,15.09,0.4875,1,0,17.629,93.1,Harmful
R00412,2,4,2,23.216,-0.0547,0.1374,0.287,1,-12.102,17.882,0,0,0,0,71.7,pump,45.83,17.83,0.9725,0,0,11.561,93.84,Harmful
R00413,1,4,3,15.38,1.0797,1.7951,1.366,1,11.084,18.621,1,0,0,0,295.2,fan,47.65,13.63,0.3406,1,0,4.069,75.71,Harmful
R00414,1,2,1,45.002,0.995,1.8719,2.438,1,5.62,19.728,1,1,0,0,84.3,damper,57.36,6.33,0.7993,0,1,13.018,92.99,Harmful
R00415,3,4,1,30.77,-0.54,-0.5434,0.276,0,-9.311,18.285,1,0,0,0,62.4,damper,22.81,13.94,0.757,1,0,-8.807,100.0,Protective
R00416,4,2,2,6.72,1.4658,-0.605,1.947,1,2.168,20.127,0,0,0,0,27.4,door,11.73,9.24,0.8023,1,0,3.475,92.93,Harmful
R00417,1,2,1,57.797,1.8278,1.719,0.643,1,-15.87,19.905,1,0,0,0,223.2,fan,24.49,15.41,0.3833,1,0,20.502,89.07,Harmful
R00418,2,4,2,13.126,1.4774,-1.1417,2.616,1,30.745,17.142,0,0,0,0,284.5,valve,55.61,9.12,0.5477,1,1,3.595,76.4,Harmful
R00419,3,1,2,24.437,-1.1424,-1.6928,1.294,0,8.615,20.423,0,0,0,0,46.8,valve,44.95,3.58,0.9319,1,0,-8.576,100.0,Protective
R00420,4,3,1,26.164,0.8996,0.2317,2.474,1,11.793,18.456,0,1,0,0,118.1,fan,17.79,11.48,0.7938,1,0,2.206,82.59,Harmful
R00421,3,2,1,31.919,-0.1114,0.5024,2.227,1,20.652,17.383,1,0,0,0,171.9,valve,26.99,2.76,0.5763,0,0,-3.108,89.57,Ineffective
R00422,4,1,3,48.199,0.8966,-0.66,2.658,1,15.244,19.793,0,1,0,0,46.7,damper,40.05,13.22,0.6922,1,0,-2.984,88.45,Ineffective
R00423,3,4,1,5.335,-0.1075,0.6219,1.647,1,0.473,19.989,1,0,0,0,128.1,damper,18.15,7.71,0.4888,0,0,1.3,68.14,Harmful
R00424,2,3,1,56.286,1.1772,0.1665,1.561,0,-2.774,17.284,0,0,0,0,57.5,pump,39.94,17.88,0.9425,1,1,-14.259,100.0,Protective
R00425,1,2,1,40.529,1.5833,-0.0804,0.305,1,19.324,18.416,1,0,0,0,23.0,door,13.7,11.02,0.6764,1,0,0.083,95.6,Ineffective
R00426,4,3,1,57.286,1.953,2.4335,1.695,1,0.398,20.582,0,0,1,0,50.8,fan,46.34,2.61,0.5616,1,0,7.949,95.1,Inconsistent
R00427,4,1,3,49.956,0.9517,0.3298,1.662,0,-11.235,19.678,0,0,0,0,388.2,valve,25.02,13.49,0.8082,0,1,0.46,83.18,Ineffective
R00428,1,2,1,56.031,0.5294,1.5285,1.898,1,29.499,19.136,0,0,1,0,594.5,fan,31.37,16.96,0.2141,1,0,5.402,68.03,Inconsistent
R00429,3,2,1,38.055,-0.5256,-1.5562,0.567,0,-14.039,19.016,1,1,0,0,175.0,fan,10.7,2.81,0.7428,0,0,-0.756,95.25,Ineffective
R00430,1,4,3,24.652,2.5417,-1.0648,1.712,1,-26.021,19.434,0,0,0,1,266.0,fan,42.23,15.41,0.6153,0,0,8.212,42.09,Inconsistent
R00431,3,4,1,29.36,-0.2651,0.3601,1.471,0,14.892,19.612,0,1,0,1,84.2,pump,44.3,15.71,0.8075,0,1,-2.005,12.35,Inconsistent
R00432,4,1,3,41.192,-0.5546,2.2549,1.869,1,-10.969,17.275,0,0,0,0,133.2,valve,53.69,14.25,0.6582,0,0,10.159,89.76,Harmful
R00433,1,3,2,28.481,1.8075,-0.6099,2.05,1,6.526,18.337,0,0,0,0,104.7,damper,46.38,10.82,0.8434,1,0,11.467,100.0,Harmful
R00434,2,4,2,45.242,0.9438,0.5434,1.212,1,27.258,19.107,0,0,0,0,66.5,valve,43.82,13.65,0.7241,0,0,7.246,87.87,Harmful
R00435,1,4,3,10.052,1.4059,-1.3351,1.611,0,-20.623,19.921,0,1,1,0,122.0,pump,31.04,10.81,0.6928,1,0,-2.714,88.15,Inconsistent
R00436,3,1,2,50.649,1.043,-0.3186,1.306,1,-0.614,19.971,0,1,0,0,92.6,damper,13.63,8.77,0.3677,1,0,2.794,75.12,Harmful
R00437,4,1,3,16.23,-0.12,0.0931,2.343,0,22.251,19.422,1,0,0,0,205.2,valve,42.23,2.89,0.4605,0,1,0.915,82.88,Ineffective
R00438,1,3,2,56.917,1.4261,-0.5926,2.43,0,10.228,19.346,0,0,0,0,197.3,fan,11.1,10.93,0.6275,1,1,0.603,93.55,Ineffective
R00439,2,4,2,13.555,-0.7385,-0.9055,1.02,1,-2.697,18.471,1,0,0,0,89.6,damper,42.9,16.09,0.9483,1,0,1.397,85.63,Harmful
R00440,4,2,2,12.104,0.2146,-0.9279,0.927,1,35.841,20.339,1,0,0,0,108.3,damper,13.74,2.92,0.4214,0,0,-1.847,81.26,Ineffective
R00441,2,4,2,49.653,-0.0874,-1.486,2.099,1,-1.43,20.666,1,0,0,0,147.6,fan,12.97,2.67,0.7963,0,0,3.758,98.73,Harmful
R00442,1,4,3,50.029,-2.2951,0.3766,2.367,0,5.953,20.385,0,0,0,1,51.8,door,38.36,5.05,0.792,1,0,-5.569,38.63,Inconsistent
R00443,2,1,1,45.632,0.7732,0.4976,0.23,0,24.74,20.488,0,0,0,0,135.4,door,56.01,7.31,0.6833,0,0,-19.34,84.63,Protective
R00444,3,4,1,57.829,0.2426,0.9926,1.397,1,14.713,20.635,0,1,0,0,122.3,valve,46.16,11.0,0.7325,1,0,6.079,86.55,Harmful
R00445,3,1,2,19.88,1.7054,-0.5092,1.062,1,19.826,17.808,1,0,0,0,208.2,damper,45.02,16.92,0.6534,0,1,11.909,91.25,Harmful
R00446,2,1,1,50.466,0.2891,0.906,2.346,0,-13.493,19.056,0,0,0,0,160.4,fan,49.73,2.53,0.7494,0,0,-4.163,91.16,Ineffective
R00447,4,2,2,24.362,1.4071,1.1068,0.602,1,18.423,19.138,0,0,0,0,112.5,door,33.03,16.07,0.9308,1,0,12.184,100.0,Harmful
R00448,3,1,2,34.557,0.3446,0.4073,2.379,1,2.544,18.942,1,0,1,0,61.2,valve,46.49,14.86,0.4621,1,0,11.757,82.2,Inconsistent
R00449,2,3,1,29.508,0.0358,0.2432,2.052,1,-11.187,20.394,1,0,0,0,69.0,valve,33.91,10.99,0.8155,0,1,6.99,94.52,Harmful
R00450,4,1,3,5.322,0.8898,-0.2491,2.56,1,3.329,18.3,0,0,0,0,50.4,valve,57.49,5.46,0.7504,1,1,4.052,92.07,Harmful
R00451,4,3,1,36.595,0.8192,0.0922,2.973,0,2.854,17.645,0,0,0,0,43.2,pump,45.62,3.53,0.6468,0,1,-2.946,93.23,Ineffective
R00452,2,1,1,46.113,-0.1504,1.5172,1.534,0,28.021,18.097,0,0,0,0,72.4,valve,25.09,4.85,0.8119,0,0,-8.909,82.7,Protective
R00453,1,4,3,14.6,0.0981,1.5379,2.158,1,5.719,17.573,1,0,0,0,137.2,valve,28.26,7.99,0.61,1,0,0.29,87.5,Ineffective
R00454,3,4,1,56.241,-0.399,0.1438,2.188,1,-11.712,18.619,1,0,0,0,22.0,pump,41.97,11.56,0.6839,1,0,12.732,94.8,Harmful
R00455,3,4,1,34.172,0.1042,0.4386,2.565,0,-15.171,17.467,0,0,0,0,119.5,door,33.75,8.29,0.7548,0,1,-6.931,68.72,Protective
R00456,1,2,1,14.804,0.2459,-0.7014,1.651,1,-0.711,17.35,1,0,0,0,432.0,pump,17.79,12.06,0.6272,1,0,-0.228,77.28,Ineffective
R00457,3,1,2,40.527,0.7283,1.1301,0.501,1,-20.195,18.804,0,0,0,0,428.4,damper,41.67,17.87,0.9425,0,1,11.54,88.94,Harmful
R00458,4,2,2,15.556,0.5612,-0.4309,2.942,1,-10.73,19.405,0,0,0,0,132.9,fan,40.93,4.34,0.6068,0,0,1.837,90.71,Harmful
R00459,1,4,3,8.494,-0.5444,0.5903,0.359,0,-3.663,19.431,0,0,0,0,107.8,damper,10.84,18.1,0.6717,1,0,-6.697,98.75,Protective
R00460,3,2,1,42.692,0.1938,2.8691,2.895,0,-6.328,17.369,0,0,0,0,189.7,door,29.09,5.5,0.3954,0,1,-1.252,96.52,Ineffective
R00461,1,2,1,11.088,0.4545,-0.67,0.915,0,10.904,20.886,0,0,0,0,33.3,door,46.63,10.87,0.6377,1,1,-9.757,91.46,Protective
R00462,3,2,1,10.842,2.7653,3.3228,1.579,1,-11.067,17.487,0,0,0,0,129.3,valve,19.04,15.21,0.6969,1,0,11.823,94.14,Harmful
R00463,2,3,1,45.697,0.658,0.3906,2.862,0,-37.05,19.642,0,0,0,0,58.0,fan,52.61,14.54,0.5973,0,0,-24.619,87.39,Protective
R00464,1,2,1,8.036,2.3937,-0.3496,2.095,1,-25.287,20.555,0,0,0,0,110.5,pump,38.38,15.65,0.7376,1,0,6.687,96.37,Harmful
R00465,4,2,2,49.537,-0.9186,-0.8955,1.84,0,-0.267,20.539,1,1,0,0,80.0,pump,30.34,14.85,0.8391,1,1,-9.808,93.48,Protective
R00466,1,2,1,48.788,-0.8009,2.765,1.113,1,-8.802,19.049,1,0,0,0,61.7,fan,59.34,2.29,0.8057,1,1,14.834,100.0,Harmful
R00467,3,1,2,12.777,0.7856,0.893,1.019,1,-18.55,18.11,1,0,0,1,478.8,door,41.89,10.93,0.804,0,0,3.932,53.49,Harmful
R00468,1,3,2,33.511,1.658,-0.1662,0.292,1,29.377,20.311,1,1,0,0,31.6,door,56.29,8.82,0.7173,1,0,9.588,93.54,Harmful
R00469,4,1,3,10.314,1.5012,0.1965,1.842,1,12.431,19.45,1,1,0,0,373.3,door,59.95,18.7,0.7644,1,1,2.783,83.51,Harmful
R00470,3,1,2,39.791,2.0114,0.8308,1.404,1,-0.876,20.164,0,0,0,0,192.6,valve,32.96,19.18,0.7842,1,0,6.243,91.82,Harmful
R00471,4,2,2,8.461,-2.6365,-0.1087,0.828,0,3.499,18.6,1,0,0,0,58.4,door,28.08,6.61,0.5175,1,1,-8.774,83.78,Protective
R00472,2,1,1,56.946,1.153,0.2459,1.276,0,-3.977,20.654,0,0,0,0,145.3,fan,53.41,14.82,0.6484,1,0,-22.941,89.54,Protective
R00473,2,3,1,16.425,0.2355,1.6736,2.835,0,-18.807,20.718,0,0,1,0,217.1,fan,10.51,6.27,0.6497,1,0,11.424,78.44,Inconsistent
R00474,3,4,1,42.559,-0.744,-0.728,2.576,1,15.461,19.949,1,0,0,0,96.2,fan,33.13,15.47,0.666,1,1,13.272,99.67,Harmful
R00475,4,2,2,12.056,1.5235,1.0446,1.405,1,12.77,20.77,0,0,0,1,290.9,valve,42.2,7.38,0.3616,0,0,5.758,25.27,Inconsistent
R00476,4,1,3,16.528,0.9695,0.3271,2.944,1,-29.66,18.814,0,0,0,1,39.1,valve,50.52,15.15,0.8498,1,0,2.239,56.14,Harmful
R00477,1,4,3,29.802,1.1812,-0.099,1.494,1,3.396,17.778,1,0,0,0,71.7,pump,44.26,2.49,0.7048,1,0,1.53,75.33,Harmful
R00478,3,4,1,36.52,1.7991,1.4722,1.178,1,5.052,19.624,0,0,0,1,60.4,damper,11.01,14.65,0.8304,0,1,2.688,53.81,Harmful
R00479,1,3,2,59.937,0.3303,-1.5614,1.286,0,-4.826,19.613,0,0,0,0,254.2,damper,43.75,9.57,0.7258,1,0,-9.496,100.0,Protective
R00480,2,1,1,6.426,-1.5728,-2.4664,2.649,0,31.459,18.965,1,1,0,0,41.9,damper,42.65,15.29,0.9599,0,1,-11.337,100.0,Protective
R00481,4,1,3,5.017,0.657,0.6245,0.95,1,29.831,18.042,1,1,0,0,172.4,pump,10.46,3.65,0.655,0,1,-1.105,99.33,Ineffective
R00482,2,3,1,24.27,-1.7176,-0.2382,0.822,0,-5.663,19.497,1,0,0,0,202.3,damper,24.95,17.62,0.6205,1,1,-6.44,85.93,Protective
R00483,4,3,1,25.139,0.5491,-1.4528,2.89,0,-3.342,17.723,0,0,0,0,104.6,door,33.49,13.98,0.7212,1,0,-7.733,88.66,Protective
R00484,2,4,2,53.611,2.198,-1.3106,2.256,1,-5.104,20.013,1,0,0,0,365.9,damper,41.63,8.68,0.7897,0,0,12.265,93.67,Harmful
R00485,1,2,1,55.192,-1.3415,1.8306,2.339,0,-9.17,20.627,1,0,0,1,62.0,pump,44.02,8.15,0.2888,1,1,-0.037,6.24,Inconsistent
R00486,2,3,1,53.429,0.1285,0.863,2.273,1,-13.811,17.666,1,0,0,0,86.7,damper,37.18,7.32,0.8598,0,0,10.012,93.82,Harmful
R00487,3,2,1,12.875,-0.0824,0.4196,2.112,1,7.603,20.281,0,0,0,0,184.9,valve,59.66,12.6,0.8471,0,1,12.803,100.0,Harmful
R00488,4,3,1,27.666,-0.5539,2.0952,0.455,0,29.422,17.794,0,0,0,0,127.2,valve,44.3,2.71,0.5747,0,0,-2.934,98.6,Ineffective
R00489,3,1,2,46.024,0.3124,0.9221,2.31,0,23.251,19.002,0,1,0,0,141.8,pump,18.26,14.82,0.7167,1,0,-2.69,100.0,Ineffective
R00490,4,2,2,22.194,0.3569,2.1693,0.897,1,11.838,20.717,1,0,0,0,69.6,door,46.42,16.16,0.7348,0,0,15.181,89.04,Harmful
R00491,4,3,1,41.478,1.4525,-0.78,0.571,1,-36.107,17.331,0,1,0,0,34.1,damper,20.73,6.56,0.8491,1,0,3.267,73.02,Harmful
R00492,4,1,3,18.043,0.9654,-1.3174,2.952,0,-27.968,17.359,0,0,0,0,23.7,pump,18.41,4.52,0.7959,1,0,-0.096,89.87,Ineffective
R00493,3,4,1,22.788,1.9018,1.0171,0.278,1,15.962,20.835,0,0,0,0,27.8,pump,41.53,19.49,0.5937,0,0,13.958,88.05,Harmful
R00494,2,1,1,52.324,-1.2182,0.3145,0.289,0,24.291,17.635,0,0,0,1,84.6,pump,35.73,13.41,0.5248,1,0,-0.041,0.95,Inconsistent
R00495,2,3,1,18.778,1.2859,1.1497,1.068,0,8.306,18.368,0,0,1,0,59.4,valve,57.33,14.49,0.5505,1,1,2.649,84.05,Inconsistent
R00496,1,4,3,58.038,2.2661,-1.2308,2.564,1,-4.584,18.836,1,1,0,0,35.2,damper,39.15,13.38,0.826,1,1,8.753,100.0,Harmful
R00497,2,4,2,21.844,1.4527,0.6036,2.938,0,20.285,17.027,0,0,0,0,107.6,pump,36.09,6.49,0.7552,0,1,4.722,83.04,Ineffective
R00498,4,3,1,6.294,-0.2578,0.8893,0.532,0,11.304,17.752,0,0,0,0,89.3,damper,16.82,16.43,0.9264,1,0,-8.694,89.27,Protective
R00499,2,3,1,19.02,-0.8518,0.8362,1.307,0,17.062,20.314,0,0,0,0,28.9,valve,53.08,10.67,0.6907,1,0,-10.423,88.99,Protective
R00500,1,4,3,14.416,-0.1842,-0.0067,2.256,1,-27.849,19.075,0,0,0,0,317.0,fan,25.85,6.74,0.7662,1,0,4.632,86.9,Harmful
R00501,3,4,1,32.875,-0.3018,0.9186,2.007,1,5.15,18.576,0,0,1,0,193.6,valve,30.84,12.68,0.6318,1,0,18.729,99.82,Inconsistent
R00502,4,1,3,11.199,0.8117,-0.3757,0.853,1,26.619,19.728,0,0,0,0,128.6,pump,35.14,17.91,0.7252,0,0,-0.386,87.26,Ineffective
R00503,4,3,1,39.433,0.7479,-0.3929,1.122,0,7.912,18.299,0,0,0,0,89.9,fan,57.82,15.97,0.4371,0,1,-26.381,93.83,Protective
R00504,2,4,2,53.119,1.2066,-1.1429,1.864,0,14.224,18.754,0,0,0,0,138.8,damper,22.93,14.81,0.8518,0,1,0.159,93.22,Ineffective
R00505,2,1,1,24.939,-0.5856,-0.8587,0.299,0,0.546,20.975,1,0,0,0,43.8,pump,44.24,6.81,0.7392,0,1,-13.41,96.33,Protective
R00506,3,4,1,14.267,-0.1387,-0.341,2.323,0,1.591,20.097,0,0,0,0,62.4,valve,45.28,7.02,0.8208,1,0,-6.832,100.0,Protective
R00507,1,2,1,27.001,0.6958,-0.0909,0.971,1,21.038,19.216,0,1,0,0,384.2,door,11.25,16.96,0.7189,0,0,2.673,100.0,Harmful
R00508,2,4,2,48.228,0.1647,-0.3588,2.519,1,-10.047,19.107,0,0,0,0,23.8,door,29.62,16.4,0.4139,1,1,4.417,79.5,Harmful
R00509,1,4,3,37.532,0.6357,-1.3996,2.114,0,-11.515,20.377,0,1,0,0,287.8,damper,12.04,17.5,0.6742,0,1,-2.194,88.64,Ineffective
R00510,4,2,2,10.563,1.1628,2.3611,2.007,1,-7.173,19.403,0,0,0,0,184.4,door,17.25,19.08,0.5918,0,0,8.157,91.29,Harmful
R00511,3,2,1,34.545,0.0418,-0.6006,2.349,0,0.352,18.357,0,0,0,1,67.5,pump,13.88,8.58,0.9376,1,0,1.246,10.04,Inconsistent
R00512,4,3,1,30.745,1.1583,0.73,0.41,1,-24.151,18.671,0,1,0,0,282.1,damper,22.64,12.8,0.9046,1,0,6.231,80.27,Harmful
R00513,4,3,1,22.991,1.4155,-1.359,0.928,1,10.966,17.734,1,0,0,0,208.0,pump,44.68,12.16,0.7577,0,1,-4.79,77.1,Ineffective
R00514,4,2,2,11.059,0.5054,1.2576,1.661,0,-2.464,20.838,0,1,0,0,241.6,fan,17.41,7.46,0.3669,1,1,0.98,64.59,Ineffective
R00515,1,4,3,58.961,-0.0385,0.5672,2.376,1,12.805,19.609,1,0,0,0,144.5,pump,29.75,11.83,0.6543,0,1,7.44,83.27,Harmful
R00516,4,2,2,14.682,1.6963,-0.0439,2.577,1,-31.786,18.594,0,1,0,0,84.7,door,38.64,19.72,0.266,1,0,7.122,84.89,Harmful
R00517,1,4,3,15.601,0.1554,-0.5351,1.27,0,12.863,18.44,1,0,0,1,159.0,door,20.22,18.84,0.7643,1,1,-2.816,36.71,Inconsistent
R00518,2,4,2,13.007,-0.5346,0.7694,2.422,0,20.053,20.628,1,0,0,0,295.9,fan,22.92,11.35,0.3477,1,1,-0.728,75.45,Ineffective
R00519,3,1,2,36.361,0.1342,-3.0531,0.817,0,6.578,18.441,0,0,0,0,48.3,door,37.79,6.41,0.3851,0,0,-3.696,80.76,Ineffective
R00520,2,4,2,29.402,0.2445,-0.9242,0.431,0,0.45,20.025,0,0,0,0,199.9,damper,44.99,17.03,0.5488,0,1,-7.332,90.49,Protective
R00521,1,3,2,18.726,0.9818,-0.2191,0.89,0,12.978,20.342,0,0,0,0,111.3,door,33.79,17.42,0.9025,1,1,-7.21,99.92,Protective
R00522,1,4,3,28.618,-0.2462,0.2694,2.729,1,19.071,20.639,0,0,0,0,72.9,valve,28.16,12.13,0.607,0,0,-3.407,90.99,Ineffective
R00523,4,3,1,42.044,2.125,2.9053,1.723,1,7.844,18.492,1,1,0,0,27.9,valve,52.49,10.42,0.3488,0,1,14.705,93.8,Harmful
R00524,2,4,2,20.494,-0.0768,-0.4376,1.548,0,8.965,20.061,0,0,0,0,35.0,valve,51.66,5.27,0.7116,0,0,-7.146,90.3,Protective
R00525,2,3,1,55.339,0.2938,1.3902,2.281,1,24.854,18.308,1,0,0,0,585.8,fan,23.58,7.94,0.9481,0,0,-9.312,89.9,Protective
R00526,4,2,2,21.849,-0.6368,1.7117,0.228,0,11.417,20.776,1,0,0,0,204.5,pump,45.82,2.26,0.763,1,0,-3.349,86.68,Ineffective
R00527,1,2,1,15.9,-1.1014,0.5706,0.531,0,-12.004,17.045,0,1,0,0,112.9,valve,41.18,9.89,0.8672,1,0,-7.112,86.33,Protective
R00528,4,1,3,57.501,-0.9409,-0.2738,0.479,1,19.0,19.281,0,1,0,0,70.7,damper,13.52,4.31,0.9705,0,0,-2.017,100.0,Ineffective
R00529,4,1,3,49.581,1.4774,-0.8845,0.541,1,-1.856,19.04,1,1,0,0,157.4,valve,13.15,11.31,0.8626,1,0,2.078,93.25,Harmful
R00530,3,1,2,23.873,1.8809,0.6454,1.47,0,0.499,20.51,0,0,0,1,491.3,damper,10.01,6.47,0.8983,0,1,0.902,17.49,Inconsistent
R00531,1,4,3,51.279,-0.8176,2.045,0.986,1,1.603,17.865,1,0,0,0,227.6,fan,17.31,17.96,0.768,0,0,1.394,91.12,Harmful
R00532,1,3,2,33.535,-0.1504,0.946,2.4,1,14.533,17.349,0,0,0,0,24.5,pump,15.93,4.22,0.5142,0,0,0.684,88.67,Ineffective
R00533,2,4,2,24.071,0.6516,1.1334,2.549,0,26.233,20.386,0,0,0,1,22.7,door,15.11,9.91,0.8612,0,1,0.484,43.12,Inconsistent
R00534,3,4,1,51.179,0.7544,2.9919,2.79,1,0.366,18.4,0,1,0,0,206.1,door,30.17,4.5,0.8451,1,1,7.953,77.97,Harmful
R00535,1,4,3,46.369,1.6344,1.2374,0.749,1,25.969,18.3,0,0,0,1,32.2,door,46.1,12.25,0.7361,0,1,5.175,15.72,Inconsistent
R00536,2,3,1,21.383,-0.2017,-1.2006,1.608,0,2.469,17.421,0,0,0,1,65.7,fan,32.89,7.67,0.8991,1,0,-9.493,52.21,Protective
R00537,1,4,3,38.367,-0.6806,-0.0489,0.336,0,21.033,20.68,1,0,0,0,163.6,pump,37.59,3.88,0.9718,0,0,-0.268,97.31,Ineffective
R00538,3,2,1,25.316,0.5742,1.7702,0.872,1,2.976,19.532,0,0,0,0,31.5,fan,26.8,12.81,0.701,1,0,7.151,93.51,Harmful
R00539,1,4,3,5.058,-2.4821,-0.3488,1.922,0,-7.386,19.769,1,0,0,1,125.1,valve,42.88,11.69,0.722,1,0,-3.474,17.56,Inconsistent
R00540,3,4,1,57.9,-1.2435,1.4057,1.383,0,28.831,20.592,1,0,0,0,58.9,door,26.57,5.79,0.4859,0,1,6.4,83.65,Harmful
R00541,1,2,1,35.23,1.7483,0.3331,2.134,1,-8.818,20.375,1,0,0,0,44.0,damper,25.5,19.4,0.8316,1,0,15.65,72.77,Harmful
R00542,1,2,1,37.914,1.9919,0.7343,2.55,1,-9.822,18.807,1,0,0,0,405.6,valve,57.25,16.19,0.6857,1,0,18.277,85.6,Harmful
R00543,1,4,3,37.994,1.3062,-0.4507,0.367,0,-18.841,17.639,1,0,0,0,74.5,door,31.96,13.11,0.8843,0,0,-2.547,100.0,Ineffective
R00544,4,1,3,35.285,1.2409,0.5595,2.828,1,19.009,19.689,0,0,0,0,280.6,pump,32.34,18.98,0.8102,1,0,5.882,97.98,Harmful
R00545,1,4,3,20.953,-2.3561,0.1124,0.319,0,22.552,19.603,0,1,0,0,20.8,valve,13.63,15.44,0.7282,1,0,-1.867,84.79,Ineffective
R00546,2,3,1,58.437,-0.735,-1.7085,2.949,0,5.597,17.188,0,0,0,0,122.7,door,56.07,10.69,0.9289,1,0,-20.863,87.96,Protective
R00547,3,4,1,39.192,2.1247,-0.0416,1.985,1,-14.758,20.598,0,0,0,0,379.2,damper,28.43,19.34,0.9286,1,1,15.98,96.95,Harmful
R00548,3,4,1,41.901,1.5231,-1.3332,0.321,0,-0.102,18.341,1,1,0,0,332.5,valve,44.01,13.56,0.9095,1,0,0.836,98.71,Ineffective
R00549,3,2,1,30.014,2.1626,-0.0071,1.302,1,-4.539,18.715,0,0,0,0,123.0,door,43.56,4.46,0.7714,1,1,9.978,89.48,Harmful
R00550,4,2,2,20.832,-0.3363,-0.8952,0.923,0,-15.457,19.055,1,0,0,1,322.7,pump,54.29,3.77,0.4008,1,0,1.938,9.7,Inconsistent
R00551,2,4,2,8.539,-0.5066,1.4118,2.436,1,-7.333,20.648,0,1,0,0,55.2,door,53.94,3.66,0.9325,0,1,3.053,100.0,Harmful
R00552,4,2,2,24.263,-0.1406,0.9234,0.831,0,7.586,17.682,1,0,0,0,291.5,damper,17.69,8.4,0.8515,1,0,-0.528,80.78,Ineffective
R00553,2,4,2,14.685,0.8148,0.9603,2.513,1,-9.078,18.475,0,0,0,0,182.6,damper,15.44,2.15,0.7773,0,1,-0.803,94.39,Ineffective
R00554,4,2,2,41.415,1.4656,-1.3676,1.075,0,4.376,19.005,0,0,0,0,46.7,valve,54.46,12.06,0.8801,0,0,-5.655,100.0,Protective
R00555,3,1,2,53.345,0.1278,-0.1981,2.97,0,-26.645,20.968,1,0,0,0,226.2,valve,23.69,9.86,0.5935,0,1,-3.749,83.23,Ineffective
R00556,3,4,1,21.652,0.8167,-0.9472,0.957,1,25.188,18.759,0,0,0,1,44.2,valve,51.82,8.55,0.6279,1,0,4.897,49.44,Harmful
R00557,4,1,3,23.309,0.8735,0.2527,2.118,1,-5.871,18.594,1,0,0,0,49.3,valve,30.37,9.73,0.7563,1,0,3.313,90.58,Harmful
R00558,4,2,2,41.87,0.2999,0.5474,2.441,0,13.054,20.74,0,0,0,1,253.7,damper,27.43,9.64,0.7847,1,1,1.448,25.87,Inconsistent
R00559,4,1,3,13.21,0.5264,0.8921,0.806,0,2.83,19.646,1,0,0,0,81.5,door,18.9,19.79,0.8926,0,1,3.285,94.82,Ineffective
R00560,3,1,2,56.119,0.0755,0.8728,0.412,1,6.037,17.654,0,0,0,1,151.3,door,58.63,9.54,0.6583,0,0,5.394,41.96,Inconsistent
R00561,1,2,1,25.012,-0.2576,1.6585,1.743,1,-16.98,17.703,1,0,0,0,21.8,valve,13.2,18.6,0.6818,1,1,3.957,94.76,Harmful
R00562,2,1,1,10.566,1.2706,0.1598,2.096,0,-11.408,19.578,0,0,0,0,159.2,fan,36.18,17.37,0.8401,0,1,-8.42,99.99,Protective
R00563,1,2,1,14.608,-0.841,0.1664,2.488,1,-11.068,18.868,0,0,0,0,125.8,valve,45.94,9.7,0.2983,1,0,1.573,71.57,Harmful
R00564,4,1,3,56.301,1.5377,0.7737,0.964,0,0.38,17.036,0,0,0,1,225.0,damper,30.9,2.76,0.6895,0,0,-0.716,50.12,Ineffective
R00565,1,3,2,18.592,-1.1107,1.3065,2.642,1,19.892,18.794,0,0,1,0,61.0,valve,24.78,17.27,0.7123,1,1,-17.035,95.79,Inconsistent
R00566,1,2,1,41.425,0.2155,-0.1242,2.764,1,6.499,20.759,1,0,0,0,222.0,damper,17.86,5.82,0.7758,1,0,2.257,84.32,Harmful
R00567,1,3,2,13.589,0.8719,0.279,2.382,0,-13.505,19.99,0,0,0,0,216.1,door,19.75,3.05,0.7782,1,0,2.809,88.35,Ineffective
R00568,3,4,1,15.676,0.8003,0.1057,0.221,1,1.31,19.234,1,0,0,0,96.9,pump,57.24,17.68,0.7926,1,0,12.887,93.63,Harmful
R00569,3,4,1,53.358,-1.4165,-2.1086,0.444,0,-1.21,17.781,0,1,0,0,116.4,fan,30.64,13.85,0.6211,1,1,2.027,88.94,Ineffective
R00570,4,3,1,13.142,0.3264,0.3401,2.994,0,-5.263,18.343,0,0,0,0,171.6,damper,11.64,5.21,0.3894,1,1,2.845,78.26,Ineffective
R00571,2,1,1,6.031,0.867,-0.8945,2.255,1,-0.231,20.987,0,0,0,0,102.8,pump,29.56,7.2,0.5758,1,0,1.165,82.41,Harmful
R00572,2,3,1,32.568,0.584,0.7282,1.955,1,11.456,19.636,0,1,0,0,70.1,fan,40.54,15.42,0.8527,1,0,8.992,86.24,Harmful
R00573,1,4,3,52.45,0.1761,-1.1353,2.724,1,-10.799,18.105,1,0,0,0,56.8,fan,40.91,4.22,0.72,1,0,-6.124,85.13,Protective
R00574,1,4,3,22.93,-0.1346,-0.8197,0.311,0,-5.188,19.952,1,0,0,0,165.5,valve,14.71,15.01,0.8862,1,0,-2.157,89.32,Ineffective
R00575,2,4,2,12.049,-0.6819,-0.5336,2.321,0,14.732,17.365,0,0,0,0,251.5,damper,23.06,10.25,0.8021,1,1,-1.84,95.33,Ineffective
R00576,4,2,2,59.023,2.3345,1.1017,2.033,0,7.034,18.482,1,0,0,0,115.2,fan,46.75,17.07,0.6956,0,1,-6.403,77.4,Protective
R00577,3,2,1,42.221,0.56,-0.1335,2.575,1,19.187,17.917,0,0,0,0,124.9,pump,59.31,13.57,0.717,1,1,-15.176,89.41,Protective
R00578,4,2,2,51.788,0.4262,-0.675,2.378,1,21.538,20.584,0,0,0,0,266.5,pump,35.62,19.68,0.7226,1,0,6.449,97.1,Harmful
R00579,1,3,2,46.368,0.2584,0.7643,1.558,1,-20.408,19.941,1,0,0,0,288.6,pump,14.3,17.43,0.4732,1,1,3.536,63.7,Harmful
R00580,1,3,2,43.403,1.677,-0.317,0.399,0,4.324,18.99,0,0,0,0,23.3,fan,53.74,8.19,0.7572,0,1,-5.859,95.65,Protective
R00581,4,3,1,26.151,-0.8391,1.1906,2.746,1,-7.619,18.631,1,0,0,0,88.8,door,31.87,10.67,0.8443,0,0,9.724,91.37,Harmful
R00582,1,4,3,22.839,1.1594,-0.6119,2.338,1,-17.981,20.434,0,0,1,0,357.3,fan,46.69,18.91,0.7408,0,0,8.532,85.71,Inconsistent
R00583,1,2,1,44.433,0.5607,0.6109,1.198,1,-11.838,17.782,0,0,1,1,401.6,valve,22.25,4.74,0.8683,0,0,-16.044,24.81,Inconsistent
R00584,2,4,2,44.419,-0.6234,2.8696,2.955,1,-4.512,17.299,1,1,0,0,290.9,door,53.61,9.51,0.2838,1,1,5.574,84.26,Harmful
R00585,4,3,1,57.282,-0.9191,-0.3393,1.071,0,-4.418,20.407,0,0,0,0,117.2,door,23.34,12.37,0.8918,0,1,-12.937,91.62,Protective
R00586,3,4,1,36.276,0.217,0.0867,1.238,0,-9.103,20.426,0,1,0,0,122.3,door,44.69,8.32,0.6954,0,0,-4.282,87.7,Ineffective
R00587,1,4,3,21.204,-0.9644,-1.761,2.929,0,-0.205,17.972,0,0,0,1,47.1,valve,30.04,3.69,0.6536,0,0,-4.475,47.41,Ineffective
R00588,4,3,1,31.924,1.0596,-0.453,2.071,1,36.7,17.781,1,0,0,0,95.0,valve,28.3,5.72,0.5115,1,1,4.849,88.94,Harmful
R00589,4,3,1,38.754,1.6292,0.3597,2.662,0,-25.878,19.885,0,0,0,0,64.1,damper,19.54,9.79,0.7758,0,0,1.396,90.61,Ineffective
R00590,4,1,3,28.47,0.9706,0.0701,2.686,1,17.058,17.574,0,0,1,0,185.6,door,51.97,17.7,0.9016,1,0,21.808,95.15,Inconsistent
R00591,4,2,2,48.512,-1.5535,0.5144,1.702,0,-0.276,19.488,0,1,0,0,56.5,valve,32.04,12.3,0.8168,1,1,-9.705,99.81,Protective
R00592,1,3,2,37.154,-0.9468,0.3249,0.948,0,-6.568,19.805,1,0,0,0,48.3,pump,30.82,7.37,0.733,0,0,1.107,91.36,Ineffective
R00593,4,2,2,5.519,0.5146,-0.918,2.573,1,-30.273,19.488,1,1,0,1,73.6,fan,15.54,5.02,0.876,1,0,-0.092,19.2,Inconsistent
R00594,2,1,1,36.341,-0.4522,0.9153,1.605,0,11.441,18.708,1,0,0,0,429.5,damper,17.15,13.13,0.673,1,0,-4.614,65.49,Ineffective
R00595,4,2,2,39.848,0.952,-0.8427,1.78,1,-21.615,20.265,0,0,0,0,141.3,valve,28.49,5.25,0.8452,0,1,2.28,100.0,Harmful
R00596,3,1,2,55.339,1.1124,-0.3649,1.716,1,12.418,20.72,0,0,0,0,226.5,door,12.16,3.27,0.7425,1,1,1.52,93.11,Harmful
R00597,4,3,1,27.755,2.5305,0.6295,0.227,1,26.12,19.823,1,1,0,0,120.3,valve,39.94,2.59,0.8247,1,1,9.818,86.19,Harmful
R00598,3,2,1,36.596,0.7963,1.967,0.328,1,-19.242,18.676,0,0,0,0,154.5,fan,19.36,14.56,0.7226,0,0,-6.077,87.97,Protective
R00599,3,2,1,31.125,-1.2522,-1.1039,1.926,0,17.525,20.983,0,0,1,0,132.1,damper,46.37,17.95,0.7961,1,0,-32.303,100.0,Inconsistent
R00600,3,1,2,34.241,1.0538,0.0477,2.424,0,0.382,18.798,1,0,0,0,68.1,valve,42.36,11.54,0.7421,1,1,-3.795,85.9,Ineffective
R00601,4,3,1,8.702,1.163,0.056,1.48,0,-31.413,17.465,0,1,0,0,97.1,valve,33.58,7.02,0.8068,0,0,-5.17,100.0,Protective
R00602,3,4,1,54.351,0.1324,0.5574,0.733,0,-18.072,17.73,0,1,0,0,86.9,damper,20.12,5.68,0.8981,0,0,-3.414,100.0,Ineffective
R00603,1,3,2,55.073,-0.3464,1.084,1.339,0,2.673,18.392,0,1,0,0,220.0,pump,48.71,6.97,0.8527,1,0,0.839,89.12,Ineffective
R00604,4,2,2,35.143,1.4225,-0.0041,2.351,1,6.018,17.684,0,0,0,0,190.0,pump,59.61,7.49,0.7426,1,0,7.773,81.65,Harmful
R00605,3,4,1,35.611,0.5889,1.4118,0.504,1,-23.71,20.113,1,1,1,0,438.6,valve,45.56,12.87,0.5295,1,1,14.335,80.11,Inconsistent
R00606,2,4,2,8.166,-1.2557,1.7303,1.769,1,0.476,17.056,0,0,0,0,104.6,door,46.3,18.62,0.7634,1,0,-7.451,89.95,Protective
R00607,3,1,2,37.887,0.4635,1.684,2.166,0,12.353,18.624,0,0,0,0,49.3,damper,19.81,6.03,0.4029,1,0,-4.515,85.74,Ineffective
R00608,4,2,2,28.603,0.7923,0.4019,1.364,0,14.979,20.513,0,0,0,1,263.1,damper,30.15,8.47,0.4773,0,0,2.985,11.9,Inconsistent
R00609,4,1,3,43.997,1.3411,0.0574,1.884,0,-6.193,17.471,0,1,0,0,158.0,door,14.15,12.7,0.9239,1,0,-1.823,90.45,Ineffective
R00610,4,1,3,7.592,0.0692,-0.0746,2.674,1,6.577,19.304,1,0,0,0,440.1,fan,14.11,9.98,0.81,1,0,-3.625,89.54,Ineffective
R00611,2,3,1,44.099,1.0262,-1.059,0.796,1,16.087,20.735,1,1,0,0,406.1,door,32.34,4.1,0.777,1,0,0.789,71.49,Ineffective
R00612,4,2,2,20.779,0.1478,-0.378,0.578,0,12.787,17.286,0,0,0,0,46.9,fan,22.52,4.82,0.7894,1,0,-4.233,95.6,Ineffective
R00613,2,3,1,40.844,0.8854,0.5123,0.37,1,13.372,18.399,0,0,0,0,65.9,damper,42.28,12.41,0.3943,1,0,10.616,79.07,Harmful
R00614,3,1,2,39.492,0.0149,-0.2095,2.233,0,1.703,17.151,0,0,0,0,27.2,fan,56.6,12.95,0.7319,1,0,-11.425,93.09,Protective
R00615,3,2,1,17.476,0.8371,0.9977,2.721,1,-1.418,19.729,0,0,0,0,157.8,valve,31.46,12.59,0.571,0,1,13.46,74.12,Harmful
R00616,1,4,3,29.225,1.0117,-1.0542,2.133,1,4.082,18.67,1,1,0,0,249.5,damper,16.32,16.67,0.559,0,1,1.17,96.84,Harmful
R00617,2,3,1,50.96,0.6407,-0.282,2.934,0,-11.457,20.789,1,0,0,0,90.9,damper,20.32,5.46,0.5745,1,0,-6.184,88.63,Protective
R00618,1,4,3,38.308,1.1203,1.8948,2.183,0,16.681,19.765,0,0,0,0,110.2,fan,32.88,10.12,0.9429,0,1,-0.451,100.0,Ineffective
R00619,1,2,1,8.781,-0.8563,0.8956,1.008,0,-22.956,19.408,1,0,0,0,345.5,door,33.15,10.38,0.779,0,1,-2.916,79.22,Ineffective
R00620,2,3,1,29.36,0.6277,1.0162,0.916,1,-7.565,20.641,1,0,0,0,93.6,pump,37.3,5.87,0.4072,1,1,0.236,78.56,Ineffective
R00621,2,3,1,22.147,0.3774,0.7907,2.067,1,-0.544,17.519,1,0,0,0,26.1,pump,55.1,14.77,0.7057,1,1,11.794,92.59,Harmful
R00622,1,2,1,40.291,-0.6657,-0.4654,2.092,0,7.045,20.134,1,0,0,0,481.5,fan,55.57,7.62,0.7786,1,0,-16.14,83.77,Protective
R00623,2,1,1,38.801,-1.716,-1.8541,1.667,0,9.863,19.919,1,1,0,0,21.8,pump,42.03,13.14,0.8493,1,0,-8.97,98.32,Protective
R00624,3,4,1,5.572,0.8242,0.8571,1.675,1,22.335,19.693,0,0,0,0,537.8,pump,17.73,9.58,0.4457,1,1,2.327,73.62,Harmful
R00625,1,4,3,38.423,0.3793,-2.5484,1.367,0,1.166,19.552,0,0,0,0,276.5,fan,18.36,6.32,0.7592,1,0,-4.391,87.16,Ineffective
R00626,2,4,2,45.417,0.6449,0.0744,1.18,1,-10.77,17.497,1,0,0,0,63.8,door,24.98,5.72,0.8522,1,1,4.865,95.55,Harmful
R00627,2,3,1,47.28,0.791,0.3963,1.975,1,-2.176,20.256,0,0,0,0,25.7,fan,46.23,10.85,0.4067,1,1,16.012,83.7,Harmful
R00628,3,1,2,8.244,0.3184,-0.5472,2.293,0,-4.791,19.541,1,0,0,0,150.1,door,52.03,6.33,0.7104,0,0,-11.64,86.91,Protective
R00629,2,3,1,21.701,1.3111,2.0714,2.478,0,7.799,20.086,0,0,0,1,20.6,door,42.72,14.13,0.7392,1,0,1.805,18.46,Inconsistent
R00630,3,1,2,28.17,0.3802,2.2243,1.062,1,-16.005,20.504,0,1,0,0,58.2,damper,52.24,13.11,0.6099,0,0,7.358,95.34,Harmful
R00631,2,4,2,14.887,-0.3716,1.4328,2.602,1,-2.631,19.17,1,1,0,0,150.0,valve,21.98,16.22,0.387,0,1,1.203,74.91,Harmful
R00632,2,4,2,28.14,-0.1904,-1.0253,1.048,0,24.34,20.828,0,1,0,0,132.4,fan,44.03,4.4,0.7486,0,0,1.82,82.03,Ineffective
R00633,2,3,1,8.912,1.7836,1.8214,1.054,0,2.698,17.437,0,0,0,0,319.1,fan,23.65,17.88,0.9095,1,0,-0.739,90.61,Ineffective
R00634,1,4,3,11.227,-1.2609,0.519,2.457,0,-15.794,17.016,0,0,0,1,219.4,valve,42.76,11.42,0.7144,1,0,-2.148,51.43,Ineffective
R00635,3,1,2,41.778,1.4501,-0.542,2.914,1,-5.097,18.32,1,0,0,0,97.8,valve,11.41,13.72,0.9118,1,0,7.717,100.0,Harmful
R00636,1,2,1,19.441,1.0579,-0.0673,2.81,0,-33.495,17.866,0,0,0,0,122.8,fan,40.49,19.62,0.6152,0,0,-6.123,82.99,Protective
R00637,2,4,2,44.127,-2.4655,0.8586,0.511,0,-0.883,19.214,1,0,0,0,70.4,pump,54.52,11.34,0.7265,1,0,-6.944,92.36,Protective
R00638,4,1,3,7.646,1.2102,-0.1989,1.008,1,24.715,18.121,0,0,0,0,91.6,door,23.09,17.84,0.461,0,0,1.8,81.72,Harmful
R00639,4,3,1,35.949,1.4034,0.5405,2.328,1,-17.799,19.753,1,0,0,0,259.9,damper,53.22,7.85,0.8873,1,0,-9.444,91.72,Protective
R00640,3,2,1,26.53,-0.3673,0.2165,2.457,0,-21.841,20.781,0,0,0,0,308.8,pump,12.73,16.94,0.865,0,1,-1.053,94.02,Ineffective
R00641,4,1,3,48.833,-0.7464,-1.2009,1.612,0,-9.799,20.077,1,0,0,0,105.3,valve,42.77,18.84,0.7491,1,0,-14.39,85.81,Protective
R00642,4,3,1,48.117,-0.6907,-0.3701,0.245,0,13.82,18.681,0,0,0,0,24.8,valve,30.98,5.37,0.6763,1,0,-11.151,93.88,Protective
R00643,2,1,1,25.656,-0.4286,-1.1255,1.605,0,25.57,20.942,0,1,0,0,41.3,damper,11.39,10.97,0.8185,1,1,-1.443,88.82,Ineffective
R00644,4,2,2,39.249,-0.4021,0.7687,0.287,0,6.723,20.085,0,0,0,0,124.5,door,42.08,18.11,0.6668,0,0,-8.347,85.85,Protective
R00645,2,3,1,17.515,0.3092,-0.5081,0.988,1,-19.289,20.244,1,0,0,0,31.2,valve,18.0,8.41,0.4477,1,0,4.301,91.26,Harmful
R00646,2,1,1,36.922,0.4555,0.6918,2.039,1,-0.333,17.819,1,0,0,0,194.4,door,34.83,14.53,0.9484,0,0,-9.303,91.81,Protective
R00647,3,2,1,9.47,1.0908,-1.4902,0.577,0,26.841,19.748,0,0,0,1,103.7,door,22.32,3.83,0.5942,0,1,-3.529,31.26,Inconsistent
R00648,4,3,1,28.903,-0.4144,-0.7334,2.195,1,-4.664,17.283,0,0,1,1,242.4,fan,16.2,7.42,0.7671,1,0,-9.857,25.63,Inconsistent
R00649,4,3,1,15.05,-0.9491,-0.7819,1.94,1,2.107,17.941,1,0,0,0,38.6,valve,15.58,13.87,0.5996,1,0,1.571,100.0,Harmful
R00650,2,1,1,53.586,1.1068,-0.3896,1.403,0,3.608,17.066,0,0,0,0,233.8,fan,41.48,9.95,0.6252,1,1,-13.51,92.78,Protective
R00651,3,2,1,29.47,0.608,0.5804,1.242,1,-23.188,19.821,1,0,0,0,52.7,door,19.9,13.85,0.655,1,1,10.202,90.4,Harmful
R00652,1,2,1,37.493,-0.4882,0.2648,2.761,0,14.969,17.084,0,0,0,0,37.9,damper,25.45,11.95,0.7821,0,1,-12.922,87.98,Protective
R00653,4,2,2,24.821,0.6888,-1.3722,1.749,1,12.806,18.797,0,0,0,0,122.6,fan,20.1,18.73,0.7813,1,0,-3.175,86.52,Ineffective
R00654,3,4,1,20.881,1.0093,0.2314,2.689,1,-29.903,19.595,0,1,1,0,271.1,damper,16.32,4.16,0.6252,0,0,-8.303,77.27,Inconsistent
R00655,3,4,1,16.161,0.2759,-0.3506,1.355,1,-19.96,18.22,0,0,0,1,20.4,pump,10.14,13.22,0.6926,0,0,3.982,27.08,Inconsistent
R00656,4,3,1,55.153,0.4059,0.4342,1.865,0,-14.546,18.469,1,0,0,0,511.7,fan,34.07,10.21,0.7647,1,0,-13.617,82.49,Protective
R00657,3,2,1,48.971,-1.0623,-0.3676,2.873,0,11.225,20.473,0,0,0,0,38.4,valve,48.46,18.68,0.4378,0,0,-11.83,83.54,Protective
R00658,1,3,2,12.329,0.4982,0.3192,0.547,1,-11.267,20.606,0,0,0,0,239.3,door,13.47,17.42,0.6917,0,1,-1.241,85.18,Ineffective
R00659,2,1,1,46.07,-1.4147,-0.3449,0.936,1,6.02,20.435,0,1,0,0,99.4,damper,18.61,7.7,0.5604,0,0,-2.811,89.95,Ineffective
R00660,1,2,1,28.019,1.9722,2.1246,2.767,1,-2.727,20.0,0,0,0,1,626.8,fan,54.45,17.01,0.7872,0,0,8.447,24.61,Inconsistent
R00661,3,4,1,5.847,-0.2761,-1.3836,1.382,0,1.068,18.11,1,1,0,0,251.4,valve,55.65,12.36,0.8455,1,0,-8.836,92.0,Protective
R00662,1,4,3,34.06,0.5701,-0.4997,0.962,0,7.439,17.299,1,0,0,0,83.3,pump,58.06,7.23,0.7112,1,1,-5.841,94.78,Protective
R00663,1,3,2,12.153,0.3766,0.0076,2.993,0,4.085,18.955,1,0,0,0,207.9,damper,41.4,3.65,0.4841,1,0,-1.323,100.0,Ineffective
R00664,3,1,2,16.546,1.3498,0.1486,0.486,1,-0.285,20.698,0,0,1,0,116.0,pump,10.78,5.0,0.73,1,1,18.177,94.64,Inconsistent
R00665,3,1,2,43.282,-0.1078,-0.8639,1.912,0,4.906,17.893,1,0,0,0,107.2,door,16.39,13.32,0.9452,1,0,-7.417,100.0,Protective
R00666,3,4,1,19.143,1.1882,-1.4117,2.407,1,3.255,17.838,1,1,1,0,103.7,pump,20.99,10.96,0.49,1,0,9.328,90.59,Inconsistent
R00667,4,3,1,54.054,-0.1613,-0.2915,2.403,1,-3.145,20.119,1,0,0,0,179.4,pump,27.62,4.41,0.8609,1,1,2.354,90.47,Harmful
R00668,4,3,1,41.144,-0.3712,-0.5594,1.437,1,-6.469,19.368,0,1,0,1,290.6,damper,27.51,18.08,0.6626,1,1,4.385,54.34,Harmful
R00669,1,4,3,50.776,0.6989,2.0792,0.323,1,28.207,18.617,0,0,0,0,56.4,damper,18.89,12.41,0.3855,1,0,5.952,78.65,Harmful
R00670,4,2,2,38.835,0.1202,2.6647,2.555,1,-6.641,20.451,1,0,0,0,73.5,door,18.85,19.38,0.9324,1,0,8.308,88.5,Harmful
R00671,3,1,2,52.787,1.3255,-0.1508,2.448,0,20.505,19.33,1,1,0,0,41.1,valve,57.73,6.96,0.8091,1,0,-1.861,100.0,Ineffective
R00672,3,2,1,24.893,1.1751,-1.0048,0.865,1,-10.277,20.681,0,0,0,0,130.2,fan,14.53,5.31,0.1761,0,0,3.188,91.35,Harmful
R00673,1,3,2,35.203,-0.8165,0.638,1.153,0,12.153,18.473,1,0,0,0,90.4,fan,10.96,17.7,0.919,1,0,-2.363,93.02,Ineffective
R00674,3,1,2,33.374,-0.3715,-1.0811,1.635,0,26.756,18.776,1,1,0,0,107.2,door,11.24,15.52,0.8159,0,0,5.265,97.31,Ineffective
R00675,3,4,1,54.708,0.033,-0.6492,0.52,0,-5.063,17.297,1,0,1,0,196.6,fan,37.9,5.82,0.7855,1,0,-8.859,80.63,Inconsistent
R00676,3,1,2,14.07,0.732,-0.2288,2.498,1,-10.011,18.471,0,0,0,0,65.6,door,21.1,8.32,0.8461,0,1,4.9,100.0,Harmful
R00677,1,3,2,36.793,0.1717,-0.6005,2.782,0,-6.438,17.719,0,0,0,0,50.3,damper,34.01,7.73,0.8166,1,0,-2.721,92.42,Ineffective
R00678,3,1,2,46.494,0.8687,0.0453,1.063,1,-0.291,17.131,1,1,0,0,28.0,door,33.25,14.69,0.6951,0,0,11.841,93.55,Harmful
R00679,4,1,3,25.353,-0.5907,-0.9135,2.787,1,4.828,18.023,0,1,0,0,158.2,valve,55.19,5.88,0.8401,0,1,3.209,90.75,Harmful
R00680,3,4,1,52.717,-1.3509,-0.302,2.442,1,-0.6,18.963,1,1,0,1,512.6,pump,18.08,3.39,0.6391,0,1,-7.426,5.0,Inconsistent
R00681,1,4,3,25.516,-0.4736,0.9199,2.238,0,-6.3,17.989,0,0,0,0,216.5,pump,25.59,16.73,0.6901,0,0,-2.466,76.79,Ineffective
R00682,4,2,2,14.532,0.4605,-0.1336,2.914,0,29.318,17.436,0,0,0,0,167.3,valve,43.98,2.21,0.7912,0,1,-7.53,85.09,Protective
R00683,4,2,2,37.123,-0.4624,0.0253,1.109,0,-3.007,18.806,1,0,1,0,118.8,door,36.44,12.95,0.7062,0,0,-7.538,90.13,Inconsistent
R00684,1,3,2,28.131,1.1366,-2.3322,2.764,0,-9.302,17.591,0,0,0,0,140.5,pump,39.19,7.55,0.8774,1,0,-3.399,96.49,Ineffective
R00685,4,2,2,5.835,0.7531,1.3478,0.476,1,12.458,17.344,0,1,0,0,108.2,valve,33.3,9.62,0.6398,1,0,2.6,95.94,Harmful
R00686,2,1,1,8.841,1.2572,-0.7855,1.538,0,12.697,20.841,1,0,0,0,23.4,damper,51.02,3.21,0.8723,0,1,-3.494,96.78,Ineffective
R00687,3,4,1,15.74,1.0519,1.024,1.746,0,21.187,18.904,1,0,0,0,56.6,fan,16.04,4.98,0.7389,1,1,1.738,100.0,Ineffective
R00688,2,1,1,47.313,1.8513,0.5543,0.544,1,28.918,20.209,1,0,0,0,250.1,damper,57.64,11.02,0.9341,1,0,22.212,96.63,Harmful
R00689,4,1,3,54.062,-1.3035,-0.6621,2.265,0,5.194,17.683,0,0,0,0,449.9,pump,19.09,8.9,0.8258,0,0,-7.182,90.45,Protective
R00690,4,2,2,35.01,-0.0829,-1.7778,1.531,0,-4.324,18.846,0,0,0,0,365.8,pump,19.35,10.11,0.6142,1,0,-5.344,77.31,Protective
R00691,4,2,2,10.806,2.0228,2.5748,1.476,1,-28.534,17.36,0,0,0,0,47.5,damper,21.56,2.09,0.547,1,1,7.788,95.24,Harmful
R00692,4,3,1,34.393,1.0723,1.2032,1.828,1,-14.068,18.647,0,1,0,0,530.1,valve,47.06,18.7,0.8697,1,0,-4.354,88.85,Ineffective
R00693,4,1,3,52.058,1.3544,1.2631,0.577,1,3.128,20.306,0,0,0,0,130.2,valve,39.92,11.36,0.7459,1,1,10.103,100.0,Harmful
R00694,1,3,2,46.221,-1.4879,1.7188,0.76,0,-17.714,20.571,0,1,0,0,43.5,fan,15.15,9.83,0.6155,1,0,-5.553,79.92,Protective
R00695,2,3,1,21.01,2.7188,0.6241,0.706,1,-23.777,19.076,0,0,0,0,119.5,valve,53.67,17.62,0.5447,0,0,16.907,69.22,Harmful
R00696,3,4,1,11.814,0.0086,1.7524,2.865,1,0.987,18.146,0,0,0,0,131.6,door,59.45,3.13,0.7863,0,1,12.188,92.38,Harmful
R00697,3,2,1,54.537,-2.0944,-0.5786,2.365,0,11.651,19.934,1,0,0,0,83.2,damper,34.88,10.04,0.7183,1,1,-10.656,96.15,Protective
R00698,1,4,3,51.975,-0.4511,0.6376,1.682,0,-3.697,19.556,1,0,1,0,78.1,pump,11.13,12.37,0.8672,1,0,-8.353,100.0,Inconsistent
R00699,1,3,2,7.954,-2.5475,-0.7301,2.046,0,13.452,18.882,0,0,0,0,72.2,damper,35.61,6.99,0.615,1,0,-6.325,89.31,Protective
R00700,3,1,2,50.302,-1.1851,-0.6039,2.02,0,9.249,18.901,1,0,0,0,21.6,fan,38.96,6.67,0.7033,0,1,-6.809,100.0,Protective
R00701,3,1,2,10.347,3.3585,0.497,0.935,1,17.238,18.973,0,0,0,0,215.5,damper,19.8,4.91,0.4335,1,0,3.99,80.14,Harmful
R00702,1,2,1,8.481,0.42,-0.8674,0.443,1,32.602,18.357,0,0,0,0,161.7,valve,11.71,14.71,0.6913,1,0,-0.816,88.46,Ineffective
R00703,1,3,2,46.723,-1.5278,0.2294,1.754,0,39.21,19.076,0,1,0,0,142.1,fan,34.36,14.03,0.7234,0,0,-10.146,92.42,Protective
R00704,1,2,1,34.497,0.8253,0.088,0.937,1,10.975,17.229,1,0,0,0,88.0,pump,53.63,9.37,0.728,1,0,9.043,84.28,Harmful
R00705,3,2,1,27.8,-0.9978,-2.0876,2.646,0,-6.898,19.281,0,0,0,0,27.6,pump,22.4,3.8,0.6716,1,0,-1.759,91.32,Ineffective
R00706,1,3,2,54.712,0.7645,-0.5577,0.861,0,0.928,18.985,0,1,1,0,197.8,valve,28.46,5.34,0.9803,0,0,0.907,90.96,Inconsistent
R00707,3,4,1,51.162,-0.9895,-0.4451,1.804,0,23.599,18.682,0,0,0,0,97.8,damper,55.22,9.26,0.7622,1,1,-24.98,96.16,Protective
R00708,2,4,2,8.169,0.1707,0.7528,1.376,0,-13.398,18.296,0,0,0,0,32.3,fan,40.5,6.47,0.9199,0,0,-2.285,95.84,Ineffective
R00709,2,1,1,38.885,-1.2471,0.1852,2.28,0,21.715,19.487,0,0,0,0,451.9,pump,38.47,15.26,0.6889,1,0,-9.455,81.39,Protective
R00710,3,4,1,47.475,2.499,1.3475,2.862,0,-2.549,18.94,0,0,0,0,236.4,damper,26.41,3.43,0.9472,1,0,2.676,91.23,Ineffective
R00711,3,2,1,35.277,1.3036,0.9201,1.352,1,3.407,17.403,1,0,0,0,238.5,valve,58.12,9.03,0.721,1,0,12.884,90.57,Harmful
R00712,3,1,2,59.065,0.6545,-0.154,0.324,1,-12.115,18.498,1,1,0,0,35.1,damper,44.92,17.98,0.6947,1,0,-5.646,100.0,Protective
R00713,4,2,2,42.733,0.507,0.3416,2.052,1,-19.856,17.306,0,0,0,0,140.0,damper,15.11,8.09,0.8247,1,0,-1.888,86.98,Ineffective
R00714,4,3,1,10.728,-0.6536,-0.448,0.562,0,-4.183,18.517,1,0,0,0,77.1,valve,12.34,15.71,0.7081,0,0,-2.13,91.29,Ineffective
R00715,4,2,2,15.906,0.0391,0.888,0.493,1,19.545,19.131,0,0,0,0,270.8,damper,40.83,7.41,0.9195,1,1,-2.018,97.53,Ineffective
R00716,3,4,1,50.444,0.0116,0.4598,2.052,1,-10.529,18.564,1,1,0,0,51.7,valve,23.45,13.62,0.402,0,0,3.209,86.72,Harmful
R00717,2,1,1,59.822,1.5783,-0.7286,0.488,0,24.188,18.367,0,0,0,0,215.5,door,15.41,12.04,0.8707,0,1,-7.567,100.0,Protective
R00718,1,2,1,10.409,0.2474,0.4086,0.561,1,-8.593,18.125,0,0,0,0,594.6,damper,46.58,11.4,0.9571,0,0,12.928,71.92,Harmful
R00719,3,1,2,10.518,-2.2294,0.3612,1.429,0,-16.023,18.527,1,0,0,0,75.0,valve,53.28,4.66,0.9673,0,0,-1.537,93.21,Ineffective
R00720,1,4,3,46.986,-0.366,-0.6064,1.467,1,3.805,17.277,1,0,0,0,106.1,damper,32.47,2.92,0.7694,0,0,-2.088,91.32,Ineffective
R00721,4,2,2,8.539,1.7277,0.717,2.758,1,10.186,20.976,0,1,1,0,308.1,fan,25.13,4.4,0.9409,0,0,8.25,95.41,Inconsistent
R00722,4,3,1,8.771,0.5477,-1.1787,0.973,1,2.821,19.221,0,0,0,0,186.3,valve,16.8,15.58,0.8966,1,0,-3.326,91.79,Ineffective
R00723,1,3,2,53.885,0.6659,1.5056,1.323,1,2.264,19.545,1,1,0,0,195.2,pump,43.89,19.96,0.2532,1,1,2.905,74.95,Harmful
R00724,4,1,3,49.025,1.0698,0.4272,2.181,0,24.044,17.733,0,1,0,0,262.2,damper,10.69,6.67,0.8086,1,1,-1.733,88.6,Ineffective
R00725,1,2,1,53.486,-0.8772,1.5293,2.516,0,1.424,20.694,1,0,0,0,63.3,damper,44.09,6.76,0.5117,0,1,-10.329,84.22,Protective
R00726,3,1,2,40.778,0.5324,-1.2166,1.178,0,-7.056,19.285,0,0,0,0,302.2,pump,57.81,8.92,0.9071,0,1,-5.471,100.0,Protective
R00727,1,2,1,22.74,-0.7679,1.0335,1.967,0,-16.995,18.657,0,1,0,0,229.3,valve,29.48,8.49,0.8081,1,0,-5.863,92.81,Protective
R00728,2,4,2,54.847,0.4759,0.8358,1.948,0,19.105,19.853,0,0,0,0,56.2,valve,46.37,13.48,0.5206,0,1,12.757,85.77,Harmful
R00729,3,1,2,21.43,-0.4911,-0.2822,1.049,0,-6.385,18.217,0,1,0,0,188.5,damper,12.82,10.05,0.7432,0,0,4.087,91.78,Ineffective
R00730,3,2,1,20.153,0.5585,0.0234,0.532,1,-4.922,20.739,1,1,1,0,119.2,valve,27.06,13.25,0.6839,1,0,-7.472,80.61,Inconsistent
R00731,2,3,1,53.752,1.6201,-0.6851,2.111,1,15.778,17.677,0,0,0,0,123.7,fan,32.84,3.75,0.6967,1,0,7.082,85.79,Harmful
R00732,4,3,1,42.445,0.648,-1.4458,0.951,0,30.812,20.332,0,0,0,0,29.1,valve,42.25,15.35,0.724,1,0,-10.517,88.72,Protective
R00733,4,2,2,54.262,-0.2654,-0.8512,1.091,0,3.77,20.866,0,0,0,0,78.3,valve,24.99,15.88,0.6069,1,1,-6.534,96.38,Protective
R00734,1,3,2,13.575,0.3284,-0.8558,1.803,1,-2.055,18.967,0,0,0,0,49.1,fan,42.38,19.1,0.7734,1,0,6.809,100.0,Harmful
R00735,3,1,2,57.376,2.3991,1.9957,0.65,1,-0.085,20.507,0,0,1,0,210.3,valve,46.17,13.79,0.7511,1,0,9.789,84.57,Inconsistent
R00736,3,4,1,38.701,1.3893,-1.1021,0.876,1,-6.833,17.286,0,0,0,0,150.7,pump,17.75,12.37,0.7906,1,0,7.002,100.0,Harmful
R00737,2,1,1,41.742,0.4089,0.5489,1.449,1,-5.338,19.482,0,0,0,0,291.5,valve,52.15,12.46,0.7752,1,1,22.786,89.61,Harmful
R00738,3,4,1,55.273,-0.7531,0.3357,2.66,0,-5.257,18.425,1,0,0,0,246.0,door,44.27,3.65,0.551,1,1,-10.823,81.82,Protective
R00739,4,1,3,25.941,1.8249,0.7575,2.362,1,13.661,18.457,0,0,0,1,105.8,door,59.51,7.93,0.572,0,0,6.514,36.51,Inconsistent
R00740,4,3,1,44.577,0.0154,0.3453,1.089,0,-1.323,18.801,1,0,0,0,286.8,fan,48.85,18.03,0.8747,0,0,-27.023,88.82,Protective
R00741,4,2,2,40.219,-0.2636,0.8464,1.046,0,20.39,19.387,0,0,0,0,56.8,damper,48.07,17.92,0.9237,0,0,-15.364,95.81,Protective
R00742,3,2,1,48.326,0.915,-0.0459,2.965,1,-1.744,19.464,0,0,0,0,97.0,damper,10.94,19.18,0.5468,0,1,8.695,76.79,Harmful
R00743,2,4,2,54.332,0.2378,-0.0124,2.029,0,-5.505,18.113,0,0,0,0,123.1,valve,31.12,14.08,0.8071,0,0,-6.542,90.97,Protective
R00744,4,1,3,42.403,-0.1567,-0.3936,2.119,0,19.168,18.536,1,0,0,0,255.9,valve,25.41,6.02,0.4657,1,1,2.777,81.26,Ineffective
R00745,2,3,1,8.72,2.0037,1.7025,0.354,1,0.323,17.998,0,0,0,1,160.6,door,48.68,16.95,0.778,0,1,10.271,33.26,Inconsistent
R00746,3,1,2,15.073,2.0593,2.4999,0.494,1,-1.897,19.53,0,0,0,0,53.0,damper,42.91,12.42,0.708,0,0,12.209,88.24,Harmful
R00747,2,3,1,57.469,0.4319,-1.2939,1.024,0,0.503,17.408,0,0,0,0,84.3,valve,35.54,3.73,0.8356,1,0,4.278,91.07,Ineffective
R00748,2,1,1,58.276,2.1747,-1.6311,2.558,1,22.0,18.694,0,0,0,1,23.0,valve,28.15,3.06,0.7953,0,0,3.9,13.6,Inconsistent
R00749,1,2,1,58.208,0.8085,0.9691,2.75,1,4.591,20.914,0,0,0,0,292.1,pump,15.0,13.22,0.7143,1,0,12.159,94.83,Harmful
R00750,4,3,1,7.024,1.4903,1.4704,0.735,1,18.742,20.955,1,1,0,0,198.7,valve,25.65,13.86,0.6405,0,1,6.006,86.71,Harmful
R00751,1,2,1,26.035,1.8045,2.357,2.2,1,-3.519,19.072,0,1,0,0,149.1,valve,40.16,7.56,0.8331,0,0,11.161,80.83,Harmful
R00752,1,2,1,46.782,0.919,0.6379,2.648,0,16.341,17.99,1,0,0,0,101.2,fan,24.71,18.85,0.772,1,1,-12.749,96.42,Protective
R00753,4,1,3,46.409,1.716,1.7958,2.661,1,3.565,19.334,1,0,0,0,210.5,damper,15.8,5.18,0.5544,0,0,4.575,79.26,Harmful
R00754,3,4,1,9.725,0.5312,1.5601,1.485,0,13.239,18.954,0,0,0,0,268.3,valve,10.78,4.78,0.4593,1,1,5.388,71.2,Ineffective
R00755,2,4,2,38.522,2.7571,1.8648,0.925,1,14.5,17.17,0,0,1,0,59.0,door,55.41,8.65,0.9937,1,0,-0.011,97.88,Inconsistent
R00756,3,4,1,12.858,-0.6397,0.7812,2.878,0,-14.124,20.956,1,0,0,0,332.3,fan,21.16,10.97,0.8098,0,0,-6.819,100.0,Protective
R00757,2,4,2,32.127,0.6448,-0.8822,0.974,1,1.079,18.309,0,0,0,0,106.9,damper,56.63,10.39,0.5474,1,1,5.694,86.14,Harmful
R00758,1,3,2,18.183,-0.3145,-0.1084,0.908,0,14.358,18.597,0,0,0,0,151.1,pump,11.13,14.45,0.5448,1,1,-4.178,80.93,Ineffective
R00759,3,4,1,7.924,-0.4681,0.2,0.776,0,16.747,19.054,0,1,0,0,84.0,valve,31.33,5.58,0.4014,1,0,-0.33,88.05,Ineffective
R00760,1,2,1,9.401,-1.1888,0.3002,1.691,1,18.802,20.521,0,0,0,0,160.9,damper,34.73,11.34,0.6414,1,0,4.15,81.96,Harmful
R00761,3,4,1,55.099,1.2749,-0.1381,0.5,0,1.571,20.196,1,1,0,0,900.0,pump,29.72,11.04,0.7836,0,1,-1.244,85.37,Ineffective
R00762,4,1,3,45.956,-0.226,1.9672,1.798,1,23.103,17.822,1,1,0,0,113.6,fan,14.9,18.29,0.7007,1,0,0.165,89.4,Ineffective
R00763,4,1,3,56.25,0.0698,-0.8568,2.842,0,-9.858,19.866,0,0,0,0,34.6,valve,53.8,16.49,0.4281,1,0,-9.136,89.61,Protective
R00764,2,3,1,30.849,-1.5219,0.6991,1.614,0,-22.421,20.498,0,0,0,0,54.8,door,55.94,17.83,0.8633,0,0,-18.208,83.43,Protective
R00765,4,2,2,27.731,1.4207,0.7164,2.903,1,-4.164,19.857,0,1,0,0,142.2,valve,47.71,17.76,0.2502,0,1,3.878,78.31,Harmful
R00766,3,4,1,24.712,0.0146,-0.4575,2.736,1,17.938,17.557,0,0,0,0,129.3,pump,15.4,3.81,0.9244,1,0,3.249,87.56,Harmful
R00767,2,3,1,38.897,-0.336,-0.6766,2.418,1,-16.293,19.156,0,0,0,0,53.8,pump,22.59,11.08,0.6216,0,0,3.587,87.23,Harmful
R00768,1,3,2,24.336,0.0943,-1.8013,1.903,0,-22.048,20.354,0,0,0,0,31.0,pump,24.71,17.68,0.8414,0,1,-3.835,96.82,Ineffective
R00769,2,4,2,46.045,-0.8007,0.3856,2.666,0,-25.808,17.782,1,0,0,0,56.0,pump,57.2,16.85,0.7159,1,1,14.741,88.48,Harmful
R00770,3,4,1,49.072,0.2258,0.3368,1.754,1,11.039,19.154,0,0,0,0,35.6,door,49.98,18.48,0.6175,1,0,25.613,86.28,Harmful
R00771,4,1,3,53.171,0.9718,-0.4258,0.78,1,-21.714,19.678,0,0,0,0,39.5,valve,31.8,2.76,0.6114,1,0,6.81,99.18,Harmful
R00772,1,3,2,18.354,1.6,-1.4761,2.791,1,8.235,19.541,1,0,0,0,33.4,damper,35.21,9.56,0.5735,0,1,0.691,72.74,Ineffective
R00773,3,4,1,33.986,-0.9184,0.3327,1.606,0,-4.921,17.426,0,0,0,0,499.1,valve,49.89,4.09,0.98,1,1,-6.964,93.73,Protective
R00774,4,2,2,17.289,-0.1912,0.2263,2.742,1,-11.559,18.11,0,1,0,0,351.0,valve,13.11,4.21,0.498,0,0,4.811,78.03,Harmful
R00775,4,3,1,7.066,0.8235,-0.3137,1.301,1,-14.981,19.209,1,0,0,0,36.0,fan,29.62,12.05,0.9545,1,0,9.112,93.37,Harmful
R00776,2,4,2,43.93,0.4393,-1.064,1.14,0,3.094,17.835,1,0,0,0,287.7,door,12.58,19.74,0.342,1,0,-3.204,73.31,Ineffective
R00777,1,2,1,35.194,2.2628,0.1614,2.345,1,-11.312,18.335,0,1,0,0,358.8,pump,55.64,15.61,0.3324,0,1,8.993,77.12,Harmful
R00778,2,1,1,44.816,-1.1713,0.37,1.976,0,-0.075,18.66,1,0,0,0,109.6,damper,32.08,11.68,0.8081,0,0,-15.251,96.27,Protective
R00779,4,1,3,9.819,0.482,0.07,1.431,1,6.021,17.054,0,0,1,0,558.0,door,18.97,17.05,0.7853,1,0,-16.502,77.85,Inconsistent
R00780,4,1,3,59.754,1.9758,-0.7885,2.66,1,9.19,19.042,0,0,0,0,50.0,damper,58.96,13.36,0.488,1,0,8.207,87.95,Harmful
R00781,3,4,1,59.689,1.8731,-0.1581,1.646,0,14.015,20.979,0,0,0,0,65.9,damper,53.89,3.54,0.7731,1,1,-9.877,78.71,Protective
R00782,1,4,3,30.575,-0.1931,1.4455,0.236,1,2.471,18.633,0,1,0,0,225.5,damper,35.41,13.28,0.7957,0,0,4.777,96.61,Harmful
R00783,1,4,3,52.633,0.0612,0.4403,2.141,1,-15.751,18.097,0,0,0,1,136.6,damper,56.23,3.39,0.906,1,0,0.13,20.16,Inconsistent
R00784,2,4,2,18.396,0.2811,-0.0316,0.377,0,6.986,18.012,1,1,0,0,240.0,pump,19.13,8.71,0.7974,0,1,1.474,79.4,Ineffective
R00785,3,1,2,45.566,-0.6777,-0.4257,1.547,0,9.843,19.061,0,0,0,0,308.7,door,48.23,8.61,0.8797,1,0,-9.174,97.95,Protective
R00786,1,3,2,53.357,-0.8592,-0.9897,0.738,0,-2.723,18.824,0,1,0,0,32.6,valve,48.66,19.75,0.9349,0,0,-1.209,100.0,Ineffective
R00787,3,1,2,49.807,1.0445,-0.5229,0.878,1,-4.319,20.448,1,0,0,0,113.4,valve,39.62,4.29,0.8415,0,0,-3.354,94.95,Ineffective
R00788,3,1,2,49.648,2.3494,-1.2619,2.943,1,37.128,19.557,0,0,0,0,455.1,door,29.83,17.25,0.7977,1,0,-2.074,78.9,Ineffective
R00789,1,4,3,30.466,-0.5095,1.5812,0.518,1,-19.396,18.595,1,1,0,0,141.4,pump,24.05,7.46,0.6816,1,1,-0.496,80.55,Ineffective
R00790,1,4,3,50.099,1.3983,0.3625,2.322,0,7.405,18.543,1,0,0,0,37.1,fan,42.18,10.65,0.5789,0,1,-3.888,82.97,Ineffective
R00791,2,3,1,42.989,-0.6748,-0.0175,1.985,0,15.69,19.189,0,0,0,0,26.6,valve,26.14,17.96,0.8646,1,1,-10.85,100.0,Protective
R00792,3,1,2,12.285,1.1458,0.6956,0.746,1,-5.119,18.013,0,0,0,0,84.1,pump,16.51,9.57,0.8617,1,1,4.165,91.98,Harmful
R00793,4,3,1,11.28,1.4909,0.2395,2.819,0,-2.528,18.691,0,0,0,0,62.4,valve,52.64,14.18,0.8888,0,1,12.429,100.0,Harmful
R00794,2,4,2,47.456,1.1253,-0.3345,0.764,1,-6.022,18.14,1,1,0,0,168.0,fan,49.97,17.91,0.7193,1,1,5.522,94.51,Harmful
R00795,2,3,1,39.401,-0.3975,-0.4253,1.644,0,0.003,19.062,0,0,0,0,145.1,damper,24.88,5.58,0.725,0,0,-4.434,100.0,Ineffective
R00796,4,3,1,33.566,1.5182,-0.0742,2.413,1,13.492,19.186,0,0,0,0,697.4,door,10.4,7.95,0.8334,1,1,5.962,83.74,Harmful
R00797,2,4,2,54.899,0.6268,2.9114,2.338,1,-2.973,20.387,0,0,0,0,71.2,pump,21.9,12.94,0.554,1,0,9.749,78.59,Harmful
R00798,2,4,2,41.277,0.4214,0.9202,1.095,0,46.659,18.005,0,0,0,0,95.2,pump,38.32,8.72,0.8769,1,0,-2.551,92.05,Ineffective
R00799,2,4,2,26.788,-0.3047,0.0679,2.55,0,-6.791,20.619,0,0,0,0,54.4,valve,44.38,9.96,0.9692,0,0,-0.771,92.66,Ineffective
R00800,1,2,1,27.766,1.6612,1.766,2.894,1,20.663,19.141,0,0,0,0,308.8,valve,30.2,14.86,0.5656,0,1,10.662,85.35,Harmful
R00801,2,4,2,38.288,-0.5942,1.6397,1.527,1,8.159,19.907,0,0,0,0,49.5,valve,52.87,17.62,0.8109,1,0,5.514,99.79,Harmful
R00802,3,1,2,46.815,-1.1135,-1.4805,2.026,0,1.627,19.447,1,0,0,0,234.5,damper,23.09,8.78,0.7091,1,0,-6.198,93.21,Protective
R00803,4,3,1,36.039,-0.6089,0.1771,1.221,1,22.061,20.316,0,0,0,1,156.0,valve,57.18,6.79,0.8456,0,0,-1.915,45.69,Ineffective
R00804,3,4,1,32.982,-0.1564,-0.1163,1.191,0,-24.001,19.653,0,0,0,0,42.9,door,42.37,15.17,0.856,1,1,-15.84,100.0,Protective
R00805,4,1,3,44.98,-1.6295,0.5115,1.515,0,6.378,17.044,1,1,0,0,94.6,door,47.47,12.75,0.6908,1,1,-4.115,97.29,Ineffective
R00806,3,1,2,43.79,0.1082,0.176,0.752,1,-10.746,18.561,0,0,0,0,206.4,damper,36.99,15.37,0.8774,1,0,0.526,82.16,Ineffective
R00807,1,4,3,50.669,-0.3075,0.3015,2.13,1,-6.54,20.753,0,0,0,1,260.3,door,60.0,18.92,0.6892,0,1,-2.257,34.57,Inconsistent
R00808,2,4,2,8.44,2.2797,-0.0613,0.664,1,-7.245,18.806,0,0,0,1,116.7,damper,18.23,6.13,0.3822,0,0,0.457,29.26,Inconsistent
R00809,4,2,2,46.522,-1.0907,0.9489,0.215,0,-14.457,20.314,0,1,0,0,74.5,fan,32.71,15.65,0.7304,0,0,-4.53,88.59,Ineffective
R00810,1,4,3,33.257,-0.4865,-1.0433,1.431,1,-24.789,20.476,0,0,0,0,225.4,damper,23.2,6.89,0.7799,0,0,-3.903,91.35,Ineffective
R00811,4,2,2,9.108,0.1483,-0.5274,0.414,0,5.832,18.33,1,1,1,1,127.4,damper,23.52,6.42,0.6951,1,0,-9.12,41.81,Inconsistent
R00812,3,4,1,42.346,2.4868,-1.4437,1.775,1,-0.988,20.431,0,0,0,0,47.1,door,50.61,14.96,0.3549,0,1,14.724,73.68,Harmful
R00813,2,1,1,44.41,-0.2161,-1.1296,1.657,0,-4.509,18.51,0,0,0,0,122.9,fan,38.65,7.16,0.7652,0,0,-11.191,93.73,Protective
R00814,4,2,2,33.799,0.7613,0.7172,0.584,1,11.388,17.101,0,0,0,1,487.5,valve,15.18,2.23,0.5601,0,0,-4.295,8.93,Inconsistent
R00815,4,1,3,48.659,2.0908,0.7362,0.889,1,6.779,19.778,1,1,0,0,169.5,door,56.47,9.59,0.7814,1,1,10.903,89.33,Harmful
R00816,1,3,2,21.514,0.7782,-0.4132,0.268,0,-4.003,20.281,0,0,0,0,78.3,damper,17.2,8.51,0.5994,0,0,1.627,72.88,Ineffective
R00817,1,4,3,16.105,0.3254,1.024,1.863,0,45.764,18.806,1,0,0,0,273.8,damper,45.54,2.43,0.6854,1,1,-4.936,84.85,Ineffective
R00818,3,1,2,24.29,0.2177,1.754,1.02,1,15.27,17.694,0,1,0,0,123.4,pump,43.91,8.29,0.7594,1,0,0.583,89.55,Ineffective
R00819,4,2,2,27.553,1.256,0.3308,2.196,1,36.672,19.461,1,0,0,0,40.3,pump,51.32,8.5,0.7832,1,0,8.307,93.63,Harmful
R00820,1,3,2,43.276,-1.4608,0.1504,1.964,0,-6.224,19.953,1,0,1,0,253.5,damper,41.89,11.57,0.9013,1,0,-13.259,87.95,Inconsistent
R00821,3,2,1,51.504,0.1763,-0.0525,1.246,1,3.745,19.619,0,0,0,0,88.0,pump,29.06,10.86,0.9132,0,0,2.988,85.01,Harmful
R00822,1,4,3,44.651,2.2315,1.0269,0.261,1,-18.574,18.423,1,1,0,0,202.5,pump,20.13,4.95,0.8662,1,0,9.765,86.55,Harmful
R00823,3,4,1,14.569,2.102,-0.7941,1.096,1,-4.957,18.473,1,0,1,0,79.8,pump,36.99,14.54,0.8278,1,1,3.993,87.2,Inconsistent
R00824,3,1,2,25.142,1.2375,2.1958,1.11,1,-8.759,19.196,0,0,0,0,113.2,valve,11.64,18.44,0.8556,1,1,12.387,99.49,Harmful
R00825,1,3,2,13.713,-2.0294,1.04,1.132,0,44.933,17.774,0,1,0,0,54.5,pump,36.17,16.3,0.6767,1,0,1.414,90.94,Ineffective
R00826,3,4,1,42.77,-1.3082,-1.2989,2.87,0,-10.387,20.385,1,0,0,0,119.9,damper,18.64,4.86,0.8627,0,0,-17.573,99.13,Protective
R00827,4,3,1,18.649,0.1205,-0.389,0.661,1,-3.511,17.409,1,0,0,0,406.9,damper,42.25,11.95,0.8357,1,1,10.834,84.45,Harmful
R00828,4,1,3,33.896,-0.2717,0.3212,0.956,0,-21.805,18.946,1,1,0,0,272.6,valve,30.59,5.4,0.9027,1,0,-1.423,87.56,Ineffective
R00829,1,3,2,48.551,-0.4504,0.0617,2.531,1,8.006,20.438,1,0,1,0,118.0,valve,47.96,9.18,0.9346,1,0,9.87,93.21,Inconsistent
R00830,1,2,1,41.902,-0.3463,0.4446,2.79,0,-13.503,19.118,0,0,0,0,76.6,valve,39.51,17.79,0.3476,0,1,-9.282,76.3,Protective
R00831,1,2,1,21.411,2.5673,0.0406,1.511,1,13.778,20.044,1,0,0,0,109.8,fan,34.94,4.1,0.4904,1,1,-1.144,88.85,Ineffective
R00832,2,1,1,23.308,1.2008,1.9248,1.712,1,-26.825,17.958,0,0,0,0,201.3,door,42.89,18.94,0.9613,1,0,18.638,81.76,Harmful
R00833,1,2,1,40.935,0.1188,-0.0917,0.348,0,-1.824,18.782,1,1,0,0,57.2,damper,21.09,8.07,0.9075,1,0,-5.85,94.28,Protective
R00834,4,1,3,35.221,-0.2176,2.8206,2.463,1,-27.687,19.852,0,1,0,0,55.7,damper,56.16,13.14,0.7202,1,0,-0.125,89.08,Ineffective
R00835,4,3,1,10.302,-0.839,1.0027,1.865,1,-7.358,20.553,1,1,1,0,359.4,fan,13.54,10.89,0.8645,0,1,8.815,86.68,Inconsistent
R00836,4,3,1,53.07,-0.4282,-0.9494,1.541,1,-4.308,19.572,1,1,1,1,152.5,damper,27.18,11.96,0.4831,1,1,0.75,37.27,Inconsistent
R00837,1,2,1,33.194,-1.7794,1.9865,1.047,0,-8.985,17.971,0,1,0,0,127.7,door,12.87,13.29,0.503,1,1,1.416,72.5,Ineffective
R00838,1,2,1,31.035,0.875,1.4987,1.443,1,-7.503,17.585,1,0,0,0,394.1,door,39.3,3.6,0.7835,1,0,10.777,88.62,Harmful
R00839,4,3,1,15.914,0.2839,0.2801,2.259,0,14.568,20.366,1,0,0,0,28.1,damper,29.03,5.6,0.5566,0,0,-4.989,89.46,Ineffective
R00840,2,1,1,25.735,-1.0653,0.5466,0.426,0,32.617,19.216,0,1,0,0,175.5,damper,12.85,15.56,0.3534,0,0,-1.731,82.97,Ineffective
R00841,3,2,1,23.305,0.0479,-1.289,1.619,0,5.09,17.735,0,0,0,0,100.4,fan,43.34,15.5,0.7506,1,0,-12.311,94.94,Protective
R00842,4,2,2,19.89,2.269,-1.4044,0.297,1,-12.901,18.943,0,1,0,0,54.2,damper,57.91,11.99,0.8625,1,0,5.887,93.71,Harmful
R00843,1,2,1,36.207,1.8577,-0.1417,2.362,0,0.961,17.505,0,1,0,0,112.2,damper,15.35,19.03,0.5299,0,1,-6.615,86.78,Protective
R00844,1,4,3,30.425,1.5704,1.7788,0.791,1,-5.314,17.421,1,0,0,0,380.2,fan,21.02,2.79,0.6021,1,0,9.414,91.16,Harmful
R00845,1,2,1,53.906,-0.2748,0.2957,2.729,0,13.341,20.68,0,0,0,1,77.1,damper,23.63,18.24,0.8847,1,0,1.367,37.86,Inconsistent
R00846,1,2,1,56.774,0.6381,1.6092,1.533,0,4.318,19.179,0,0,0,0,127.7,damper,44.0,9.8,0.8177,1,1,-16.458,100.0,Protective
R00847,1,4,3,17.071,2.1518,1.7212,1.48,1,-23.667,17.996,0,1,0,0,275.3,fan,29.32,18.42,0.7341,1,0,-0.16,100.0,Ineffective
R00848,4,2,2,10.506,-2.1072,-0.0794,1.209,0,16.469,20.525,0,1,0,0,544.1,damper,47.73,10.39,0.753,1,1,-4.56,87.86,Ineffective
R00849,3,4,1,48.194,2.2821,1.5838,1.646,1,14.503,20.996,0,0,0,0,575.8,pump,33.14,15.86,0.8748,1,0,13.045,82.58,Harmful
R00850,4,1,3,59.717,0.2554,1.9226,1.146,1,22.425,20.537,0,0,1,0,134.8,door,11.17,19.71,0.5379,0,1,12.369,85.55,Inconsistent
R00851,4,2,2,52.498,0.265,0.3198,1.208,1,-7.747,19.99,1,0,0,0,25.7,pump,18.7,17.73,0.8791,0,0,6.937,100.0,Harmful
R00852,4,1,3,6.303,-0.4549,-0.3138,0.748,0,4.515,20.848,0,0,0,0,128.9,pump,26.0,3.61,0.6699,1,0,-6.415,94.43,Protective
R00853,1,4,3,18.819,0.2201,0.0405,1.167,0,-17.772,17.79,0,0,0,0,271.8,valve,41.71,16.13,0.7929,0,0,-9.35,91.44,Protective
R00854,2,4,2,7.384,-1.2113,-2.5119,2.473,0,-0.769,20.511,1,1,0,0,50.2,pump,44.04,10.34,0.6455,0,0,-4.731,82.95,Ineffective
R00855,4,2,2,50.143,0.5152,0.6804,0.888,1,5.955,18.435,0,0,0,1,502.7,door,42.0,7.2,0.7581,1,0,7.357,46.22,Harmful
R00856,1,3,2,36.977,0.4253,0.6204,2.5,0,-9.541,17.129,1,0,0,1,155.7,door,13.09,14.82,0.8563,0,1,1.459,31.95,Inconsistent
R00857,1,3,2,33.255,0.1186,0.0445,2.612,0,5.135,17.13,0,1,1,0,111.1,fan,28.46,9.81,0.7359,0,0,-13.085,94.18,Inconsistent
R00858,3,1,2,35.495,0.2808,0.2447,2.066,0,2.52,17.751,1,1,0,0,70.9,valve,41.76,12.58,0.7922,1,1,-6.013,100.0,Protective
R00859,4,3,1,18.885,0.476,0.3565,0.286,1,-6.748,20.118,0,0,0,0,141.9,pump,41.98,16.08,0.8403,1,0,6.072,92.19,Harmful
R00860,4,2,2,38.09,1.4937,-1.597,1.771,1,20.962,20.587,1,0,0,0,135.1,door,38.98,16.81,0.7461,1,1,10.556,93.4,Harmful
R00861,4,2,2,6.687,0.9564,1.5626,2.533,0,-3.517,17.512,0,0,0,0,45.2,valve,31.3,10.41,0.8885,1,1,-2.763,92.66,Ineffective
R00862,1,3,2,40.531,1.7964,0.0322,1.224,1,1.993,20.382,0,0,0,0,39.6,damper,10.45,9.93,0.861,1,0,5.091,94.29,Harmful
R00863,4,1,3,45.394,1.2276,-0.2178,0.992,1,-22.004,20.022,0,0,0,0,36.4,pump,37.96,9.44,0.6027,1,1,-0.256,93.55,Ineffective
R00864,4,3,1,42.016,1.7389,1.758,1.1,1,7.788,17.209,0,0,0,0,57.1,door,23.08,14.18,0.9258,0,0,12.927,97.56,Harmful
R00865,3,1,2,23.266,1.6711,1.3787,1.385,1,-7.153,19.926,0,0,0,0,729.3,damper,27.62,19.06,0.8336,0,0,5.38,80.91,Harmful
R00866,4,3,1,50.444,3.4765,0.6731,0.396,1,14.358,17.154,0,0,1,0,28.1,damper,39.87,6.82,0.6432,0,1,11.854,89.05,Inconsistent
R00867,4,3,1,44.355,2.0181,1.1694,0.866,1,-19.667,18.05,0,0,0,0,211.9,valve,33.92,7.14,0.5921,1,1,4.844,72.4,Harmful
R00868,2,1,1,12.056,-0.1887,-1.255,2.011,0,6.46,19.124,0,0,0,0,143.8,pump,31.62,13.66,0.8514,1,0,-4.577,100.0,Ineffective
R00869,1,4,3,15.733,-1.0117,-0.1809,1.523,0,-32.731,20.637,0,0,0,0,238.7,damper,30.28,10.06,0.909,1,0,-3.217,86.76,Ineffective
R00870,2,1,1,40.041,0.5389,1.6948,0.893,1,9.238,17.421,1,0,0,0,93.0,pump,48.24,2.85,0.7073,0,1,11.188,96.9,Harmful
R00871,1,3,2,20.918,0.4682,-0.2771,2.806,1,-2.622,18.393,1,0,0,0,137.1,damper,34.74,3.3,0.7356,1,0,0.222,90.54,Ineffective
R00872,1,4,3,11.569,0.4114,-1.0983,1.028,0,5.99,19.308,0,0,0,0,461.4,valve,40.98,12.88,0.5376,1,1,-0.206,81.36,Ineffective
R00873,1,2,1,13.523,0.0997,0.4786,0.562,1,-9.002,19.961,0,0,0,0,88.4,pump,14.7,8.8,0.8252,0,0,0.929,92.26,Ineffective
R00874,3,2,1,14.109,1.0922,0.0021,0.758,0,-14.239,20.662,0,0,0,0,88.6,damper,40.51,13.24,0.9088,1,0,-3.448,93.17,Ineffective
R00875,3,4,1,31.278,-1.4896,0.5476,1.03,0,-6.518,18.875,1,0,0,0,213.1,damper,12.85,15.55,0.4321,0,0,-9.853,74.33,Protective
R00876,3,2,1,38.406,-0.8325,-0.9782,1.663,1,2.88,20.364,1,0,0,0,120.1,damper,48.58,8.15,0.9081,0,0,6.87,100.0,Harmful
R00877,3,4,1,14.702,0.6649,-2.1494,0.386,1,8.649,19.468,0,0,0,0,62.0,door,10.53,12.47,0.8995,1,0,1.224,100.0,Harmful
R00878,3,1,2,44.187,-0.0426,1.3212,2.594,1,4.558,17.816,0,0,0,1,215.0,pump,47.23,9.61,0.5262,0,1,3.798,34.65,Inconsistent
R00879,3,4,1,20.456,-1.3582,-1.183,2.657,0,-14.051,19.318,0,0,0,0,252.9,door,36.46,18.61,0.8938,0,0,-14.812,97.15,Protective
R00880,1,2,1,22.136,0.1629,-0.21,1.091,1,27.565,18.255,0,0,1,1,69.5,damper,45.35,19.37,0.6922,1,1,8.38,28.58,Inconsistent
R00881,4,3,1,17.292,-0.8615,-2.2832,2.371,0,4.992,19.815,0,0,0,0,138.4,valve,22.23,14.16,0.9427,1,0,-12.037,87.62,Protective
R00882,2,1,1,48.186,-0.0899,0.9229,1.879,0,-9.335,18.138,1,0,0,0,41.9,valve,36.28,8.87,0.8382,1,0,-4.02,99.33,Ineffective
R00883,1,2,1,57.79,-0.7205,0.2503,2.567,0,6.363,18.051,0,0,0,0,287.9,door,52.21,19.08,0.4813,0,1,-24.749,77.81,Protective
R00884,4,1,3,32.087,-0.6391,0.2102,0.976,0,3.84,20.781,0,0,0,0,164.0,pump,20.63,8.04,0.7642,0,0,0.289,94.2,Ineffective
R00885,3,2,1,7.312,0.7951,0.7035,1.909,1,-2.63,20.635,1,0,0,0,215.4,valve,11.29,11.53,0.8196,1,1,3.61,86.34,Harmful
R00886,1,4,3,19.331,1.8142,-1.6602,0.404,1,-4.392,18.807,1,1,0,0,91.7,valve,47.65,18.93,0.9065,1,0,5.494,81.19,Harmful
R00887,1,2,1,13.693,1.3707,-1.0852,0.226,0,14.773,20.062,0,0,0,0,43.5,fan,45.18,12.95,0.8992,1,0,-0.18,93.4,Ineffective
R00888,1,3,2,51.352,0.9478,-0.0517,2.649,1,25.918,20.928,1,0,0,0,80.8,damper,17.51,9.22,0.7408,1,1,0.991,88.47,Ineffective
R00889,2,3,1,9.667,1.0255,-0.3487,1.025,1,-30.54,17.355,0,1,0,0,42.1,door,27.1,2.58,0.9293,0,0,2.764,100.0,Harmful
R00890,1,4,3,58.156,0.6168,0.1285,1.447,1,18.458,19.425,0,0,0,1,21.0,damper,30.86,16.23,0.7378,0,0,2.121,32.33,Inconsistent
R00891,3,1,2,37.368,1.2812,0.6462,0.849,1,0.299,18.014,0,1,0,0,289.5,damper,11.95,3.56,0.7017,0,0,6.877,100.0,Harmful
R00892,3,4,1,33.476,0.2902,0.9064,2.655,0,3.55,20.2,0,0,0,0,351.7,valve,29.05,3.62,0.6333,1,0,-0.189,83.76,Ineffective
R00893,4,1,3,51.604,2.1258,-1.0802,1.277,1,20.275,17.406,0,0,0,0,242.7,fan,14.7,6.09,0.3461,0,1,6.261,77.63,Harmful
R00894,3,1,2,6.515,-1.9887,-0.1088,0.702,0,-39.822,20.155,1,0,0,0,41.2,valve,59.67,13.35,0.4912,1,0,-8.558,85.49,Protective
R00895,3,2,1,47.743,-0.3345,0.6115,1.902,0,12.222,17.802,1,0,0,0,136.8,fan,59.08,18.08,0.9392,1,1,-29.392,95.64,Protective
R00896,3,4,1,11.413,1.1392,-0.5241,0.775,1,19.237,18.824,0,0,0,0,208.8,pump,38.33,2.15,0.7569,1,1,0.871,90.25,Ineffective
R00897,1,4,3,51.243,-0.1263,-0.2928,0.93,0,-10.329,20.255,0,0,0,0,156.9,pump,33.97,14.2,0.6402,0,1,-5.311,83.07,Protective
R00898,1,3,2,34.105,-0.1392,0.8666,2.084,1,-20.909,17.27,0,0,0,0,114.0,valve,58.3,11.39,0.824,1,1,11.026,91.81,Harmful
R00899,3,2,1,8.362,-0.4994,0.4112,2.886,1,24.599,20.713,0,0,0,0,20.3,damper,43.37,13.18,0.5314,1,1,-5.374,83.91,Protective
R00900,1,4,3,50.828,1.6063,1.0742,2.313,1,-26.346,17.869,1,0,0,0,89.7,pump,16.62,14.42,0.5004,1,0,8.043,85.83,Harmful
R00901,1,2,1,6.502,0.0431,0.4947,0.548,1,6.28,19.003,0,0,0,0,86.8,pump,20.61,13.86,0.7422,1,1,1.314,100.0,Harmful
R00902,1,2,1,12.61,-0.9549,0.0881,1.075,1,15.347,19.938,0,0,0,0,42.7,damper,42.77,16.95,0.7831,1,0,12.463,100.0,Harmful
R00903,4,3,1,48.88,1.6566,-0.7727,2.43,1,5.949,17.494,0,0,0,0,211.9,door,57.39,3.96,0.7526,1,1,12.375,100.0,Harmful
R00904,2,3,1,30.568,1.259,0.6472,0.97,1,8.469,19.435,1,0,0,1,121.4,valve,26.62,6.02,0.5779,1,1,4.692,43.86,Inconsistent
R00905,3,4,1,53.476,0.6841,0.5,2.272,1,-3.975,19.062,0,0,0,1,255.4,door,15.85,17.2,0.8644,1,1,-0.663,54.53,Ineffective
R00906,2,4,2,39.949,-1.0146,-1.0928,1.521,0,6.941,19.343,0,1,0,0,180.0,pump,47.95,3.28,0.9099,1,1,-3.013,92.27,Ineffective
R00907,1,4,3,39.294,0.6866,0.9821,2.676,1,-10.627,19.65,0,0,0,0,121.9,door,20.27,19.65,0.5803,1,1,8.486,90.96,Harmful
R00908,2,1,1,21.073,1.1156,1.1679,1.206,0,-8.684,18.683,0,0,0,0,82.5,damper,14.82,10.18,0.7036,0,1,-5.171,89.55,Protective
R00909,1,3,2,12.352,-1.7147,-0.7601,2.817,0,0.533,18.195,0,0,0,1,30.9,fan,44.49,8.36,0.8673,1,1,-7.947,70.82,Protective
R00910,4,1,3,57.864,-1.664,-0.8276,1.341,0,-23.098,17.735,0,0,0,0,215.4,pump,37.31,9.99,0.9126,1,1,-10.613,92.96,Protective
R00911,1,3,2,10.764,-0.7278,-0.8641,2.233,0,8.656,20.756,0,0,0,0,46.5,valve,31.97,7.13,0.7525,0,0,-5.032,88.89,Protective
R00912,2,1,1,34.096,-0.1266,-1.7787,0.747,0,-37.211,18.606,0,0,0,1,200.8,pump,12.67,16.86,0.66,1,1,-3.979,52.57,Ineffective
R00913,4,1,3,19.991,-0.5963,1.9045,1.686,0,5.442,18.129,0,0,0,0,57.0,door,10.65,13.09,0.8441,1,1,0.225,91.95,Ineffective
R00914,3,1,2,19.528,0.5428,-0.5489,1.068,0,6.853,17.21,0,1,0,1,264.9,damper,30.83,7.18,0.7917,1,1,2.007,53.21,Ineffective
R00915,2,3,1,37.702,0.9888,-0.9585,0.236,0,-11.918,20.005,1,0,1,0,214.3,damper,40.13,16.04,0.6558,0,0,-21.491,89.53,Inconsistent
R00916,3,4,1,48.886,1.0788,-0.7268,1.424,1,-18.509,19.111,1,0,0,0,216.2,fan,53.84,14.76,0.9411,0,0,27.035,100.0,Harmful
R00917,4,1,3,47.745,0.4604,-0.488,0.683,0,-6.123,17.764,0,1,0,0,177.7,door,39.84,12.57,0.8303,1,0,-1.117,93.97,Ineffective
R00918,2,1,1,52.784,0.1721,-0.7952,2.884,0,9.595,20.573,0,0,0,0,174.4,valve,34.37,9.98,0.8084,1,1,-5.533,93.52,Protective
R00919,3,2,1,21.11,0.8095,1.8381,2.464,1,5.185,20.735,0,0,0,0,82.7,pump,18.79,17.26,0.8965,1,0,3.316,97.98,Harmful
R00920,4,1,3,30.616,-0.4936,-0.8487,2.271,1,-16.673,20.523,1,0,0,0,273.7,door,17.87,5.73,0.6801,1,0,-0.248,88.3,Ineffective
R00921,3,2,1,5.513,-1.128,-1.6385,1.469,0,1.585,19.244,0,1,0,0,49.2,door,40.57,18.32,0.6379,1,0,3.35,95.02,Ineffective
R00922,2,4,2,46.077,-1.4509,0.4518,0.925,0,3.929,18.493,0,1,1,0,44.9,door,27.74,12.74,0.7108,1,1,-10.874,95.79,Inconsistent
R00923,1,4,3,21.629,0.6515,0.2928,1.108,1,3.294,17.648,1,0,0,0,57.9,damper,17.79,19.01,0.5771,0,1,-4.056,83.43,Ineffective
R00924,1,4,3,35.882,1.0323,0.1771,0.772,1,-14.799,18.509,0,0,0,1,349.0,pump,29.92,18.84,0.5843,1,1,-1.196,30.3,Inconsistent
R00925,4,1,3,14.312,-0.6493,0.9596,1.745,1,2.336,19.449,0,0,0,0,65.4,damper,46.79,3.5,0.6771,0,0,0.297,89.1,Ineffective
R00926,3,2,1,50.067,-0.0274,0.0367,2.472,0,13.766,17.906,0,0,0,1,262.7,valve,13.89,8.02,0.4426,1,0,-1.386,1.96,Inconsistent
R00927,2,4,2,49.95,-0.9752,-0.1468,0.725,0,8.054,18.856,0,1,0,0,305.7,door,16.65,13.79,0.7318,0,1,-4.115,76.04,Ineffective
R00928,2,3,1,53.26,-1.1692,-1.5056,0.213,0,6.172,19.292,0,0,0,0,47.0,damper,39.27,4.32,0.8029,0,1,-13.694,85.11,Protective
R00929,3,4,1,7.527,0.1747,-1.2681,0.552,1,24.64,19.926,1,0,0,0,119.4,damper,37.52,11.84,0.9418,0,1,-8.249,93.96,Protective
R00930,3,2,1,59.585,-0.3205,-0.3004,1.491,1,2.517,17.365,0,0,0,0,179.1,valve,17.73,8.14,0.9296,0,1,3.497,92.57,Harmful
R00931,3,1,2,18.628,0.5067,-1.1844,0.252,0,-12.629,20.468,1,1,0,1,57.1,door,40.08,19.99,0.6512,0,0,-4.42,51.24,Ineffective
R00932,2,4,2,22.019,-0.268,0.1692,1.329,0,-12.581,18.824,0,1,0,0,128.8,pump,41.61,5.61,0.5214,0,0,-3.311,81.6,Ineffective
R00933,3,4,1,18.713,1.6152,-1.3987,0.511,1,2.64,19.328,1,0,0,0,344.3,fan,14.15,3.99,0.5142,1,1,-2.895,70.16,Ineffective
R00934,2,1,1,19.714,0.3565,-0.0472,0.502,1,-21.563,20.761,1,1,0,0,34.4,door,46.28,10.2,0.5366,1,0,-0.808,79.15,Ineffective
R00935,4,1,3,35.396,0.3943,0.2269,2.195,1,-4.665,17.672,1,0,0,0,210.2,damper,15.63,6.39,0.8145,1,1,3.512,90.36,Harmful
R00936,1,2,1,18.19,1.7734,-0.1397,2.999,0,6.963,20.538,1,1,0,0,79.1,valve,47.92,16.56,0.7256,1,1,-4.626,97.29,Ineffective
R00937,1,3,2,26.657,-1.7231,0.299,0.745,0,17.567,20.218,0,0,1,1,451.9,pump,22.08,2.31,0.8096,0,0,-6.104,29.24,Inconsistent
R00938,2,1,1,41.058,2.0845,0.0735,0.843,1,-23.16,20.976,0,0,0,0,129.7,pump,21.27,13.74,0.5301,1,1,-3.678,84.47,Ineffective
R00939,3,4,1,50.981,1.5545,-0.7675,1.03,0,1.486,18.572,1,1,0,0,128.2,door,43.5,9.34,0.7564,1,1,-7.516,100.0,Protective
R00940,3,4,1,43.101,0.6658,1.1445,2.398,0,-1.024,17.507,0,0,0,0,580.9,damper,43.11,18.77,0.8758,1,0,-14.777,80.69,Protective
R00941,2,4,2,37.688,-0.4305,-0.42,1.617,0,0.563,17.057,0,0,0,1,437.1,valve,23.5,18.45,0.7766,1,0,0.93,36.0,Inconsistent
R00942,4,1,3,13.125,2.2269,1.8191,1.798,1,2.123,20.17,1,1,0,0,33.9,damper,58.28,16.41,0.8519,1,1,8.16,92.91,Harmful
R00943,2,4,2,49.886,0.4782,0.0749,1.73,1,-0.475,17.546,1,1,0,0,96.6,valve,29.42,9.73,0.6643,1,0,1.297,81.62,Harmful
R00944,1,2,1,7.05,-0.8058,-0.1163,2.825,0,20.883,18.224,0,0,0,0,680.6,damper,30.25,9.67,0.9538,1,0,-1.628,81.16,Ineffective
R00945,1,2,1,19.531,-0.4883,-0.2387,0.298,0,18.66,20.949,1,0,1,0,621.0,damper,20.03,2.38,0.6447,1,0,-2.966,75.76,Inconsistent
R00946,4,1,3,8.138,-0.6702,0.1312,0.642,0,32.149,18.768,1,1,0,0,214.4,pump,12.91,18.7,0.3554,1,1,-4.368,90.67,Ineffective
R00947,1,4,3,41.709,-1.0466,-0.5198,1.27,0,-0.159,17.925,0,0,0,0,72.2,fan,50.96,19.59,0.8004,0,0,-12.015,86.54,Protective
R00948,4,3,1,25.26,1.91,0.4961,1.566,1,-6.16,20.013,0,0,0,0,169.6,valve,26.73,5.79,0.2834,1,1,2.474,92.77,Harmful
R00949,2,4,2,40.863,0.0266,1.9308,0.519,1,-14.516,18.086,0,0,0,0,23.1,pump,34.51,10.51,0.9428,1,0,-4.579,100.0,Ineffective
R00950,1,3,2,24.087,0.7704,1.4489,2.701,1,-7.792,19.124,0,0,1,0,120.6,valve,49.2,12.41,0.6695,1,1,12.436,100.0,Inconsistent
R00951,2,1,1,30.066,-1.5438,0.9557,2.098,0,10.719,17.629,0,0,1,0,162.4,pump,15.36,11.72,0.7069,0,1,2.56,95.44,Inconsistent
R00952,3,4,1,30.188,0.8308,-0.9419,2.81,1,13.028,18.843,1,0,0,1,178.5,valve,40.91,10.63,0.6611,1,0,-1.058,9.4,Inconsistent
R00953,2,4,2,7.507,-1.2559,-1.2801,2.834,0,10.133,17.434,1,0,0,0,100.9,door,28.16,12.91,0.6397,0,1,-8.902,86.69,Protective
R00954,4,3,1,28.662,-1.2805,0.1178,1.635,0,-9.967,20.092,1,0,1,0,498.0,door,51.76,16.21,0.492,0,0,-10.99,75.4,Inconsistent
R00955,3,2,1,40.259,-0.2093,0.6707,2.588,0,-9.886,18.461,0,0,0,0,255.3,fan,29.45,9.46,0.6415,1,1,-13.575,83.07,Protective
R00956,2,3,1,35.033,0.957,-0.6191,2.263,0,29.347,18.275,0,0,1,0,139.9,door,57.69,3.34,0.6642,0,0,3.16,99.89,Inconsistent
R00957,3,2,1,9.141,0.3404,-0.7976,1.209,0,-12.48,20.975,0,0,0,0,131.6,fan,28.68,6.96,0.4398,1,0,-4.528,80.72,Ineffective
R00958,4,2,2,41.743,1.3091,1.7938,2.041,1,21.248,20.319,1,1,0,0,208.7,door,11.58,4.15,0.2082,1,0,-0.823,62.61,Ineffective
R00959,2,1,1,21.987,-0.2299,0.5859,2.868,0,6.069,19.216,0,0,0,0,22.0,pump,37.36,12.87,0.8926,1,1,-6.949,95.3,Protective
R00960,1,2,1,5.794,0.4644,1.458,2.339,1,-10.989,20.777,0,1,0,0,57.3,fan,16.47,11.16,0.8553,0,0,0.307,93.62,Ineffective
R00961,2,4,2,13.558,1.5911,-0.0415,2.186,1,-17.767,17.846,1,0,0,0,156.7,valve,16.96,4.7,0.2732,1,0,2.716,76.75,Harmful
R00962,4,3,1,32.366,-0.6632,-0.62,0.821,0,-10.334,19.294,0,1,0,0,65.9,door,34.1,8.12,0.7874,0,0,-7.851,93.82,Protective
R00963,1,2,1,22.072,0.7344,0.8489,2.527,0,6.264,20.716,0,0,0,0,56.9,pump,24.37,18.43,0.8791,1,0,-5.639,97.7,Protective
R00964,4,3,1,43.191,2.0359,0.1373,1.291,1,-13.644,19.279,0,1,0,0,102.0,valve,37.16,17.69,0.8857,1,0,11.885,100.0,Harmful
R00965,3,4,1,18.236,-0.0414,-0.2109,1.947,1,23.316,18.232,1,0,0,0,181.3,damper,42.97,12.56,0.9684,1,0,10.832,99.1,Harmful
R00966,3,2,1,47.504,0.1056,-0.5132,2.098,1,-3.118,20.247,0,0,0,0,60.9,damper,55.0,2.31,0.3952,1,0,1.029,68.73,Harmful
R00967,2,4,2,20.756,-0.6457,-0.6113,1.643,0,10.507,17.555,0,0,0,0,63.8,door,24.37,16.2,0.647,0,1,-4.561,81.99,Ineffective
R00968,4,1,3,39.148,-1.567,0.7751,0.664,0,9.296,17.608,1,0,0,0,154.9,door,35.53,2.93,0.881,0,0,-4.175,91.24,Ineffective
R00969,1,2,1,48.957,0.3306,-1.1097,2.153,1,24.329,19.924,1,0,0,0,589.3,valve,48.06,18.48,0.9014,1,0,15.658,89.31,Harmful
R00970,2,1,1,26.206,1.2014,0.5291,0.892,0,-6.57,17.277,0,0,0,0,146.0,valve,39.14,12.48,0.7821,1,0,-8.158,93.75,Protective
R00971,2,3,1,7.574,-1.1456,-0.8082,0.943,0,1.591,17.203,1,0,0,0,49.0,pump,28.05,6.58,0.9236,1,1,-8.012,89.72,Protective
R00972,2,4,2,34.45,1.2252,-0.3103,0.555,0,-21.021,18.516,1,0,0,0,28.2,door,14.31,3.72,0.5017,1,1,0.787,91.47,Ineffective
R00973,2,3,1,59.747,0.3666,0.2538,1.936,1,1.547,18.592,0,0,0,0,147.6,fan,19.5,15.26,0.5522,0,0,9.146,89.79,Harmful
R00974,1,4,3,58.295,2.014,-0.3207,0.529,0,17.1,18.879,1,0,0,0,212.4,fan,11.84,4.4,0.45,0,0,6.751,89.21,Harmful
R00975,1,3,2,17.156,0.1182,0.1129,1.167,1,3.292,19.963,0,0,0,0,76.5,fan,40.73,10.38,0.1975,1,0,9.535,74.91,Harmful
R00976,1,4,3,46.563,0.656,-0.0444,2.691,1,34.69,19.275,1,0,0,1,340.4,valve,35.29,2.39,0.8428,1,1,1.199,31.51,Inconsistent
R00977,3,4,1,23.972,-0.1102,-0.1714,1.469,1,7.796,19.854,0,0,0,0,334.2,damper,24.97,18.44,0.693,1,0,9.654,86.82,Harmful
R00978,2,3,1,13.815,0.1123,1.7198,2.705,1,-8.106,17.2,1,1,0,0,423.9,fan,57.48,15.91,0.4543,0,1,7.082,66.28,Harmful
R00979,3,1,2,41.625,1.2382,-0.075,1.58,0,6.836,18.263,1,0,0,0,151.3,valve,35.06,4.84,0.7528,0,1,-2.881,96.37,Ineffective
R00980,3,1,2,32.548,1.2745,0.2741,0.701,1,-21.951,20.866,0,0,0,0,103.1,pump,59.49,13.5,0.8345,0,1,9.326,94.07,Harmful
R00981,3,2,1,34.658,1.8288,-0.2447,2.325,1,-11.985,18.711,1,0,0,0,85.1,valve,28.39,10.6,0.8402,1,0,6.628,98.6,Harmful
R00982,3,2,1,50.507,-0.5156,-0.0079,1.19,1,-18.255,17.89,0,0,0,0,213.1,pump,41.12,3.56,0.489,1,1,1.274,67.08,Harmful
R00983,3,2,1,23.51,1.4548,-0.2412,2.906,1,0.242,20.968,0,0,0,1,94.4,damper,25.5,10.39,0.7045,1,0,8.542,11.52,Inconsistent
R00984,3,4,1,41.69,-1.0714,0.6653,0.934,0,-0.908,18.645,1,0,0,0,137.7,door,56.61,8.67,0.7203,0,0,-16.813,85.61,Protective
R00985,3,4,1,25.141,-0.5373,-0.3536,2.502,1,18.077,18.915,1,0,0,0,112.2,valve,22.83,6.15,0.5345,0,0,4.047,94.21,Harmful
R00986,3,2,1,7.35,1.0388,-1.8462,1.583,1,-1.486,17.895,1,0,0,0,26.9,valve,19.82,18.85,0.9522,1,0,5.737,96.4,Harmful
R00987,2,4,2,25.791,0.1285,-0.0417,2.558,0,-15.038,19.625,1,0,0,0,240.3,valve,41.84,6.09,0.8617,1,1,-5.747,91.59,Protective
R00988,1,4,3,57.252,0.8533,0.1206,0.713,1,23.39,17.829,0,0,0,0,72.0,door,26.28,13.97,0.8626,0,0,1.181,93.57,Harmful
R00989,4,2,2,31.579,0.6176,-0.6858,1.974,0,-44.17,19.44,0,0,0,0,53.8,damper,53.6,19.52,0.7958,0,1,-5.443,96.44,Protective
R00990,2,3,1,10.953,0.7736,0.8116,0.517,0,0.577,20.03,1,0,0,0,647.7,valve,16.08,2.37,0.5808,1,1,1.55,75.37,Ineffective
R00991,3,1,2,42.83,1.3697,-2.8335,2.455,0,3.264,19.61,1,0,0,0,62.6,damper,13.06,4.51,0.5965,0,1,-2.133,84.77,Ineffective
R00992,1,4,3,57.986,-1.2903,1.4762,0.86,0,-0.154,17.362,0,0,0,0,167.9,valve,11.37,14.64,0.895,1,0,-0.585,97.19,Ineffective
R00993,2,4,2,54.937,2.302,1.4547,1.397,1,7.501,17.319,0,0,0,0,29.1,valve,25.17,11.88,0.5536,1,1,9.75,88.16,Harmful
R00994,3,4,1,36.458,1.7823,-0.7281,2.037,0,1.66,20.369,1,0,0,1,100.2,door,50.3,16.66,0.6163,1,1,3.68,5.2,Inconsistent
R00995,3,4,1,25.695,-0.4662,-0.5508,1.539,0,7.495,20.618,0,1,0,0,26.3,fan,56.11,10.62,0.9249,0,0,-7.073,94.81,Protective
R00996,3,2,1,36.937,-0.8685,0.9044,2.381,1,-9.033,17.543,1,1,0,1,77.4,pump,55.16,18.48,0.7808,0,0,-2.237,21.37,Inconsistent
R00997,2,1,1,49.876,-1.4835,0.4312,2.127,0,-21.886,18.502,0,0,0,0,81.3,fan,56.57,5.82,0.6665,0,1,-18.728,92.33,Protective
R00998,4,3,1,52.368,0.3381,-0.2339,0.565,1,-0.695,19.616,0,1,0,0,44.2,valve,24.94,10.76,0.803,1,0,7.694,84.76,Harmful
R00999,3,4,1,50.036,1.9141,-1.7168,2.366,0,-15.398,20.342,0,0,0,1,144.0,valve,37.61,17.46,0.504,1,1,-5.18,10.08,Inconsistent
R01000,4,2,2,30.051,-0.0829,2.0137,1.386,0,-10.928,20.636,1,0,0,0,41.1,fan,27.53,4.44,0.9131,0,1,-0.836,100.0,Ineffective
R01001,3,2,1,11.537,0.1828,1.3561,1.874,1,17.422,19.795,1,0,0,0,173.3,fan,45.29,12.41,0.9635,0,0,-12.769,90.73,Protective
R01002,3,1,2,36.305,-0.7854,0.0569,0.806,0,23.37,17.59,0,0,1,0,298.7,pump,55.44,9.33,0.8099,1,0,-11.933,89.63,Inconsistent
R01003,4,2,2,13.604,-1.4227,0.0758,1.385,0,17.141,20.073,1,1,0,0,37.9,pump,18.24,12.61,0.8282,1,1,-4.87,88.28,Ineffective
R01004,1,3,2,8.353,0.7746,0.5213,2.488,0,14.361,20.436,0,1,1,1,53.7,valve,34.09,4.74,0.8083,1,1,7.698,28.29,Inconsistent
R01005,4,1,3,32.427,0.7079,1.1411,2.794,1,0.899,18.405,0,0,0,0,229.2,valve,32.44,12.42,0.6791,1,0,6.307,85.62,Harmful
R01006,4,1,3,41.046,1.9998,-2.1864,2.828,0,15.232,18.977,1,0,0,0,184.5,fan,55.39,12.55,0.99,0,0,-13.114,99.95,Protective
R01007,3,2,1,51.978,0.5282,-0.4509,2.16,0,5.334,17.666,0,0,0,0,230.7,fan,54.29,12.57,0.7473,1,1,-18.872,84.9,Protective
R01008,3,4,1,48.056,1.6299,-0.0548,0.421,1,29.212,18.218,0,0,0,0,96.7,door,53.06,5.21,0.3763,1,0,14.554,93.02,Harmful
R01009,3,4,1,52.148,-0.3421,-0.2614,1.439,0,-13.772,20.479,1,0,1,0,184.2,damper,47.3,9.02,0.989,1,0,-17.852,88.66,Inconsistent
R01010,2,4,2,46.804,-1.191,0.6708,0.741,0,10.089,17.355,0,0,0,0,37.0,pump,55.85,10.17,0.7975,0,0,-10.26,96.27,Protective
R01011,4,3,1,43.678,-0.9736,-1.8901,2.153,0,-18.964,20.05,1,1,0,0,95.6,fan,59.85,13.82,0.9738,0,0,6.669,86.8,Harmful
R01012,1,3,2,5.558,-1.4692,-1.4491,0.652,0,10.175,17.391,0,0,0,0,24.4,pump,16.51,19.09,0.8031,0,0,-6.121,95.51,Protective
R01013,2,4,2,39.436,1.7104,-0.2817,2.937,1,-25.787,18.17,0,0,0,0,25.6,door,55.59,3.48,0.7145,1,0,6.401,99.91,Harmful
R01014,3,1,2,11.626,-0.4849,0.0543,0.745,0,-18.203,19.33,0,0,0,0,28.8,damper,37.61,19.07,0.8287,0,1,-6.822,97.45,Protective
R01015,4,1,3,8.227,0.8525,0.7321,0.348,0,-19.239,17.013,0,0,0,0,65.0,damper,23.44,17.46,0.8404,1,0,-2.201,86.14,Ineffective
R01016,2,3,1,13.603,0.9359,2.0313,2.562,1,3.782,19.701,1,0,0,1,218.9,pump,38.46,9.0,0.8902,1,0,6.34,56.34,Harmful
R01017,2,3,1,50.281,0.5072,0.1136,0.766,1,5.318,18.265,0,0,0,0,89.3,damper,34.81,12.07,0.5285,1,1,14.646,93.57,Harmful
R01018,1,4,3,45.912,-0.3696,1.2305,0.267,1,36.757,19.994,1,0,0,0,203.4,damper,37.05,6.74,0.7554,1,1,5.113,87.06,Harmful
R01019,1,4,3,57.182,0.2016,0.6102,1.735,0,-1.369,20.901,0,1,0,0,41.1,pump,28.61,10.92,0.9286,0,0,3.034,98.08,Ineffective
R01020,1,2,1,58.844,0.5814,0.9417,2.914,1,11.588,18.666,0,1,0,0,209.7,pump,42.3,16.69,0.6833,0,1,9.544,88.64,Harmful
R01021,1,2,1,54.131,0.8022,-0.1243,0.949,0,2.413,17.12,0,0,0,0,54.2,damper,43.86,2.13,0.2494,1,1,-2.507,69.22,Ineffective
R01022,4,1,3,12.311,-0.8154,-0.4995,1.344,0,10.333,20.396,0,0,0,0,209.4,valve,13.09,18.05,0.7904,0,0,1.767,85.02,Ineffective
R01023,4,3,1,53.311,0.5161,-1.1654,0.864,0,2.155,18.098,0,0,0,0,119.2,damper,48.52,11.56,0.6377,0,0,-20.268,88.45,Protective
R01024,4,2,2,51.125,2.4408,-0.7316,1.762,1,16.494,17.594,0,0,0,0,82.0,valve,37.25,13.05,0.8685,1,1,11.041,100.0,Harmful
R01025,1,4,3,52.91,0.1726,0.2471,1.104,0,-15.79,20.517,0,0,0,0,113.8,door,53.7,10.57,0.4614,1,1,-7.482,79.39,Protective
R01026,1,3,2,13.343,1.5853,0.3456,1.856,1,-36.712,17.93,0,0,0,0,87.1,pump,42.54,6.38,0.8455,0,0,3.038,92.8,Harmful
R01027,2,1,1,11.424,0.4719,-0.5155,1.538,0,6.261,19.421,1,0,0,0,264.1,valve,59.68,8.8,0.7304,1,0,-8.374,93.88,Protective
R01028,3,1,2,55.809,2.6981,1.0648,2.801,1,-27.076,18.016,0,0,0,0,183.7,damper,47.12,11.04,0.688,1,0,5.173,92.81,Harmful
R01029,2,3,1,14.56,0.2716,-0.3005,2.076,0,19.676,19.85,0,0,1,0,48.0,damper,32.13,9.69,0.7488,0,0,-20.013,100.0,Inconsistent
R01030,2,1,1,25.274,1.5,-0.5132,2.111,1,-8.222,19.595,0,0,0,0,74.9,pump,21.94,12.53,0.4812,0,0,-5.154,90.54,Protective
R01031,1,4,3,30.079,0.7637,0.1335,1.562,1,-15.574,19.037,1,0,0,0,26.9,fan,41.65,2.57,0.9536,0,1,-5.547,100.0,Protective
R01032,3,2,1,11.844,-0.8744,0.7206,1.049,0,40.508,19.22,0,1,0,0,172.1,door,34.87,14.84,0.838,1,1,-2.823,94.5,Ineffective
R01033,2,1,1,6.135,-0.4082,-0.6235,1.079,1,-0.277,17.909,0,0,0,0,113.0,pump,31.61,11.85,0.6188,0,1,1.177,97.14,Harmful
R01034,1,2,1,59.675,1.1669,0.1093,1.611,0,-3.152,17.088,0,0,0,0,94.4,pump,51.42,18.43,0.5642,0,0,-14.687,82.65,Protective
R01035,3,4,1,53.216,-1.1084,-0.1554,0.737,0,11.22,20.203,1,0,0,0,53.9,damper,55.86,10.89,0.7744,0,0,22.33,98.52,Harmful
R01036,4,2,2,55.179,1.5459,-0.3608,0.571,1,12.232,20.557,0,0,0,0,26.8,damper,32.85,2.66,0.591,1,1,7.159,86.15,Harmful
R01037,1,2,1,20.651,1.216,0.1066,1.243,1,17.087,20.111,1,0,1,0,239.9,valve,11.55,16.62,0.7662,1,0,10.811,86.31,Inconsistent
R01038,2,4,2,17.106,0.8178,-1.6717,0.565,0,-19.995,19.832,0,0,0,0,258.1,door,53.96,18.95,0.7685,0,1,-10.412,90.09,Protective
R01039,4,1,3,28.423,-0.6147,0.0096,0.846,0,8.042,18.888,1,1,0,0,484.6,fan,12.18,13.04,0.6675,0,1,-5.022,81.0,Protective
R01040,3,1,2,29.933,-0.8907,-1.4647,1.698,0,-4.398,19.336,1,0,0,0,334.8,door,32.46,8.88,0.5844,0,0,0.138,78.23,Ineffective
R01041,4,2,2,5.308,1.1784,1.4724,2.412,1,-13.815,19.767,1,0,0,0,349.9,damper,26.59,11.88,0.824,0,0,4.451,86.75,Harmful
R01042,2,4,2,47.859,-0.3923,-0.192,0.829,0,0.722,17.105,1,0,0,0,83.4,door,28.05,17.63,0.9312,1,0,-8.11,96.1,Protective
R01043,2,1,1,59.817,-0.431,-0.1718,2.417,1,-27.169,18.695,0,0,0,0,86.1,fan,41.98,3.51,0.4681,1,0,12.397,88.68,Harmful
R01044,3,1,2,34.078,1.8385,1.0606,0.244,0,13.844,17.899,1,0,0,0,110.2,pump,52.79,3.0,0.6216,0,0,0.601,88.23,Ineffective
R01045,1,3,2,26.354,-0.8914,-1.1318,2.992,0,-4.36,18.458,0,0,0,0,50.5,fan,46.0,17.0,0.5841,0,0,-11.583,91.42,Protective
R01046,1,2,1,26.601,-1.0936,-0.8477,1.647,0,-7.163,19.997,1,0,0,0,59.3,damper,31.78,5.03,0.6489,1,1,5.853,92.48,Ineffective
R01047,3,1,2,10.284,0.5579,-1.4292,1.532,1,-2.065,18.454,0,0,1,0,76.0,valve,48.56,14.67,0.7421,0,0,5.51,87.87,Inconsistent
R01048,3,4,1,19.639,2.0529,1.7095,2.022,1,-2.513,19.956,1,1,0,0,203.7,pump,42.31,18.46,0.6992,1,0,5.773,90.49,Harmful
R01049,1,2,1,32.617,-1.3667,2.2729,1.53,1,17.11,20.887,0,0,0,0,20.0,valve,34.55,6.34,0.8981,0,1,5.572,79.74,Harmful
R01050,3,1,2,28.752,1.9699,-1.2736,1.342,1,-16.436,20.694,0,0,0,0,24.3,damper,26.7,18.85,0.9231,0,1,0.801,100.0,Ineffective
R01051,2,3,1,34.977,-0.1115,-0.4158,1.239,1,-5.733,20.311,0,0,0,0,213.1,fan,34.39,16.57,0.4454,0,1,9.492,96.61,Harmful
R01052,3,1,2,51.699,0.1645,-0.0302,2.938,0,-3.248,20.412,0,0,0,0,32.0,damper,49.32,14.32,0.6918,1,0,-5.055,93.01,Protective
R01053,4,1,3,17.388,0.124,-0.1157,2.612,1,-15.977,18.576,0,0,0,0,58.5,fan,44.28,11.6,0.8366,0,0,-8.554,90.3,Protective
R01054,1,4,3,6.522,2.7919,0.3687,1.607,1,2.39,19.926,1,1,0,0,21.1,fan,50.4,6.01,0.7267,0,1,4.013,96.16,Harmful
R01055,4,3,1,7.102,0.0246,-0.2176,2.542,0,-10.858,19.668,0,0,0,0,404.3,pump,59.23,12.49,0.8126,1,0,-4.987,77.14,Ineffective
R01056,2,3,1,12.379,0.0919,0.8076,0.617,1,-21.064,20.932,1,0,0,0,136.8,door,58.52,2.83,0.7849,0,1,10.588,100.0,Harmful
R01057,4,2,2,36.377,0.4989,-0.561,1.682,1,7.893,19.3,1,0,0,0,72.4,valve,55.93,9.4,0.839,1,1,8.074,98.07,Harmful
R01058,2,4,2,49.45,-0.0104,0.0927,1.46,0,23.209,18.719,1,0,0,0,276.7,damper,47.72,13.56,0.5187,1,0,6.263,76.94,Harmful
R01059,2,4,2,53.774,0.9777,-0.7161,1.11,1,0.726,20.349,1,1,0,0,43.2,pump,59.66,17.99,0.6337,0,1,2.796,81.59,Harmful
R01060,4,2,2,39.931,1.2388,-0.0119,2.772,1,-1.549,19.998,0,0,0,0,167.6,fan,33.74,5.51,0.5963,1,0,4.113,69.43,Harmful
R01061,3,2,1,27.173,-0.1014,-1.8368,2.531,0,-1.867,17.499,1,0,0,0,130.6,damper,17.17,2.75,0.8038,1,0,-3.472,95.37,Ineffective
R01062,1,3,2,13.498,-0.5772,-0.0045,2.74,1,-7.739,19.385,0,0,0,0,145.3,valve,50.36,2.06,0.6619,1,0,-3.415,77.32,Ineffective
R01063,3,4,1,27.078,0.4597,-0.1727,1.979,1,17.551,19.369,0,1,0,0,71.2,valve,18.65,16.68,0.8829,1,1,4.656,92.7,Harmful
R01064,4,2,2,23.283,1.4067,1.3436,1.253,1,1.411,19.526,0,0,0,1,103.2,damper,35.65,8.51,0.6711,1,1,4.714,33.51,Inconsistent
R01065,2,3,1,52.851,0.1301,0.3407,2.319,1,-32.68,20.766,0,0,0,0,53.7,valve,55.08,4.09,0.9405,1,1,8.779,93.61,Harmful
R01066,4,2,2,31.77,0.5728,0.0225,0.504,0,17.984,19.408,0,0,0,0,61.0,damper,49.23,16.48,0.8725,0,0,-5.224,85.85,Protective
R01067,3,4,1,17.441,0.8317,0.3775,2.589,1,14.308,20.48,0,0,0,0,40.3,damper,25.78,3.8,0.517,1,0,8.68,87.34,Harmful
R01068,2,3,1,20.884,0.5823,-1.7291,0.281,1,9.024,18.434,1,1,0,0,52.6,damper,21.67,12.04,0.8242,0,0,2.244,94.61,Harmful
R01069,1,4,3,12.506,1.9941,-1.5969,2.491,1,-41.331,17.23,0,0,0,0,184.6,valve,40.42,13.65,0.6474,1,1,3.777,86.14,Harmful
R01070,3,4,1,55.522,-1.8381,-0.4187,2.171,0,-0.044,18.501,1,0,0,1,20.6,door,47.82,18.23,0.5555,1,1,-15.106,41.0,Inconsistent
R01071,1,4,3,7.769,0.1247,0.6786,0.448,1,13.401,19.131,1,1,0,0,245.2,fan,48.22,9.8,0.8691,1,0,-2.434,100.0,Ineffective
R01072,4,3,1,5.707,1.1324,-0.3349,0.612,0,5.692,20.333,1,1,0,0,70.0,fan,48.3,14.22,0.5742,0,0,-6.647,86.58,Protective
R01073,3,1,2,15.064,2.63,-0.4641,1.467,1,3.077,19.527,1,0,0,0,287.3,fan,10.14,2.26,0.5897,1,1,3.623,89.3,Harmful
R01074,2,1,1,49.598,2.186,-0.3403,1.04,0,13.433,18.769,1,0,0,0,34.1,fan,45.05,11.36,0.753,1,0,-19.974,89.81,Protective
R01075,1,2,1,33.791,0.8504,0.0729,2.628,1,2.09,18.847,0,1,0,0,633.7,valve,42.87,9.98,0.5453,1,1,2.618,64.12,Harmful
R01076,3,4,1,39.421,1.2579,1.179,0.74,1,18.054,20.987,0,0,0,0,46.3,door,30.06,7.35,0.4367,1,0,7.155,87.6,Harmful
R01077,1,2,1,24.675,1.6174,1.123,1.368,1,2.426,17.565,0,0,0,0,108.9,damper,59.93,18.55,0.5462,1,1,19.691,76.46,Harmful
R01078,2,4,2,8.777,2.0751,-0.1534,0.929,1,1.233,17.822,0,0,0,0,49.4,pump,32.44,13.87,0.7291,0,0,7.41,99.78,Harmful
R01079,4,2,2,52.089,0.2131,-0.1499,0.556,0,13.386,19.501,0,0,1,0,259.4,door,13.51,12.18,0.9138,1,1,6.589,91.71,Inconsistent
R01080,4,3,1,15.554,0.8261,0.1762,0.927,0,-5.979,19.806,0,0,0,0,26.2,fan,12.98,4.36,0.8258,1,0,3.572,92.88,Ineffective
R01081,4,2,2,6.818,0.3598,0.3246,2.608,0,-16.459,18.58,1,0,0,0,164.5,fan,31.3,14.25,0.6098,1,1,-6.098,79.59,Protective
R01082,4,1,3,36.499,1.3222,2.0526,2.203,1,0.057,17.129,0,0,0,0,225.4,pump,40.8,10.23,0.6063,0,1,9.333,85.06,Harmful
R01083,3,2,1,9.581,-1.0184,-0.1281,2.76,0,8.856,19.088,1,1,0,0,218.7,fan,59.95,14.61,0.6212,0,0,6.041,82.95,Harmful
R01084,1,4,3,10.267,0.4708,1.5687,1.335,1,13.88,17.577,0,0,0,0,25.1,door,31.78,15.25,0.8733,0,1,5.671,85.09,Harmful
R01085,4,3,1,49.021,-0.6228,-1.2601,0.873,0,13.963,17.224,1,0,0,0,44.0,fan,38.67,16.82,0.6627,0,0,-16.626,88.98,Protective
R01086,4,2,2,32.039,-1.2889,-0.7377,0.274,0,-1.03,18.379,0,0,0,0,507.5,valve,52.16,10.01,0.8521,0,1,-13.095,84.94,Protective
R01087,4,2,2,18.283,-1.7516,-2.2358,1.586,0,-2.571,17.543,1,0,0,0,134.8,door,45.49,17.78,0.4688,1,1,-11.621,87.02,Protective
R01088,3,1,2,24.174,-0.5236,0.0513,0.311,0,-8.882,18.756,0,0,1,0,175.4,door,55.55,8.58,0.453,0,0,-4.394,78.74,Inconsistent
R01089,1,4,3,45.108,-0.3639,0.5475,0.212,0,3.748,20.047,0,0,0,0,72.5,door,41.97,13.94,0.422,0,0,-7.877,83.16,Protective
R01090,3,4,1,8.649,0.005,-2.6554,1.893,0,-24.617,17.188,1,1,0,0,111.0,pump,56.9,8.45,0.7768,0,0,-6.628,88.74,Protective
R01091,2,1,1,11.406,1.3557,0.5883,0.662,1,0.341,19.0,0,0,0,1,54.1,door,42.06,18.07,0.7714,1,0,6.346,22.33,Inconsistent
R01092,4,1,3,38.894,0.0881,0.5042,1.767,0,42.745,18.988,1,0,0,0,133.1,valve,16.4,9.63,0.6818,1,1,1.759,86.43,Ineffective
R01093,2,4,2,38.383,0.5431,0.9472,1.806,1,-22.558,17.007,0,0,0,0,25.9,door,27.18,5.78,0.8766,0,0,-0.063,98.13,Ineffective
R01094,2,3,1,58.485,-0.1151,-0.7959,2.227,1,2.353,19.953,0,0,0,0,344.7,door,33.18,19.71,0.88,0,0,15.497,86.88,Harmful
R01095,1,3,2,25.6,0.7771,0.6731,1.273,0,5.668,17.359,0,0,0,0,34.7,door,50.05,7.42,0.6739,1,0,-7.056,88.79,Protective
R01096,4,3,1,8.579,0.6982,0.4093,2.174,1,7.597,20.728,1,0,0,0,71.9,pump,24.85,18.36,0.6839,0,0,3.453,97.4,Harmful
R01097,4,3,1,34.565,-0.5338,0.491,1.225,0,-14.5,19.557,1,1,0,0,40.1,door,34.64,17.11,0.3178,0,1,-8.981,82.3,Protective
R01098,1,4,3,40.109,0.6135,0.2741,0.474,1,7.734,18.151,0,0,0,0,198.8,door,21.21,11.68,0.9482,1,0,8.947,100.0,Harmful
R01099,2,3,1,12.678,0.0673,0.781,1.068,1,-8.018,20.701,0,0,0,0,151.9,damper,28.72,7.12,0.5636,1,1,3.204,74.73,Harmful
R01100,2,3,1,35.407,-0.6307,1.0092,0.221,0,-21.414,18.602,0,1,0,0,179.5,damper,24.01,3.25,0.5912,0,0,-3.378,97.18,Ineffective
R01101,2,1,1,15.877,0.2375,0.196,1.495,1,14.279,18.041,0,0,0,0,389.6,pump,56.98,6.56,0.8266,1,0,7.387,89.13,Harmful
R01102,4,2,2,51.46,-0.3873,0.1841,2.273,0,9.969,18.538,0,0,0,0,37.1,valve,55.22,17.97,0.8541,0,1,-12.989,94.58,Protective
R01103,1,2,1,50.934,0.5558,1.1498,2.397,0,-14.498,19.446,0,0,0,0,205.5,fan,46.52,7.1,0.9519,1,0,-12.076,99.46,Protective
R01104,2,1,1,28.63,0.3071,-0.2332,0.85,0,-8.157,19.894,0,0,0,0,121.4,damper,16.13,6.2,0.8644,0,0,-1.472,100.0,Ineffective
R01105,1,3,2,58.171,2.3467,-0.7254,0.496,1,-8.7,19.647,0,0,0,0,466.7,door,57.12,3.03,0.7266,0,0,8.794,76.77,Harmful
R01106,1,2,1,58.888,1.1117,0.576,0.719,0,-24.654,20.685,0,1,0,1,289.6,door,17.84,11.31,0.7501,0,0,1.576,7.57,Inconsistent
R01107,4,3,1,12.109,2.7564,1.8349,2.954,1,11.436,20.825,0,0,0,0,206.0,fan,12.73,11.81,0.8351,0,0,10.634,92.83,Harmful
R01108,4,2,2,25.224,1.3592,1.6888,1.074,1,11.999,17.788,1,0,0,0,492.4,pump,12.21,14.38,0.92,0,1,4.219,76.02,Harmful
R01109,1,3,2,38.018,1.3431,1.115,1.402,1,-4.989,20.65,1,0,0,0,103.4,pump,24.0,17.61,0.8966,1,1,8.815,88.01,Harmful
R01110,3,2,1,9.666,0.3126,-1.9442,0.412,1,-0.422,17.427,1,0,1,0,165.0,pump,18.05,3.89,0.7831,0,1,6.073,100.0,Inconsistent
R01111,1,3,2,26.046,1.626,-0.2358,2.41,1,1.72,20.828,1,0,0,0,228.6,damper,18.53,8.71,0.4833,1,0,1.888,74.24,Harmful
R01112,1,3,2,19.364,0.1439,-0.1846,1.456,1,3.666,18.037,0,0,0,0,46.3,pump,24.2,13.07,0.7934,0,0,1.912,84.49,Harmful
R01113,2,4,2,57.363,-0.6705,0.4449,0.445,1,-20.213,18.063,1,0,0,0,33.3,valve,54.1,5.44,0.7274,0,0,8.142,97.36,Harmful
R01114,1,2,1,27.637,1.4263,1.5883,1.524,0,7.327,18.686,0,0,0,0,304.5,fan,55.25,6.88,0.6786,0,0,-9.243,90.45,Protective
R01115,2,3,1,46.947,-0.4492,-0.6805,2.197,1,-17.633,17.727,0,0,0,0,215.1,pump,55.31,16.31,0.8746,0,1,15.189,100.0,Harmful
R01116,4,3,1,26.269,1.2389,2.6422,1.525,1,10.221,20.311,1,0,0,0,78.8,door,49.12,2.62,0.7523,0,0,4.612,81.79,Harmful
R01117,3,4,1,12.25,-0.0803,0.0177,2.912,1,-15.973,17.499,1,0,0,0,194.4,valve,42.98,18.08,0.6178,0,1,6.762,83.84,Harmful
R01118,3,1,2,52.473,1.9267,-0.3669,2.641,1,-19.502,18.757,0,0,0,0,210.7,fan,39.46,16.12,0.6998,1,0,12.708,92.42,Harmful
R01119,2,3,1,5.023,1.1629,0.7452,1.641,0,-0.421,20.629,1,0,0,0,41.5,door,59.69,7.84,0.5453,1,0,-6.028,84.6,Protective
R01120,1,2,1,8.077,0.4292,0.8243,2.833,0,-0.758,19.542,0,0,0,0,72.6,fan,25.61,8.24,0.8115,1,0,2.487,100.0,Ineffective
R01121,1,3,2,25.041,1.1464,0.5499,2.472,0,1.556,19.429,0,0,0,0,76.9,damper,46.71,6.38,0.8313,1,0,-2.614,90.8,Ineffective
R01122,2,1,1,42.779,-0.0927,-0.8695,1.231,0,-13.391,20.979,1,0,1,0,131.1,damper,13.25,2.13,0.2435,1,1,8.507,75.99,Inconsistent
R01123,1,3,2,23.794,3.0342,0.902,2.36,1,3.042,17.09,0,0,0,1,342.6,valve,14.39,14.72,0.8578,0,1,8.518,41.36,Inconsistent
R01124,4,1,3,8.647,0.6462,-1.1336,1.616,0,4.455,18.279,1,0,0,0,87.7,damper,39.25,16.32,0.4556,0,0,-6.676,92.56,Protective
R01125,4,1,3,22.481,-0.1006,-0.3972,1.71,1,17.486,17.5,1,0,0,0,26.4,door,52.85,5.3,0.6453,1,0,7.444,93.22,Harmful
R01126,4,1,3,18.474,0.8696,0.3051,1.658,1,2.775,17.738,0,0,0,0,22.3,damper,55.1,9.17,0.398,1,1,5.369,81.81,Harmful
R01127,3,2,1,5.298,0.6475,-0.42,2.45,1,-8.991,17.864,1,0,0,0,157.9,valve,11.38,10.18,0.2985,1,0,1.762,73.28,Harmful
R01128,3,4,1,34.414,0.5496,1.4527,2.772,1,-20.206,19.508,0,0,0,0,133.0,fan,24.22,3.61,0.5439,1,0,7.665,86.48,Harmful
R01129,3,1,2,11.416,-1.7571,-0.6782,1.095,0,-22.954,18.088,1,0,0,0,63.8,valve,52.77,7.22,0.7128,0,0,-0.152,94.03,Ineffective
R01130,2,3,1,20.812,1.1869,0.1795,1.997,1,4.845,19.657,1,0,0,0,93.5,damper,37.53,7.21,0.7208,1,1,9.002,92.6,Harmful
R01131,3,1,2,40.265,-0.5858,-0.4802,1.96,1,11.898,19.952,1,0,0,0,108.7,damper,18.28,17.43,0.7279,1,0,2.908,90.84,Harmful
R01132,4,3,1,44.881,-1.7254,1.4376,2.685,1,-13.353,18.608,1,0,0,0,169.4,valve,32.83,3.91,0.8322,0,0,6.948,94.1,Harmful
R01133,4,2,2,19.49,-0.444,-0.7661,1.452,0,3.829,19.145,0,1,0,1,41.7,pump,49.45,6.26,0.8325,0,0,-0.92,20.68,Inconsistent
R01134,3,1,2,23.106,-0.8559,1.042,0.732,0,-2.613,17.528,0,1,0,0,100.2,door,48.86,10.18,0.6182,0,1,0.384,89.43,Ineffective
R01135,1,2,1,18.58,-0.9615,0.9685,0.769,0,10.774,20.011,0,1,0,0,183.2,damper,52.95,4.49,0.8466,1,0,-2.811,91.06,Ineffective
R01136,3,4,1,57.629,-3.2031,-0.5459,0.344,0,12.991,18.676,1,0,0,0,137.8,damper,11.07,5.64,0.6994,0,0,-4.278,82.1,Ineffective
R01137,2,1,1,15.479,-0.9508,-0.0703,0.482,0,-33.993,20.339,0,1,0,0,62.8,damper,25.43,19.19,0.5057,0,1,-2.766,86.51,Ineffective
R01138,3,4,1,15.075,0.6264,-0.0737,1.043,1,15.482,19.105,0,0,1,0,62.8,door,25.16,17.63,0.9267,1,0,-3.694,96.95,Inconsistent
R01139,3,1,2,29.477,0.1658,0.9457,0.487,1,3.783,19.787,0,0,0,0,63.4,fan,22.95,4.3,0.6686,0,0,6.436,81.31,Harmful
R01140,4,1,3,15.412,1.1873,0.2055,2.639,1,-7.97,18.434,1,0,0,0,93.4,fan,31.83,6.89,0.4679,0,1,6.363,91.05,Harmful
R01141,2,3,1,13.619,2.1927,-0.0175,1.214,1,-7.552,18.487,0,0,0,0,532.2,valve,30.72,17.66,0.8532,0,1,8.41,81.33,Harmful
R01142,4,2,2,10.273,0.4164,-0.0538,1.232,0,0.476,18.746,1,0,0,0,144.6,damper,29.99,8.32,0.7922,0,1,-3.995,91.89,Ineffective
R01143,4,3,1,40.209,1.8264,-1.1822,2.321,1,-7.556,19.544,0,0,0,1,24.9,damper,31.8,9.95,0.7253,0,0,7.1,49.42,Harmful
R01144,2,3,1,38.665,1.9091,0.3242,1.044,1,-14.055,19.026,1,1,0,1,58.4,valve,25.61,5.29,0.8008,1,0,7.191,20.65,Inconsistent
R01145,2,1,1,40.759,-1.1189,0.5496,2.203,0,-10.617,20.217,1,0,0,0,50.4,door,59.06,11.84,0.9066,1,0,18.151,100.0,Harmful
R01146,3,1,2,47.532,1.2391,0.5381,2.503,1,-15.602,17.219,0,0,0,0,140.5,damper,38.53,4.61,0.6098,0,0,6.05,90.47,Harmful
R01147,4,3,1,22.95,1.7952,1.3517,1.208,1,20.199,20.602,0,0,0,1,69.6,pump,33.18,11.43,0.8011,0,1,4.784,15.76,Inconsistent
R01148,3,4,1,55.513,0.364,0.0227,1.538,1,0.839,20.704,1,0,0,1,273.2,pump,21.98,18.54,0.5037,0,0,5.077,16.02,Inconsistent
R01149,4,3,1,45.326,-0.8906,-0.5593,1.102,0,33.793,17.976,1,0,0,0,341.2,door,22.78,10.59,0.6264,1,1,-11.987,80.5,Protective
R01150,2,3,1,49.259,1.3304,-0.7173,1.385,1,5.566,17.403,0,0,0,0,345.0,door,47.97,16.78,0.775,0,1,24.129,83.34,Harmful
R01151,3,2,1,44.653,-0.6816,-0.0057,1.826,1,8.834,19.287,1,0,1,0,219.4,pump,30.77,12.33,0.6456,0,0,11.666,89.02,Inconsistent
R01152,2,4,2,24.715,-0.288,2.3659,1.179,1,-15.924,17.257,1,1,0,1,210.1,door,26.28,8.61,0.9007,0,0,1.604,30.75,Inconsistent
R01153,4,2,2,20.567,-0.7668,0.1755,1.5,0,-3.273,17.919,0,0,0,0,216.1,door,19.3,18.96,0.6987,0,0,-1.45,92.86,Ineffective
R01154,2,3,1,28.238,1.2505,-0.1855,1.589,1,1.09,19.03,0,0,0,0,271.3,pump,59.71,19.94,0.6689,1,0,20.987,84.14,Harmful
R01155,3,1,2,10.337,1.0189,-0.6061,0.269,1,-9.559,19.455,1,1,1,0,490.9,fan,28.1,7.85,0.8484,0,0,5.75,75.26,Inconsistent
R01156,1,2,1,29.82,0.9324,-1.6985,0.658,0,-6.972,17.777,0,0,0,0,81.1,damper,19.63,19.8,0.824,1,0,-9.736,100.0,Protective
R01157,4,2,2,7.373,-1.0219,-0.9304,1.716,0,6.302,20.731,1,1,0,1,30.1,pump,46.88,19.71,0.7141,1,1,-5.375,11.85,Inconsistent
R01158,2,1,1,5.217,-0.1755,1.1592,0.207,1,6.596,17.725,0,1,0,0,44.0,door,55.15,7.74,0.8671,1,0,10.683,90.15,Harmful
R01159,2,3,1,56.232,1.3239,-0.027,2.172,1,-20.054,17.615,0,0,0,0,269.1,fan,47.83,10.2,0.7807,1,0,17.712,88.14,Harmful
R01160,3,4,1,42.914,0.0013,-0.5582,2.735,1,4.256,17.649,0,0,0,0,120.1,door,28.61,2.74,0.8077,1,1,9.706,95.23,Harmful
R01161,2,3,1,35.902,-0.7035,-0.9482,2.313,0,8.295,20.718,1,1,0,0,70.9,fan,46.63,2.29,0.8505,1,1,-2.624,91.0,Ineffective
R01162,4,1,3,23.761,-1.0568,1.0495,1.08,1,-8.854,20.515,0,0,0,0,123.9,fan,25.95,4.85,0.7861,1,1,4.004,96.35,Harmful
R01163,3,4,1,36.38,0.1908,-0.1813,1.46,0,-10.379,17.132,0,0,0,0,51.8,fan,34.38,6.83,0.9186,1,0,-6.909,90.36,Protective
R01164,3,4,1,54.037,1.4413,-0.7272,2.022,0,6.622,19.906,0,1,0,0,75.1,pump,15.12,18.05,0.9017,1,0,-4.331,100.0,Ineffective
R01165,1,3,2,40.881,-1.1293,-0.4084,2.105,0,-38.596,17.294,0,0,0,0,127.5,pump,24.28,7.89,0.5646,0,0,-4.928,75.03,Ineffective
R01166,1,2,1,38.137,1.8217,2.6059,2.937,1,0.031,17.301,1,0,0,0,455.2,door,35.41,14.91,0.7734,1,0,22.448,80.4,Harmful
R01167,2,1,1,30.311,-0.1594,1.1196,1.58,0,24.516,17.304,0,0,0,0,155.1,pump,13.67,19.04,0.6157,1,1,-6.637,94.33,Protective
R01168,4,3,1,24.013,-1.8654,1.3686,0.899,0,-38.945,20.318,0,1,0,0,141.4,fan,46.7,11.47,0.4227,1,1,-2.445,78.46,Ineffective
R01169,4,3,1,43.42,-0.9947,-1.8521,1.214,0,12.343,18.71,0,1,0,0,357.3,damper,30.64,17.11,0.6851,0,0,-3.307,81.38,Ineffective
R01170,3,1,2,58.954,-0.1565,0.2489,2.783,1,8.166,19.228,0,1,0,0,45.7,damper,36.51,9.48,0.6865,0,1,0.314,80.29,Ineffective
R01171,3,4,1,28.362,-0.4165,-0.7448,1.972,0,-21.572,17.123,0,0,0,0,278.6,door,32.98,6.59,0.4388,0,0,-5.121,86.4,Protective
R01172,2,1,1,26.571,0.3195,0.4438,2.62,0,7.807,20.604,0,0,0,0,65.7,pump,45.54,15.9,0.5804,1,1,-3.645,87.54,Ineffective
R01173,1,2,1,28.546,1.7489,0.9598,2.227,0,15.021,20.928,1,0,0,1,174.2,door,41.81,13.58,0.8345,1,1,0.93,59.37,Ineffective
R01174,1,3,2,28.405,-1.5311,0.2264,2.903,0,-17.649,17.941,0,0,0,0,764.5,door,45.25,13.9,0.7608,0,1,-14.176,79.44,Protective
R01175,2,4,2,59.484,0.3152,-0.4725,1.603,1,-10.608,19.626,0,0,0,0,102.5,door,21.61,7.94,0.6251,1,1,6.388,76.05,Harmful
R01176,2,1,1,43.873,-0.096,-0.261,2.86,1,0.392,19.715,0,0,0,0,121.2,valve,41.39,10.94,0.5119,1,1,9.334,72.14,Harmful
R01177,1,3,2,24.755,-1.368,0.5206,2.68,0,14.665,20.865,1,0,0,0,352.0,pump,36.05,9.02,0.934,1,0,-0.154,86.21,Ineffective
R01178,2,1,1,25.433,-0.0046,0.6201,2.561,0,-8.117,18.935,0,0,0,0,139.9,pump,13.72,18.26,0.6846,0,0,-1.483,100.0,Ineffective
R01179,1,4,3,28.694,-0.0985,0.041,2.829,0,-0.631,17.952,1,1,0,0,85.7,valve,12.78,18.77,0.8781,1,0,-0.286,92.78,Ineffective
R01180,3,1,2,7.019,-1.0138,0.5298,1.672,1,-9.973,18.441,1,0,0,0,317.6,valve,39.05,4.04,0.391,1,1,7.321,89.63,Harmful
R01181,4,3,1,34.03,0.8182,0.4501,2.28,1,0.368,19.558,0,0,0,0,227.7,damper,39.2,14.75,0.9207,1,0,14.227,83.19,Harmful
R01182,3,4,1,49.626,-1.3054,0.1691,1.755,0,15.7,18.89,0,0,0,0,85.8,door,48.63,6.73,0.8651,1,1,-10.797,99.02,Protective
R01183,2,1,1,41.331,-0.0882,0.616,2.374,0,1.588,17.318,1,0,0,0,81.6,valve,48.25,14.87,0.9108,1,0,-13.07,100.0,Protective
R01184,2,3,1,15.913,2.0695,1.0302,2.339,1,-5.362,20.229,1,0,0,0,371.2,damper,32.78,6.6,0.7862,0,0,5.505,77.1,Harmful
R01185,2,1,1,45.042,1.2631,0.4236,2.324,1,-0.491,20.457,0,1,0,0,140.0,fan,31.44,10.01,0.7628,1,1,8.756,77.81,Harmful
R01186,1,3,2,44.57,0.0775,-0.149,1.4,0,-12.009,18.913,0,0,0,0,246.6,valve,29.43,9.38,0.8459,0,0,0.968,100.0,Ineffective
R01187,3,2,1,19.44,0.2712,0.3127,2.43,1,-14.916,19.094,1,0,0,0,77.0,door,57.13,16.7,0.5649,0,0,12.989,80.98,Harmful
R01188,3,4,1,39.258,0.8669,-0.3803,2.654,1,18.051,18.966,0,0,0,0,39.9,pump,44.47,8.34,0.6604,1,0,11.616,99.03,Harmful
R01189,1,3,2,38.602,1.3633,-0.393,1.982,1,24.566,19.119,1,0,0,0,60.8,valve,27.45,18.44,0.8836,1,0,-10.452,90.62,Protective
R01190,2,1,1,51.188,1.2642,0.944,1.473,1,-26.873,17.41,0,1,0,0,28.5,damper,45.16,3.87,0.8131,1,1,5.336,100.0,Harmful
R01191,2,3,1,12.484,0.7008,-0.3129,2.589,1,8.732,18.735,1,0,1,0,21.9,damper,37.0,6.23,0.967,0,0,-9.066,97.5,Inconsistent
R01192,1,2,1,15.716,0.1174,0.7139,2.38,0,12.884,18.792,0,0,0,0,104.3,valve,38.79,6.25,0.784,0,0,-8.045,98.37,Protective
R01193,3,4,1,31.728,-1.4166,-0.1513,1.515,0,-18.175,20.991,0,0,0,0,184.3,damper,55.74,6.6,0.7523,0,0,-10.584,94.69,Protective
R01194,3,4,1,7.428,-0.8343,0.7196,1.824,0,-7.076,17.195,1,0,0,0,171.0,pump,40.32,12.77,0.5882,0,0,-7.865,96.13,Protective
R01195,3,1,2,27.858,0.6076,0.537,2.12,0,-8.656,18.249,0,0,0,0,113.8,valve,55.31,9.01,0.7667,1,0,-5.827,100.0,Protective
R01196,3,1,2,48.352,1.642,1.2429,2.127,1,28.514,18.984,0,0,0,1,38.4,door,36.5,10.24,0.8017,0,0,5.279,56.14,Harmful
R01197,4,1,3,13.179,0.8936,-0.0764,1.071,1,24.787,20.389,0,0,0,0,94.7,fan,48.31,19.8,0.9211,0,0,8.481,93.79,Harmful
R01198,4,1,3,30.297,2.279,0.8089,1.02,1,-13.818,18.845,0,0,0,0,34.6,fan,36.4,16.85,0.786,1,1,4.892,81.46,Harmful
R01199,3,4,1,59.437,1.308,1.1379,2.685,1,-21.889,18.164,0,0,0,0,61.0,pump,38.28,9.79,0.7509,0,0,15.625,91.21,Harmful
R01200,4,3,1,32.826,-0.3331,-1.6513,2.824,0,11.595,19.141,1,0,0,0,287.4,fan,31.51,15.47,0.7619,0,1,-11.213,85.79,Protective
R01201,2,1,1,32.408,-0.4198,2.1017,1.326,1,8.159,18.188,1,0,0,0,167.8,pump,42.87,4.33,0.4533,0,0,10.705,93.27,Harmful
R01202,4,1,3,35.734,1.3387,2.166,2.757,0,18.66,19.193,0,0,0,0,92.1,damper,13.38,7.8,0.5402,0,1,3.546,95.89,Ineffective
R01203,4,1,3,15.23,1.5703,1.3473,1.518,1,-15.886,19.759,1,0,0,0,171.1,pump,44.16,18.79,0.7426,1,1,1.548,90.62,Harmful
R01204,3,4,1,13.094,2.5983,1.2059,0.668,1,10.853,19.123,0,0,0,0,81.6,pump,36.1,19.62,0.7617,0,1,16.189,96.27,Harmful
R01205,4,3,1,42.255,2.9668,0.9888,2.252,1,-10.976,19.439,0,1,0,0,35.9,pump,46.24,17.49,0.8398,1,0,12.175,100.0,Harmful
R01206,3,2,1,26.767,-0.4869,0.0766,0.328,1,9.347,17.155,0,0,0,0,77.5,valve,10.53,13.6,0.8586,0,0,-3.583,89.72,Ineffective
R01207,3,2,1,20.945,-1.3843,-0.2102,0.519,0,-0.557,19.635,0,1,0,1,244.4,door,24.57,16.61,0.8185,0,0,-0.993,12.85,Inconsistent
R01208,2,3,1,6.727,-2.9632,0.8644,2.835,0,28.509,20.879,1,0,0,0,91.7,valve,38.35,4.56,0.5773,1,0,-0.234,82.16,Ineffective
R01209,4,2,2,51.533,1.7184,-0.5732,1.649,1,6.711,18.967,1,0,0,0,79.5,fan,33.2,9.25,0.7302,1,0,12.491,96.66,Harmful
R01210,3,4,1,6.778,0.5565,-1.1607,0.946,0,-4.71,20.211,0,0,0,0,52.5,pump,15.46,12.75,0.7252,1,0,-7.015,88.48,Protective
R01211,4,3,1,46.249,-0.0022,-0.4973,1.545,0,2.069,19.196,0,0,0,0,314.1,valve,12.69,12.71,0.729,0,1,-3.791,73.85,Ineffective
R01212,2,4,2,26.009,-0.4261,1.0563,1.819,1,-1.508,19.816,0,0,0,0,152.9,fan,30.19,6.9,0.759,0,1,2.389,99.05,Harmful
R01213,4,1,3,37.928,0.711,-0.4659,1.989,1,-17.317,18.24,0,0,0,0,157.7,pump,30.81,13.36,0.6424,0,1,-0.794,87.07,Ineffective
R01214,1,4,3,18.622,0.9847,0.1746,1.175,1,28.873,20.867,1,0,1,0,175.4,fan,28.99,7.11,0.8042,0,1,10.646,100.0,Inconsistent
R01215,1,3,2,13.547,1.5827,0.2933,1.285,1,23.981,17.861,0,0,0,0,120.8,door,56.96,15.55,0.7776,0,1,9.948,100.0,Harmful
R01216,3,1,2,34.336,0.173,-1.1119,1.739,0,-2.645,17.636,1,0,0,0,190.9,fan,20.29,10.62,0.9384,0,0,-7.864,96.48,Protective
R01217,3,4,1,43.259,1.4638,-2.0398,1.955,1,10.498,17.182,0,0,1,0,104.0,damper,45.78,11.73,0.5556,0,1,17.657,76.4,Inconsistent
R01218,4,1,3,15.752,0.6759,-0.6265,2.78,1,30.771,19.165,0,0,0,0,299.2,damper,19.08,18.99,0.7112,1,0,1.251,89.16,Harmful
R01219,2,1,1,29.0,1.0815,0.1609,1.298,0,18.553,19.476,1,0,0,0,132.0,damper,12.24,19.57,0.5024,1,0,2.646,82.01,Ineffective
R01220,3,4,1,29.456,1.4317,0.8861,2.649,1,-4.611,19.598,0,0,0,0,132.2,valve,41.07,16.5,0.5403,0,0,9.554,100.0,Harmful
R01221,3,4,1,16.879,-1.2869,0.3944,2.981,0,-1.319,17.689,1,0,0,0,39.6,fan,52.17,9.82,0.5359,1,1,-16.362,91.59,Protective
R01222,4,3,1,36.078,2.1892,1.0096,1.149,1,-25.763,19.606,1,0,0,1,99.7,door,26.51,10.12,0.4256,1,1,1.788,30.37,Inconsistent
R01223,3,4,1,13.026,2.0256,-0.2264,0.276,1,11.622,17.66,0,0,0,0,86.0,door,37.15,11.29,0.6679,0,0,11.567,91.76,Harmful
R01224,2,4,2,33.036,1.2655,-0.4406,1.892,1,18.643,20.02,0,0,0,0,193.9,fan,41.52,15.84,0.4589,0,1,9.609,92.18,Harmful
R01225,4,3,1,11.239,1.0807,0.7751,2.73,1,18.746,18.101,0,0,0,0,79.0,damper,43.44,15.15,0.6147,0,0,16.086,93.37,Harmful
R01226,1,3,2,31.705,2.4586,0.1882,0.349,1,10.516,18.688,1,0,0,0,48.6,valve,40.18,7.01,0.7934,0,1,0.355,91.64,Ineffective
R01227,4,2,2,22.138,-1.7333,0.8071,0.752,0,5.285,18.469,1,0,0,0,221.6,fan,54.84,10.18,0.5151,1,0,-5.007,91.35,Protective
R01228,1,2,1,29.874,1.1412,0.2814,2.093,0,-14.967,18.471,0,0,0,0,105.3,damper,19.15,14.19,0.5684,0,0,-6.726,76.09,Protective
R01229,2,4,2,28.856,-0.5762,1.1838,2.467,0,4.796,19.884,1,0,0,0,87.7,door,47.07,3.35,0.5769,0,1,-3.765,98.05,Ineffective
R01230,4,2,2,54.936,1.8952,-0.0655,0.443,1,-9.475,20.991,1,0,0,0,269.4,valve,57.34,3.93,0.4148,1,0,6.748,90.51,Harmful
R01231,3,1,2,31.946,0.0204,0.9675,1.218,0,7.878,19.109,1,0,0,0,91.6,door,27.48,16.84,0.8408,1,0,2.281,98.1,Ineffective
R01232,4,1,3,50.017,-0.4429,2.4347,0.868,1,-11.458,18.604,0,1,0,0,157.8,damper,48.91,18.73,0.8494,1,0,6.24,89.28,Harmful
R01233,3,4,1,17.411,-0.5965,-0.0463,2.902,0,7.782,18.175,1,1,0,0,71.8,valve,40.7,5.22,0.3669,0,1,-2.776,74.92,Ineffective
R01234,3,2,1,24.365,0.9217,0.3993,2.111,0,19.847,19.498,1,0,0,0,42.2,door,23.81,18.5,0.7864,1,0,-1.216,99.84,Ineffective
R01235,2,1,1,9.13,-0.3102,-1.0305,1.532,0,5.657,18.805,0,0,1,0,80.7,damper,30.24,17.4,0.6552,1,0,-4.966,94.04,Inconsistent
R01236,1,4,3,28.141,0.1785,1.2941,2.615,1,4.927,20.091,0,0,0,1,89.8,pump,53.83,4.64,0.9799,1,1,1.354,30.87,Inconsistent
R01237,1,2,1,41.778,-0.7282,1.0291,1.705,0,13.695,19.427,0,0,1,1,55.3,valve,34.04,4.63,0.7543,1,0,-2.068,20.65,Inconsistent
R01238,2,1,1,51.099,0.5422,-0.5945,2.752,0,26.555,18.648,0,0,0,0,38.6,damper,24.66,10.84,0.9599,0,1,-10.144,86.99,Protective
R01239,1,2,1,36.125,2.5506,0.9862,0.869,1,-1.609,20.812,1,0,0,0,35.5,fan,59.82,16.17,0.9196,0,1,-28.606,96.8,Protective
R01240,3,1,2,40.204,-2.2409,0.1805,0.277,0,7.815,17.045,1,0,0,0,132.2,door,25.09,10.84,0.6749,0,0,-8.662,85.13,Protective
R01241,4,1,3,14.75,3.6007,0.7908,1.4,1,22.668,19.758,1,0,0,0,79.0,fan,12.11,16.79,0.5525,0,1,8.427,87.37,Harmful
R01242,4,3,1,7.046,1.0037,1.212,0.772,1,10.039,18.643,0,0,0,0,88.4,fan,19.96,4.39,0.8847,0,0,2.649,87.65,Harmful
R01243,2,3,1,48.543,0.4802,0.4189,2.54,0,-30.036,17.486,1,0,0,0,271.2,valve,58.32,6.45,0.8005,0,0,-9.612,98.54,Protective
R01244,4,3,1,14.187,-0.5363,-0.239,1.692,0,-10.734,17.371,1,1,0,1,105.9,fan,25.55,15.11,0.7125,0,1,-1.868,20.27,Inconsistent
R01245,4,1,3,10.014,0.7965,1.2333,1.008,1,11.266,19.597,0,0,0,0,54.2,door,53.05,11.16,0.7795,1,1,8.401,99.84,Harmful
R01246,4,3,1,56.566,0.9925,1.5119,2.366,1,-6.003,17.591,0,0,0,0,223.3,pump,53.6,9.38,0.7671,1,0,17.131,97.05,Harmful
R01247,2,4,2,57.994,-0.2491,-0.1542,1.675,1,21.605,20.424,1,0,0,0,180.3,fan,11.08,17.04,0.3562,1,0,-0.418,70.92,Ineffective
R01248,2,3,1,38.894,-0.0057,0.3982,1.608,1,27.869,18.244,1,0,0,0,67.9,door,46.72,4.52,0.528,0,0,13.068,83.57,Harmful
R01249,4,1,3,25.825,1.9846,-1.3687,0.706,1,-8.854,18.375,0,0,0,1,38.0,pump,37.17,9.35,0.6093,0,0,2.008,30.51,Inconsistent
R01250,1,4,3,50.828,-0.7523,0.9836,2.987,1,-15.488,19.64,1,0,0,0,45.9,pump,41.24,18.26,0.7642,1,0,7.557,80.56,Harmful
R01251,2,3,1,16.26,0.341,1.1231,2.045,0,-5.418,17.881,0,0,0,0,124.7,damper,31.86,18.39,0.8338,1,1,-8.467,91.55,Protective
R01252,1,2,1,28.617,0.4295,0.1427,2.594,1,-6.284,17.028,0,0,0,0,243.1,door,16.27,8.61,0.9229,1,0,-6.654,82.4,Protective
R01253,4,2,2,24.636,-0.1607,0.5334,2.327,1,23.041,18.783,1,0,0,0,70.8,fan,16.93,9.68,0.4617,0,0,7.6,83.58,Harmful
R01254,3,4,1,55.198,2.7719,0.1798,1.608,1,-15.53,19.112,0,0,0,0,55.1,door,11.3,3.37,0.66,1,0,3.652,85.91,Harmful
R01255,1,2,1,55.588,-0.1545,0.0161,0.227,1,11.136,18.784,0,1,0,0,224.2,damper,23.07,5.85,0.9162,0,0,-1.087,94.27,Ineffective
R01256,1,3,2,40.799,-0.3301,0.6322,2.067,1,20.818,18.832,1,1,0,0,309.4,fan,42.77,2.32,0.4458,0,0,4.012,76.51,Harmful
R01257,3,2,1,11.091,0.613,-0.3842,0.482,1,12.288,19.663,1,0,0,0,113.1,fan,24.07,11.6,0.7656,1,0,0.681,93.92,Ineffective
R01258,3,2,1,31.521,0.0314,0.1647,2.892,1,6.547,20.383,0,1,0,0,101.8,fan,28.98,19.79,0.8053,0,1,9.167,87.83,Harmful
R01259,4,3,1,18.493,0.8064,-0.5046,0.898,1,-2.433,18.462,0,0,0,0,541.9,fan,39.43,4.64,0.523,1,0,4.642,52.32,Harmful
R01260,2,3,1,53.67,0.0554,0.4891,1.229,0,27.735,20.16,0,0,0,0,215.9,valve,41.75,19.1,0.6139,1,0,-13.767,83.46,Protective
R01261,4,2,2,12.612,0.1347,0.1392,1.744,0,-3.679,17.251,1,0,0,0,403.4,damper,53.04,9.33,0.4623,1,0,5.221,67.35,Ineffective
R01262,2,3,1,7.987,0.6761,-0.0312,1.607,1,14.224,18.921,1,0,0,0,143.6,valve,28.02,2.91,0.7342,1,1,-0.161,96.74,Ineffective
R01263,4,3,1,43.744,0.0978,0.4371,2.034,1,-2.381,18.505,0,0,0,0,25.8,fan,46.45,4.89,0.6615,0,0,7.926,82.23,Harmful
R01264,1,3,2,29.931,1.4434,0.1793,2.394,1,-27.626,18.864,0,0,0,0,108.3,door,27.26,10.16,0.2289,1,0,8.403,85.57,Harmful
R01265,1,2,1,51.11,0.6883,1.5439,2.321,1,-4.045,17.366,0,0,0,0,211.8,valve,45.53,5.69,0.7622,0,0,10.371,93.31,Harmful
R01266,1,4,3,9.105,-0.5956,-0.541,2.743,0,-2.344,17.555,0,0,0,1,158.8,valve,56.58,14.04,0.4906,1,1,-3.684,41.4,Inconsistent
R01267,2,3,1,49.059,1.38,0.535,1.516,0,-2.151,18.174,0,0,0,0,77.4,fan,26.8,6.26,0.6415,0,1,-5.925,97.73,Protective
R01268,4,1,3,7.053,0.6787,-0.3052,1.696,1,-9.905,18.094,1,0,0,0,46.7,damper,34.76,15.95,0.858,1,0,4.816,77.93,Harmful
R01269,1,4,3,6.544,1.892,1.2142,2.647,1,9.387,18.54,1,1,0,1,25.9,fan,22.43,5.77,0.8281,0,1,-0.842,55.01,Ineffective
R01270,2,4,2,30.372,2.0268,1.4373,0.991,1,11.056,18.829,0,1,0,0,294.5,damper,36.13,12.57,0.988,0,1,8.344,92.78,Harmful
R01271,1,4,3,17.171,2.0877,1.4845,0.889,1,-4.587,17.885,1,0,0,0,31.4,pump,35.88,11.41,0.6021,1,1,9.471,86.25,Harmful
R01272,4,2,2,37.655,0.5912,1.371,0.226,0,-4.713,19.477,0,0,0,0,171.9,valve,50.6,16.46,0.729,1,1,-3.921,89.44,Ineffective
R01273,3,2,1,6.42,0.7994,0.6924,2.268,1,-15.76,18.503,1,0,0,0,220.6,pump,49.07,12.95,0.9327,1,1,12.989,91.8,Harmful
R01274,4,2,2,6.946,0.736,1.6379,2.125,1,3.815,17.241,1,0,0,1,94.4,fan,30.72,11.27,0.8012,1,1,2.691,26.38,Inconsistent
R01275,3,4,1,44.993,0.5559,2.0242,0.975,1,20.669,17.975,0,0,0,0,67.0,damper,18.59,18.3,0.9008,0,0,6.8,99.41,Harmful
R01276,3,4,1,16.559,-1.3669,-0.7221,0.564,1,20.679,19.241,1,0,0,0,39.1,fan,22.66,17.86,0.8187,1,0,6.222,90.88,Harmful
R01277,4,3,1,41.103,1.5188,-0.2032,0.319,1,-8.987,19.428,0,1,0,0,168.5,door,35.1,17.88,0.551,0,1,9.058,86.95,Harmful
R01278,1,2,1,46.246,1.0445,-1.0957,1.566,1,29.868,20.199,1,0,0,0,113.7,door,58.5,6.26,0.9096,0,1,22.316,95.5,Harmful
R01279,4,2,2,8.263,1.6255,1.4611,0.742,1,-5.433,17.982,0,0,0,1,151.4,damper,43.95,14.93,0.7492,1,0,6.462,37.86,Inconsistent
R01280,3,4,1,47.336,0.683,-1.1085,2.422,1,-15.239,19.249,0,0,0,0,300.1,pump,23.38,13.52,0.5564,1,1,9.453,94.72,Harmful
R01281,3,4,1,19.763,0.5648,-1.8798,2.86,0,-20.428,18.904,0,0,0,0,99.6,pump,59.62,17.28,0.9833,1,0,-14.145,85.1,Protective
R01282,2,4,2,26.425,-0.5775,-0.6974,2.375,1,-16.144,20.394,0,1,0,0,54.7,damper,51.78,13.37,0.9384,1,0,2.601,100.0,Harmful
R01283,4,1,3,9.765,-0.3693,-1.3383,2.584,1,5.006,19.92,0,0,0,0,477.8,valve,32.14,5.46,0.2663,1,0,2.806,75.75,Harmful
R01284,2,4,2,51.125,-2.5762,0.1722,2.974,0,-3.862,17.528,1,0,0,1,98.3,door,44.2,7.17,0.5724,1,1,-4.765,44.86,Inconsistent
R01285,1,4,3,35.84,0.6657,-0.6845,2.274,1,-9.48,20.835,0,0,0,1,44.4,damper,15.76,10.73,0.9336,1,1,9.872,67.44,Harmful
R01286,4,1,3,32.757,-0.8725,-1.7903,1.789,0,-12.711,18.421,0,0,0,1,87.5,valve,59.15,11.96,0.8084,1,0,-1.791,31.62,Inconsistent
R01287,1,2,1,58.271,-1.0034,-0.1419,2.468,0,-16.292,20.818,0,0,0,0,115.0,damper,18.06,9.68,0.9159,0,1,-7.791,91.18,Protective
R01288,1,2,1,23.398,1.1347,0.4171,1.779,1,-13.348,18.141,0,1,0,0,136.8,valve,52.63,17.51,0.9881,1,1,10.091,100.0,Harmful
R01289,3,2,1,53.993,0.3745,-1.4698,1.411,1,15.231,18.876,0,1,0,0,47.1,damper,33.83,17.34,0.431,0,1,7.6,75.78,Harmful
R01290,1,3,2,44.583,-1.5331,-0.8137,0.291,0,27.05,19.202,0,1,0,0,410.4,fan,47.42,15.48,0.613,0,0,-3.467,78.99,Ineffective
R01291,4,2,2,56.069,3.3448,0.3254,2.0,1,27.977,17.254,0,0,0,0,238.8,pump,26.46,10.02,0.8661,0,1,8.355,95.78,Harmful
R01292,2,3,1,54.929,0.763,0.0432,2.713,1,10.306,19.863,1,0,0,0,87.7,damper,35.44,15.72,0.545,0,1,10.299,83.17,Harmful
R01293,1,4,3,59.507,-1.1832,-0.4295,2.141,0,-7.384,17.419,0,1,0,0,70.7,fan,39.8,17.46,0.3909,1,0,-3.011,82.54,Ineffective
R01294,4,1,3,12.242,0.1302,1.5793,1.332,1,-10.017,17.657,0,0,0,0,72.7,fan,30.64,12.91,0.6956,0,0,7.728,94.69,Harmful
R01295,3,2,1,48.781,-0.2731,2.0465,1.927,0,11.342,18.161,1,0,0,0,135.6,door,33.29,12.9,0.2589,0,0,-11.068,80.09,Protective
R01296,2,3,1,49.247,-0.2752,-0.4133,2.476,0,-3.695,20.843,0,0,0,0,62.1,valve,58.79,6.22,0.6374,0,1,-10.273,100.0,Protective
R01297,3,2,1,40.441,1.2022,-1.4219,2.34,0,6.179,20.892,1,0,0,1,221.1,damper,32.67,8.39,0.3855,1,0,0.518,24.92,Inconsistent
R01298,3,4,1,20.337,-0.1794,-0.3346,1.575,0,28.957,18.957,0,0,0,0,31.1,damper,18.03,14.33,0.85,0,0,-4.355,92.04,Ineffective
R01299,1,2,1,58.083,1.7552,0.0943,1.213,0,3.252,19.133,0,1,0,0,36.6,valve,34.32,18.24,0.9754,1,1,-6.414,100.0,Protective
R01300,4,2,2,16.243,0.3676,0.3467,1.311,1,34.168,17.847,1,1,0,0,323.7,damper,55.26,14.37,0.7268,0,1,1.676,92.69,Harmful
R01301,2,3,1,32.477,0.3264,0.5107,2.742,0,-16.903,18.672,0,0,0,0,232.6,damper,22.63,8.16,0.9623,1,0,-1.852,79.39,Ineffective
R01302,3,4,1,33.682,0.922,2.1119,0.676,0,6.711,20.938,1,1,0,0,24.3,valve,25.27,16.16,0.8591,0,1,0.732,97.5,Ineffective
R01303,4,2,2,13.901,1.0952,-1.8131,2.616,0,4.706,20.163,0,0,1,1,37.2,door,23.47,10.66,0.9256,0,1,-1.777,20.47,Inconsistent
R01304,3,4,1,44.739,1.2119,-0.6071,0.747,0,-14.761,19.79,0,0,0,0,37.0,damper,28.6,8.48,0.8968,1,0,-12.534,96.3,Protective
R01305,3,1,2,9.888,-0.372,1.4411,2.946,0,12.025,18.114,0,0,0,0,195.4,fan,33.62,8.33,0.8067,0,1,-0.666,100.0,Ineffective
R01306,2,1,1,43.12,0.7945,-0.122,1.455,1,22.962,20.052,0,0,0,0,72.3,valve,26.73,16.4,0.7937,1,1,12.473,99.27,Harmful
R01307,1,2,1,51.674,-2.5794,0.6895,2.254,0,33.04,20.866,1,0,0,0,241.8,damper,19.32,17.4,0.7761,0,1,-10.921,92.29,Protective
R01308,2,4,2,24.217,0.604,1.0309,2.242,1,6.169,20.952,0,0,0,0,88.8,pump,26.99,7.88,0.699,0,1,3.651,85.55,Harmful
R01309,4,1,3,44.018,1.8913,1.6369,2.363,1,-28.502,19.399,0,0,0,0,323.8,pump,30.76,5.7,0.8225,0,0,3.199,96.67,Harmful
R01310,3,1,2,13.623,1.6968,2.3133,2.41,1,7.155,17.643,0,0,0,1,124.5,valve,34.48,11.66,0.5056,1,1,5.706,35.53,Inconsistent
R01311,2,3,1,51.527,-0.1865,0.2331,0.309,0,11.129,20.856,0,0,0,0,342.3,damper,42.77,17.19,0.7618,1,1,-12.275,85.58,Protective
R01312,4,1,3,57.362,1.5991,-1.8458,0.965,0,-3.528,19.166,0,1,0,0,33.2,pump,46.95,3.91,0.6257,1,0,-3.537,92.87,Ineffective
R01313,4,1,3,13.398,0.416,-0.3004,0.843,1,3.227,17.153,0,0,0,0,267.1,valve,51.3,10.78,0.5015,1,1,0.536,83.57,Ineffective
R01314,4,3,1,43.052,0.0839,2.5861,2.156,1,-7.251,17.326,0,0,0,0,205.4,damper,22.55,2.01,0.5776,1,0,4.411,82.31,Harmful
R01315,2,3,1,32.821,0.3318,-1.0142,2.113,1,-2.005,19.309,1,0,0,0,315.0,fan,40.76,12.66,0.7013,0,1,16.077,80.69,Harmful
R01316,3,2,1,34.232,-0.3225,0.8968,1.032,1,15.262,20.341,1,0,0,0,72.0,fan,19.19,6.66,0.8623,1,1,10.413,100.0,Harmful
R01317,3,2,1,43.857,1.4224,-2.1145,2.422,1,20.835,20.766,0,1,0,0,249.3,door,41.0,8.7,0.716,1,0,5.143,78.72,Harmful
R01318,2,4,2,31.881,0.1885,-1.4512,1.073,0,-19.061,20.778,0,1,0,0,181.5,pump,55.95,7.78,0.6569,1,0,-3.733,94.09,Ineffective
R01319,2,3,1,38.018,1.41,1.2869,1.16,1,-7.67,19.314,0,0,1,0,202.8,door,53.56,10.85,0.9234,1,0,19.478,91.84,Inconsistent
R01320,1,4,3,17.7,0.3856,0.436,1.317,1,-23.827,20.926,0,1,0,0,64.6,valve,40.4,14.25,0.2795,1,1,-4.402,74.11,Ineffective
R01321,2,1,1,25.818,0.7419,0.0236,2.285,1,27.575,17.598,0,1,0,0,20.2,fan,23.83,3.8,0.741,1,0,-1.595,91.03,Ineffective
R01322,3,4,1,52.588,-1.3784,-0.4144,0.233,1,13.062,17.379,0,0,0,0,306.1,door,16.95,13.78,0.8338,0,0,5.827,87.47,Harmful
R01323,4,3,1,11.045,0.2762,-2.0965,2.738,0,-30.015,17.121,0,0,0,0,92.7,pump,32.3,7.01,0.6374,1,0,1.095,80.9,Ineffective
R01324,4,3,1,37.867,0.8988,1.0934,2.138,1,-0.968,20.097,0,0,0,0,63.6,pump,29.93,15.5,0.6615,0,0,19.032,100.0,Harmful
R01325,1,2,1,15.136,-0.3005,0.1169,1.842,1,-4.252,20.666,0,0,0,1,740.3,fan,43.74,3.92,0.4375,0,0,-0.985,0.0,Inconsistent
R01326,3,4,1,51.56,-0.2047,-1.6219,0.865,0,-11.339,20.359,1,0,0,0,55.5,fan,15.32,16.34,0.6608,1,0,-11.426,83.17,Protective
R01327,1,4,3,36.847,0.5422,0.4302,2.399,1,15.544,20.759,1,0,0,0,160.0,door,12.3,14.44,0.7019,1,0,-3.182,83.77,Ineffective
R01328,3,4,1,27.168,1.6643,0.4812,2.644,0,15.201,19.192,0,0,0,0,70.2,door,46.28,3.77,0.6334,0,1,3.279,76.47,Ineffective
R01329,2,4,2,18.74,-1.1611,-0.3007,1.604,0,4.042,20.052,0,0,0,0,389.9,fan,40.09,17.97,0.42,0,0,-11.127,79.02,Protective
R01330,2,3,1,29.026,0.2314,0.016,1.019,0,-9.625,18.347,0,0,0,0,36.1,valve,27.7,3.35,0.8597,1,1,-3.017,93.06,Ineffective
R01331,3,2,1,57.669,-1.1908,-0.0619,1.266,0,-9.499,20.066,0,0,0,1,262.8,damper,47.22,4.46,0.539,1,1,1.437,0.0,Inconsistent
R01332,2,3,1,33.007,0.2421,-0.3068,1.366,1,0.659,20.012,1,1,0,0,260.6,pump,32.17,5.37,0.9449,1,1,2.322,85.98,Harmful
R01333,4,1,3,30.822,1.0768,0.4543,1.057,1,-6.857,18.742,1,0,0,0,154.0,door,49.59,5.44,0.9272,1,1,9.816,90.31,Harmful
R01334,3,4,1,46.045,0.5886,1.1352,2.194,1,-0.087,17.175,0,0,1,0,180.5,pump,51.88,18.48,0.4944,0,0,16.752,77.26,Inconsistent
R01335,4,1,3,25.848,0.794,1.4346,1.158,1,8.371,18.065,0,0,1,0,121.6,damper,47.33,9.37,0.6444,1,1,-9.642,100.0,Inconsistent
R01336,3,1,2,28.508,1.1327,1.1907,2.499,1,-23.003,20.541,0,0,0,0,46.9,damper,56.66,4.9,0.7598,1,1,6.719,99.86,Harmful
R01337,2,3,1,23.532,0.3063,-0.2751,1.498,1,-11.373,19.349,1,0,0,0,77.5,door,13.6,11.86,0.6418,1,0,2.947,80.34,Harmful
R01338,4,3,1,13.301,1.6841,1.0362,1.961,1,-0.505,18.62,0,0,0,0,145.2,fan,16.34,15.38,0.8634,0,1,11.42,97.63,Harmful
R01339,2,4,2,44.26,0.4945,0.8655,2.854,1,23.48,20.79,1,0,0,0,34.4,pump,49.57,19.61,0.9031,0,1,3.787,95.52,Harmful
R01340,3,4,1,53.017,-0.1976,-0.8097,1.449,0,12.68,18.466,1,0,0,0,24.6,valve,46.46,12.77,0.7008,0,0,-16.866,93.23,Protective
R01341,1,4,3,54.808,1.1613,-0.0643,0.677,1,-0.054,18.312,0,0,0,0,20.5,valve,31.31,4.13,0.5164,0,0,4.586,84.81,Harmful
R01342,1,3,2,53.444,1.027,1.0797,1.74,1,6.035,20.082,1,1,0,0,144.6,fan,36.64,4.27,0.6898,1,0,7.708,93.53,Harmful
R01343,3,2,1,29.848,1.4442,1.7769,1.591,1,-1.523,18.421,1,0,0,0,40.3,fan,20.19,18.67,0.6725,1,0,11.151,100.0,Harmful
R01344,1,2,1,20.624,0.217,-1.9117,2.391,0,16.158,18.785,0,0,1,0,44.8,valve,27.04,15.79,0.5324,1,0,-1.944,88.24,Inconsistent
R01345,4,3,1,40.086,1.269,2.0401,2.609,1,6.506,19.89,0,0,0,0,180.1,pump,13.88,4.66,0.6506,1,1,6.269,80.64,Harmful
R01346,4,2,2,57.509,-0.4254,1.0642,2.195,0,19.182,18.72,0,1,0,0,245.7,fan,11.71,16.25,0.2854,1,0,1.002,77.01,Ineffective
R01347,3,2,1,44.988,-0.2688,0.5991,2.92,1,-20.33,18.289,0,0,1,0,123.8,valve,42.94,3.75,0.7743,0,0,8.328,97.22,Inconsistent
R01348,3,1,2,32.217,-0.6276,0.1593,0.954,1,-12.093,17.062,0,1,0,0,166.0,door,39.64,8.74,0.9449,1,0,2.012,100.0,Harmful
R01349,3,2,1,42.884,-1.7707,0.2904,0.87,0,4.119,20.442,0,1,0,0,76.3,valve,45.03,2.38,0.6951,1,0,-3.036,88.75,Ineffective
R01350,1,3,2,47.49,2.5627,-0.2406,1.016,1,7.403,19.107,1,0,1,0,666.5,pump,29.27,19.55,0.876,1,1,-0.028,72.0,Inconsistent
R01351,2,3,1,55.56,-1.4128,0.2223,2.079,1,36.005,20.405,0,0,0,0,157.2,valve,50.26,8.12,0.8176,0,0,12.062,99.97,Harmful
R01352,2,3,1,46.977,1.9937,-1.075,0.851,1,-27.116,19.471,0,0,0,0,303.7,fan,28.83,4.24,0.658,1,0,10.367,83.5,Harmful
R01353,4,3,1,28.825,-0.0209,-1.3415,0.448,1,-0.496,17.803,1,0,0,0,627.3,valve,25.4,16.61,0.7269,0,1,8.137,82.07,Harmful
R01354,1,4,3,20.048,1.9864,2.7323,2.938,1,-1.169,18.453,0,0,0,0,33.8,fan,39.91,9.51,0.8427,0,0,4.047,100.0,Harmful
R01355,2,4,2,32.493,-1.4025,0.4631,1.081,1,3.568,18.669,0,1,0,0,40.0,valve,37.29,13.17,0.715,0,1,0.768,96.04,Ineffective
R01356,2,1,1,23.05,0.5649,0.6037,0.823,1,25.999,19.959,1,0,0,0,57.4,damper,46.12,17.52,0.5873,1,0,14.202,93.17,Harmful
R01357,1,2,1,56.852,1.354,-0.1307,1.204,0,13.144,19.193,0,0,0,1,78.8,pump,32.91,6.69,0.6779,1,1,3.071,28.85,Inconsistent
R01358,1,2,1,32.938,1.5132,-0.4278,0.644,1,-24.06,19.546,0,0,0,0,31.3,fan,57.38,11.69,0.9295,0,1,18.436,100.0,Harmful
R01359,2,4,2,30.963,0.4627,0.0929,0.3,1,23.006,20.012,0,0,0,0,39.1,valve,34.49,4.99,0.5978,1,1,0.475,73.94,Ineffective
R01360,1,3,2,24.151,-2.043,-0.0088,1.055,0,22.588,18.095,1,0,0,0,76.8,fan,10.81,17.32,0.8873,0,0,-3.389,79.67,Ineffective
R01361,1,4,3,40.167,-0.5225,0.2034,1.146,1,3.946,20.528,1,1,0,0,119.9,door,38.9,7.77,0.8507,1,0,3.649,95.03,Harmful
R01362,2,1,1,33.603,1.2891,-0.8522,2.471,0,-24.266,18.813,0,0,0,0,274.7,pump,48.1,10.77,0.8576,0,1,-7.576,79.45,Protective
R01363,1,2,1,12.098,0.4518,0.8795,1.42,1,-2.274,19.644,0,0,1,0,61.3,valve,34.98,15.03,0.8152,0,0,17.954,100.0,Inconsistent
R01364,3,2,1,52.806,-0.1718,0.0884,2.263,0,7.031,17.873,1,0,0,0,33.8,door,25.36,18.27,0.5652,1,0,-10.885,95.69,Protective
R01365,1,3,2,24.746,0.1835,0.2929,2.26,0,14.948,17.933,0,0,0,0,69.6,fan,37.52,8.26,0.9717,0,1,3.874,100.0,Ineffective
R01366,2,1,1,28.792,-0.5028,1.105,2.409,1,-26.557,19.94,1,0,0,0,52.9,pump,43.77,3.53,0.5092,1,1,4.569,83.98,Harmful
R01367,2,3,1,16.312,0.3073,-0.2705,2.772,0,-11.537,18.402,0,0,1,1,52.5,door,41.32,11.43,0.4717,1,0,2.454,36.69,Inconsistent
R01368,4,1,3,35.437,-0.5196,-0.2689,1.596,0,16.47,20.504,0,0,0,1,249.9,valve,30.37,2.24,0.7431,1,1,-0.788,43.95,Inconsistent
R01369,3,4,1,43.613,0.1937,1.3825,0.491,0,22.526,19.659,1,0,0,0,343.4,door,29.09,9.07,0.544,1,0,-12.199,78.76,Protective
R01370,4,3,1,53.464,0.2219,-0.544,0.308,1,6.458,19.662,1,0,0,0,79.7,door,50.53,9.35,0.7115,1,1,-21.303,83.96,Protective
R01371,2,3,1,7.838,-0.7731,-1.4736,0.723,1,17.228,18.521,0,0,0,0,66.8,door,23.08,10.39,0.6459,0,0,5.885,87.6,Harmful
R01372,2,1,1,58.533,0.3726,0.9555,2.522,1,6.829,20.611,1,0,0,0,59.2,fan,29.23,9.35,0.2231,1,0,9.999,73.71,Harmful
R01373,2,1,1,43.71,0.5408,-0.7294,1.808,0,14.446,20.779,0,0,0,0,32.7,damper,43.12,15.29,0.4635,1,0,9.581,89.29,Harmful
R01374,4,1,3,20.636,1.1941,-0.6774,0.592,1,2.177,18.032,0,0,0,0,106.1,pump,30.73,6.26,0.4728,1,0,0.611,80.48,Ineffective
R01375,4,3,1,16.246,0.8309,1.2852,0.571,1,7.199,19.058,0,0,1,0,213.7,damper,29.85,11.35,0.9212,1,1,8.312,100.0,Inconsistent
R01376,4,1,3,21.285,0.7981,-0.2448,2.696,0,-18.327,20.628,0,0,0,1,100.1,pump,16.24,7.85,0.9942,0,1,-0.887,13.92,Inconsistent
R01377,4,1,3,53.165,0.5964,-0.8636,1.656,1,10.832,17.405,0,0,0,0,34.2,fan,35.7,13.18,0.9521,1,0,10.043,96.21,Harmful
R01378,3,1,2,21.026,-0.0437,1.8349,0.681,0,-18.785,18.19,0,0,0,0,52.5,pump,59.45,9.6,0.8545,0,0,-6.652,97.81,Protective
R01379,3,4,1,30.455,0.3202,-1.2107,2.711,1,10.815,20.818,1,0,0,0,52.3,door,52.8,5.71,0.4188,1,0,10.729,83.88,Harmful
R01380,4,1,3,43.816,0.8566,-0.1867,2.218,0,-6.585,18.94,0,0,0,0,50.9,damper,49.2,12.69,0.8216,1,0,-2.084,90.31,Ineffective
R01381,2,3,1,52.959,1.0915,-1.4893,1.538,1,5.55,20.806,0,0,0,0,272.6,pump,34.25,6.46,0.5115,1,0,7.878,87.19,Harmful
R01382,2,4,2,41.221,0.243,0.6707,1.502,1,-14.292,18.521,0,0,0,0,35.9,fan,51.13,9.14,0.8766,0,0,11.891,93.79,Harmful
R01383,4,1,3,46.421,-0.689,-0.2411,2.083,1,-7.554,19.11,1,0,0,0,57.1,damper,55.64,9.48,0.8114,1,0,10.467,100.0,Harmful
R01384,2,3,1,14.533,1.905,1.2193,1.147,1,5.52,18.816,1,0,0,0,673.6,fan,20.9,18.17,0.7114,1,1,11.15,77.2,Harmful
R01385,1,3,2,53.257,0.0559,0.3826,3.0,1,11.315,18.829,1,0,0,0,260.2,fan,34.83,15.31,0.8448,1,0,-14.125,94.61,Protective
R01386,3,1,2,20.165,0.8721,1.7506,2.397,1,16.407,20.671,1,0,0,0,48.2,valve,52.84,13.33,0.6699,1,0,8.474,93.74,Harmful
R01387,2,1,1,12.061,2.2526,-0.5297,1.995,0,-17.251,19.779,1,0,0,0,413.5,door,51.09,4.02,0.7115,1,0,-0.874,71.98,Ineffective
R01388,4,1,3,58.693,1.6015,-1.2045,2.125,1,-22.517,20.783,0,0,0,0,155.8,fan,54.17,7.56,0.861,1,1,12.195,100.0,Harmful
R01389,4,2,2,16.09,2.4111,0.6375,2.989,1,-14.63,18.318,1,0,0,0,91.4,damper,57.9,2.9,0.8045,0,0,8.038,82.23,Harmful
R01390,2,1,1,12.516,0.2619,0.1474,0.23,1,-15.984,20.976,1,1,0,0,172.1,fan,24.36,11.7,0.8796,0,0,4.59,100.0,Harmful
R01391,3,1,2,39.431,1.871,-1.4193,0.264,1,23.502,19.831,0,0,0,0,518.3,valve,39.26,4.12,0.7896,1,0,6.044,80.42,Harmful
R01392,4,1,3,22.537,-0.0733,-1.1554,2.398,0,20.103,17.525,0,0,0,0,91.6,pump,17.97,2.52,0.762,0,0,-0.737,91.79,Ineffective
R01393,3,1,2,12.334,1.166,-0.3371,0.786,1,-14.949,18.652,0,0,0,0,517.7,fan,36.27,8.42,0.5542,1,1,1.537,72.96,Harmful
R01394,1,3,2,38.062,1.9208,1.4554,2.118,0,25.655,17.995,0,0,0,1,41.8,damper,13.66,15.39,0.8782,1,0,5.97,63.69,Ineffective
R01395,3,4,1,46.744,-0.3786,0.6074,1.609,0,19.207,17.942,1,0,1,0,48.9,fan,30.98,9.66,0.8137,1,0,-1.323,88.98,Inconsistent
R01396,3,1,2,48.626,-0.0807,-0.4477,1.092,0,-24.444,20.718,0,0,0,1,195.8,fan,36.03,3.56,0.5816,1,0,-6.538,25.46,Inconsistent
R01397,3,4,1,13.553,-1.0032,0.3709,0.848,0,-15.453,20.84,0,0,0,0,89.0,damper,44.81,11.72,0.6795,1,0,-10.237,99.46,Protective
R01398,1,3,2,35.628,1.6885,-1.6395,2.375,1,-24.889,17.057,0,1,0,1,58.1,damper,20.74,10.09,0.751,0,1,-0.406,64.0,Ineffective
R01399,2,1,1,49.752,-0.6606,-0.6649,0.679,0,-1.299,17.552,0,0,1,0,104.6,damper,53.88,19.3,0.5913,1,0,-32.151,86.73,Inconsistent
R01400,4,2,2,13.86,0.9227,0.301,0.644,0,0.261,18.111,1,0,0,0,217.5,door,11.38,4.47,0.7247,1,0,-1.979,79.96,Ineffective
R01401,1,4,3,16.423,-1.7499,0.0654,1.437,0,0.233,20.391,0,0,0,1,35.1,damper,40.73,14.29,0.8158,1,1,-3.098,30.69,Inconsistent
R01402,2,3,1,5.133,1.3486,-0.1394,0.534,1,-30.401,19.444,0,0,0,0,80.7,damper,55.63,14.97,0.5994,1,0,10.804,85.25,Harmful
R01403,2,1,1,33.855,0.1563,0.3617,1.996,1,-21.409,19.262,1,0,0,0,23.5,valve,53.28,17.27,0.7912,1,1,17.269,100.0,Harmful
R01404,1,4,3,15.707,0.6305,0.2381,2.978,0,3.902,19.393,0,0,0,0,50.0,door,36.21,17.24,0.4598,1,0,-2.03,96.64,Ineffective
R01405,1,4,3,44.833,0.7864,0.3906,2.294,1,9.333,20.802,0,0,0,0,45.0,damper,17.16,9.28,0.6557,1,0,2.616,94.41,Harmful
R01406,2,1,1,57.922,-0.6353,0.761,1.889,0,-30.297,18.103,0,1,0,0,274.5,valve,14.88,15.45,0.6526,1,0,-4.834,83.96,Ineffective
R01407,4,2,2,16.482,0.4134,0.7187,1.305,1,-19.217,17.493,0,0,0,0,154.6,door,45.59,9.05,0.594,1,1,1.6,78.7,Harmful
R01408,1,3,2,40.7,-0.0504,0.9112,2.966,1,15.336,19.431,0,0,0,0,234.5,door,16.24,18.1,0.7558,0,1,5.699,92.56,Harmful
R01409,2,1,1,16.651,1.6378,2.1136,2.664,1,-18.365,20.875,0,0,0,0,274.3,valve,12.98,14.69,0.8133,1,0,5.031,94.22,Harmful
R01410,1,4,3,5.99,-0.2486,1.2275,2.498,1,-0.22,19.84,0,0,0,0,235.7,pump,32.41,2.76,0.6764,1,1,-3.14,77.08,Ineffective
R01411,3,1,2,46.72,0.5329,2.141,0.844,1,-19.793,20.568,1,1,0,0,245.5,fan,19.25,5.39,0.8671,1,1,0.114,90.05,Ineffective
R01412,2,3,1,28.87,0.2452,-0.7719,0.546,0,12.472,20.585,0,0,1,0,150.8,pump,50.35,18.27,0.724,0,0,-16.528,94.83,Inconsistent
R01413,4,1,3,57.073,1.5135,-1.6924,0.698,0,-30.255,17.877,0,0,0,1,381.4,damper,37.1,12.14,0.8735,1,0,-2.084,15.44,Inconsistent
R01414,3,4,1,34.386,-0.1093,-0.2403,0.924,0,-4.567,19.742,1,0,0,0,212.3,damper,52.76,15.99,0.6928,1,0,-15.1,87.92,Protective
R01415,4,1,3,13.662,-0.3425,-0.3256,0.429,0,14.105,20.449,0,0,0,1,55.8,valve,29.47,17.32,0.5495,1,1,-4.055,19.23,Inconsistent
R01416,3,4,1,29.738,0.1736,1.3594,2.688,0,9.15,17.405,1,0,0,0,201.6,door,56.1,2.86,0.7621,0,0,14.794,89.94,Harmful
R01417,2,3,1,16.159,-1.2735,-0.73,0.719,1,-6.962,19.606,0,1,0,1,183.4,valve,58.86,3.96,0.5926,1,0,-2.551,0.0,Inconsistent
R01418,4,3,1,53.292,-1.2986,-0.1789,0.835,0,-10.48,18.088,0,0,0,0,58.9,damper,37.61,18.88,0.8969,0,1,-22.877,100.0,Protective
R01419,2,3,1,43.0,-0.4754,0.3052,2.687,0,-3.493,20.287,1,0,0,0,42.7,pump,19.35,12.96,0.8895,1,0,9.014,99.48,Harmful
R01420,4,2,2,23.768,-0.813,0.0001,2.883,0,-19.34,17.893,0,0,0,0,224.4,valve,12.67,14.95,0.687,1,0,-2.847,76.21,Ineffective
R01421,4,2,2,34.03,-0.8008,0.2285,0.821,1,-1.5,18.494,1,1,0,1,228.6,pump,55.91,9.1,0.7704,1,0,-1.386,31.38,Inconsistent
R01422,3,4,1,41.821,0.7578,0.2586,1.024,0,-1.243,19.707,0,1,1,0,168.9,valve,35.46,6.35,0.5999,0,1,-3.243,80.22,Inconsistent
R01423,3,2,1,48.057,1.0598,1.4791,2.44,1,-6.269,19.223,0,1,0,0,320.7,valve,20.09,3.8,0.9097,0,0,15.859,96.82,Harmful
R01424,2,1,1,9.408,0.9403,1.9357,2.917,1,15.005,17.48,1,0,0,1,23.2,fan,28.74,5.85,0.593,0,0,-3.992,18.01,Inconsistent
R01425,4,3,1,6.239,-0.794,-0.0672,2.019,0,-16.057,17.901,1,0,0,0,247.3,damper,56.54,3.85,0.6916,1,1,-6.87,90.92,Protective
R01426,3,2,1,11.295,-0.0206,-0.9158,1.439,0,-25.566,20.543,1,0,0,0,126.0,fan,58.04,18.7,0.8733,0,0,-15.577,95.76,Protective
R01427,4,2,2,26.725,1.3144,1.9345,2.089,1,-7.88,20.955,1,0,0,0,161.2,fan,20.31,17.68,0.4778,1,1,8.3,76.36,Harmful
R01428,2,1,1,30.669,0.5351,-0.6776,2.385,1,1.86,19.776,0,0,0,0,30.6,door,35.27,15.58,0.8868,1,1,14.142,96.88,Harmful
R01429,4,1,3,12.505,0.3446,1.6906,0.515,0,-1.601,17.039,0,0,0,0,75.2,fan,50.31,2.4,0.5348,0,0,2.739,97.57,Ineffective
R01430,2,1,1,27.613,0.0039,1.7441,1.419,1,-2.267,19.974,0,0,0,0,302.5,damper,46.12,11.39,0.561,1,1,16.814,95.89,Harmful
R01431,1,4,3,29.289,0.8975,1.8894,2.6,1,-16.895,19.571,1,0,0,0,73.2,fan,42.78,6.31,0.8365,0,0,5.86,92.23,Harmful
R01432,1,2,1,11.0,1.0425,0.5854,2.175,0,-14.738,18.647,1,0,0,0,54.6,valve,51.43,3.36,0.4854,1,1,-0.08,93.13,Ineffective
R01433,3,1,2,55.416,1.132,-2.2125,0.631,0,-7.325,17.912,1,0,0,0,224.4,valve,50.74,2.38,0.9363,1,0,-3.576,82.49,Ineffective
R01434,2,4,2,37.953,2.1276,-0.6391,2.315,1,-8.508,17.663,0,0,0,1,127.6,pump,40.24,14.9,0.5069,0,0,6.263,50.92,Harmful
R01435,1,2,1,26.369,1.0856,0.7069,2.069,1,16.471,17.334,0,0,0,0,25.3,fan,34.55,8.82,0.6163,1,0,9.212,97.03,Harmful
R01436,2,1,1,32.88,0.8316,-0.2756,0.941,1,3.959,19.557,1,0,0,1,65.6,fan,50.93,12.6,0.9664,1,0,10.754,60.47,Harmful
R01437,3,4,1,22.281,0.3512,0.0847,1.163,1,-7.988,18.349,1,0,0,0,161.2,damper,48.19,15.94,0.934,0,0,-14.803,91.19,Protective
R01438,2,3,1,51.988,-1.9075,0.5128,1.08,0,16.425,19.072,0,0,0,1,103.7,fan,19.8,10.07,0.95,0,0,-9.024,49.93,Protective
R01439,4,1,3,36.626,-1.4449,-0.27,2.981,0,6.694,19.101,0,0,0,0,63.0,fan,35.24,4.33,0.8291,1,1,-8.434,100.0,Protective
R01440,4,3,1,32.219,0.6319,-0.819,0.714,1,-20.363,19.429,1,0,0,0,260.5,valve,39.6,18.98,0.7135,1,1,14.389,89.48,Harmful
R01441,3,4,1,55.099,0.6917,1.2857,2.522,1,-48.625,19.378,1,0,0,0,180.5,door,58.28,13.64,0.892,1,1,-25.974,93.46,Protective
R01442,4,2,2,51.089,2.2122,0.9149,1.686,1,-19.894,19.076,1,0,0,0,214.8,fan,33.9,5.58,0.7046,1,0,5.829,93.63,Harmful
R01443,2,1,1,49.704,2.1148,0.151,2.665,1,8.924,17.62,1,0,0,0,164.4,damper,23.67,14.29,0.5035,0,1,12.832,88.79,Harmful
R01444,1,2,1,17.409,0.1135,1.1113,2.949,1,13.372,17.108,1,0,0,0,74.0,door,19.58,9.71,0.9023,0,1,-5.924,96.3,Protective
R01445,1,4,3,13.422,1.6183,0.495,2.891,1,-24.903,19.305,0,0,0,1,206.9,pump,56.59,16.26,0.7163,1,1,5.511,24.83,Inconsistent
R01446,4,1,3,42.955,-0.5771,1.2314,2.592,0,9.88,18.693,1,0,0,0,68.7,damper,37.48,14.96,0.7534,1,1,-3.54,95.72,Ineffective
R01447,4,3,1,30.775,1.4826,0.5512,1.358,1,9.311,18.64,0,0,0,0,388.2,door,22.57,6.7,0.9012,1,0,8.875,88.93,Harmful
R01448,3,4,1,42.604,0.706,1.2239,0.96,0,20.926,18.72,0,0,0,0,333.3,valve,31.08,15.33,0.7188,0,1,-8.493,75.58,Protective
R01449,1,2,1,46.834,2.0421,-1.4737,1.095,1,14.256,17.454,0,1,0,1,40.3,door,11.48,11.91,0.6519,1,0,0.188,15.77,Inconsistent
R01450,2,1,1,21.242,-0.5926,0.3592,2.029,0,20.278,17.717,1,0,0,0,65.2,valve,10.18,14.11,0.6032,1,0,3.26,90.68,Ineffective
R01451,1,4,3,20.656,0.9143,-0.4979,1.157,0,7.325,19.649,0,0,0,1,103.3,door,27.14,9.11,0.881,0,1,-4.208,8.61,Inconsistent
R01452,1,4,3,31.996,-1.0728,-0.4591,1.418,1,6.824,19.055,1,0,1,0,184.6,damper,45.38,3.86,0.838,0,0,6.406,82.69,Inconsistent
R01453,1,4,3,20.045,2.0962,1.5585,0.423,1,-5.059,19.439,0,0,0,0,71.5,pump,46.65,2.65,0.7118,1,0,5.74,81.25,Harmful
R01454,3,1,2,41.701,-0.125,0.7891,2.359,0,12.304,17.517,0,0,0,0,105.5,damper,10.24,16.25,0.6009,1,1,2.569,87.22,Ineffective
R01455,1,2,1,46.07,0.7963,-1.6065,0.512,1,-19.986,20.257,0,0,1,0,57.4,damper,44.17,7.06,0.6435,0,0,3.799,89.25,Inconsistent
R01456,4,1,3,30.962,-1.2374,1.1155,1.144,1,-2.08,18.491,0,1,0,0,48.7,fan,47.94,12.61,0.8597,0,1,0.467,86.15,Ineffective
R01457,2,4,2,44.809,0.4113,0.9941,1.853,1,8.098,19.452,0,0,0,0,246.9,valve,21.58,17.14,0.7107,1,0,5.163,80.34,Harmful
R01458,2,4,2,33.074,1.2555,-0.8231,1.687,0,21.123,18.863,1,1,1,0,49.6,fan,17.65,19.1,0.6195,0,0,5.008,97.65,Inconsistent
R01459,3,1,2,44.208,0.3733,-0.4353,2.701,1,-7.169,18.873,0,0,0,0,40.3,valve,45.31,19.46,0.7421,0,1,10.961,96.7,Harmful
R01460,4,1,3,17.373,1.5135,-1.1906,2.044,1,14.499,20.114,0,1,0,0,97.7,valve,38.38,16.5,0.863,1,0,0.516,98.23,Ineffective
R01461,2,4,2,45.636,0.8346,0.0625,2.409,1,-2.958,17.441,1,1,0,0,91.9,valve,29.84,11.4,0.7375,1,0,3.653,82.16,Harmful
R01462,1,2,1,44.332,0.9627,-0.2775,1.05,0,14.806,17.299,1,0,0,0,174.1,fan,38.93,6.79,0.8884,1,1,-8.724,96.65,Protective
R01463,1,2,1,19.663,0.9915,1.197,0.57,1,-12.02,17.404,1,0,0,0,27.9,damper,50.51,2.31,0.7392,1,0,10.224,89.77,Harmful
R01464,4,1,3,35.578,-1.0318,0.1694,2.281,0,10.89,20.981,1,1,0,0,215.0,door,14.66,6.06,0.8262,1,0,2.846,80.51,Ineffective
R01465,1,3,2,52.042,-0.0435,-1.1599,0.63,0,-1.43,20.709,1,0,0,0,186.8,fan,35.62,6.26,0.4197,1,1,-9.017,72.45,Protective
R01466,3,1,2,18.724,2.4012,0.6389,2.536,1,-17.777,19.802,0,0,0,0,116.1,door,23.83,11.47,0.6525,0,0,12.684,95.89,Harmful
R01467,2,3,1,45.479,1.2976,0.146,2.84,1,-2.299,18.79,0,0,0,1,96.3,fan,24.23,13.29,0.6443,1,0,-0.761,0.0,Inconsistent
R01468,4,2,2,57.468,-0.2164,-1.0348,0.992,0,19.826,17.34,0,0,0,0,201.4,door,48.66,19.64,0.5776,0,1,-14.989,100.0,Protective
R01469,1,2,1,52.643,2.1557,-1.6895,2.331,0,-15.288,20.284,0,0,0,1,73.2,valve,42.48,9.03,0.8524,0,0,-2.706,18.8,Inconsistent
R01470,4,1,3,27.084,1.9592,1.0248,1.425,1,-22.265,17.758,0,0,0,0,454.7,pump,54.38,18.89,0.7913,1,0,8.269,92.05,Harmful
R01471,3,4,1,38.396,1.6167,0.8464,1.037,1,5.981,18.091,1,0,0,1,175.3,door,28.31,16.53,0.7161,1,1,4.9,22.7,Inconsistent
R01472,2,4,2,59.547,1.1173,0.9568,1.407,1,-25.167,20.363,0,0,0,0,189.9,pump,35.26,14.73,0.651,1,0,1.541,92.33,Harmful
R01473,1,4,3,36.264,1.5303,-0.3282,2.011,1,23.45,18.029,0,0,0,0,78.0,pump,17.21,5.15,0.6212,1,0,-2.821,93.35,Ineffective
R01474,4,1,3,11.327,1.5627,0.5711,2.967,1,23.072,20.378,1,0,1,0,23.1,fan,52.64,13.12,0.801,0,0,5.222,100.0,Inconsistent
R01475,2,3,1,7.499,-1.3828,-0.9754,1.04,1,15.574,20.144,0,0,0,1,362.5,damper,40.93,12.67,0.7803,1,0,-4.15,21.7,Inconsistent
R01476,2,3,1,48.467,1.1949,-0.5866,2.177,1,-0.168,20.349,0,0,0,0,101.2,door,55.53,16.23,0.5692,1,1,22.027,89.42,Harmful
R01477,2,4,2,28.3,-0.2608,-0.0663,1.138,0,24.97,19.697,0,0,0,0,67.7,door,41.61,12.43,0.6585,1,0,-5.059,92.25,Protective
R01478,1,4,3,18.575,-0.5998,0.1624,0.904,0,20.182,18.409,1,1,0,0,181.6,damper,16.7,19.34,0.5227,1,0,-0.464,87.92,Ineffective
R01479,2,3,1,24.122,-0.2954,-1.7288,1.969,0,-7.991,19.613,0,0,0,0,25.2,pump,38.17,5.58,0.7783,1,0,-6.396,95.03,Protective
R01480,1,3,2,46.656,-1.6558,-1.1575,2.332,0,21.583,20.316,0,0,0,1,268.0,valve,57.47,4.98,0.8077,1,0,-5.259,44.67,Inconsistent
R01481,1,4,3,30.589,-1.9046,-0.4654,2.209,0,-13.675,19.998,1,0,0,0,233.3,door,18.39,15.08,0.6825,1,0,-7.389,78.19,Protective
R01482,2,1,1,52.767,2.0465,1.3585,2.839,1,-2.955,20.448,0,0,0,0,337.7,door,26.41,19.92,0.7547,1,0,15.727,91.01,Harmful
R01483,1,3,2,45.421,0.3622,-0.9131,0.501,0,-26.902,20.934,0,0,0,0,46.1,door,42.29,6.28,0.8634,0,1,-9.448,92.28,Protective
R01484,2,1,1,58.571,-1.613,0.5406,1.714,1,2.189,19.761,0,1,0,0,65.2,pump,38.48,2.97,0.6387,1,0,3.297,89.95,Harmful
R01485,4,3,1,53.868,0.2236,0.6454,1.014,1,-4.418,20.713,0,0,0,0,48.3,pump,19.15,13.83,0.4726,1,0,3.586,100.0,Harmful
R01486,1,4,3,19.0,0.7806,-0.3497,2.487,0,-6.783,18.087,0,1,0,1,68.3,door,18.05,15.45,0.7787,1,1,-6.146,67.06,Protective
R01487,1,2,1,41.248,-0.38,0.168,0.374,0,-2.485,20.894,0,1,0,0,156.1,door,17.35,11.19,0.532,0,0,-5.022,73.21,Protective
R01488,1,2,1,6.13,2.045,-0.9449,0.692,1,-8.693,20.641,0,1,0,0,113.2,damper,36.78,6.1,0.9461,1,1,8.621,93.23,Harmful
R01489,3,4,1,59.511,0.9498,-0.7558,2.362,0,0.625,17.165,1,0,0,0,57.9,valve,55.61,10.93,0.6764,1,0,-18.746,85.56,Protective
R01490,2,1,1,19.355,-0.5567,1.8344,1.193,1,19.254,19.362,0,0,0,0,111.8,damper,35.09,7.54,0.9219,0,0,-6.787,100.0,Protective
R01491,2,4,2,41.564,0.6567,1.9048,2.109,1,-15.928,19.012,0,0,0,0,341.4,pump,30.49,5.92,0.8864,1,0,2.261,97.96,Harmful
R01492,1,2,1,51.703,0.3519,1.2429,2.996,1,12.938,20.262,0,1,0,1,45.1,door,20.47,11.02,0.6169,0,0,-1.036,39.45,Inconsistent
R01493,2,4,2,13.826,-0.5892,1.5004,1.488,1,3.229,17.505,1,1,1,1,38.7,damper,54.3,2.86,0.5762,1,1,-23.382,9.09,Inconsistent
R01494,2,3,1,51.633,-1.5543,-1.9259,1.692,0,5.612,19.111,0,1,0,0,334.2,valve,59.33,14.9,0.7679,1,0,-12.456,87.65,Protective
R01495,2,1,1,5.674,-0.006,-0.5487,2.931,1,-0.461,19.005,1,0,0,0,214.6,door,45.51,15.78,0.7111,0,1,2.99,83.78,Harmful
R01496,3,1,2,29.309,0.1591,0.0889,2.29,1,-10.761,18.582,0,1,0,0,58.3,damper,35.78,19.73,0.8836,1,0,8.336,96.63,Harmful
R01497,4,3,1,30.962,0.1832,2.3156,0.751,0,6.673,20.969,0,0,0,0,292.2,pump,55.66,17.82,0.4001,1,1,-16.182,84.01,Protective
R01498,2,3,1,25.575,1.8442,0.0869,2.452,1,7.783,19.158,0,0,0,0,304.4,door,36.25,7.3,0.8395,1,1,8.082,92.74,Harmful
R01499,4,2,2,37.251,1.3136,1.1449,1.644,1,-12.007,18.653,1,0,0,1,45.4,damper,27.27,7.48,0.6814,1,0,1.193,46.95,Harmful
R01500,3,4,1,55.316,1.5504,0.7784,2.405,1,-20.078,20.426,0,0,0,0,20.7,damper,19.35,9.99,0.9406,1,0,8.633,100.0,Harmful
R01501,2,1,1,22.984,0.5334,0.7561,1.876,1,1.28,17.556,0,0,0,0,405.5,valve,16.88,15.04,0.9483,0,0,9.4,74.23,Harmful
R01502,1,3,2,36.859,1.403,0.3765,0.837,1,11.321,18.15,0,0,0,0,207.8,door,32.45,2.74,0.448,1,1,3.031,66.56,Harmful
R01503,2,4,2,53.26,-0.2484,-1.3,2.48,0,15.076,18.116,0,0,0,0,105.6,fan,29.47,19.31,0.7081,0,1,-11.138,87.1,Protective
R01504,3,1,2,47.515,-0.5415,-2.8012,0.206,0,18.05,20.735,0,0,0,1,157.8,door,20.35,14.65,0.9327,1,1,-3.076,27.56,Inconsistent
R01505,1,2,1,7.24,2.6971,1.6818,2.686,1,5.571,20.521,0,0,0,0,69.6,valve,35.42,17.31,0.4926,1,0,8.048,78.35,Harmful
R01506,4,3,1,56.853,-1.5305,-0.2165,2.492,1,-3.948,19.427,1,0,0,0,646.9,fan,46.44,14.42,0.7179,1,1,-26.99,95.52,Protective
R01507,2,4,2,7.566,-1.0733,-1.4671,2.916,1,-0.032,18.279,1,0,0,1,147.9,pump,40.79,18.58,0.8795,1,0,1.875,15.83,Inconsistent
R01508,4,3,1,37.382,0.2827,0.338,0.3,0,-18.648,18.872,0,0,0,0,37.0,valve,48.66,16.71,0.8286,0,0,-12.42,93.75,Protective
R01509,3,4,1,36.644,0.535,0.8188,1.425,1,-10.24,19.285,0,0,0,0,22.5,damper,50.46,9.85,0.7911,1,1,17.919,100.0,Harmful
R01510,2,3,1,48.251,-0.637,1.1679,0.674,1,-0.799,19.16,0,0,0,0,29.3,damper,16.79,14.76,0.5781,0,0,6.744,77.98,Harmful
R01511,1,4,3,13.164,-1.1546,1.0157,1.247,0,-4.0,18.024,1,1,0,1,73.2,pump,59.6,18.96,0.5219,0,0,-2.785,17.76,Inconsistent
R01512,3,4,1,14.865,-1.0244,-1.019,1.207,0,1.38,17.522,0,0,0,1,179.5,valve,18.18,19.01,0.8899,1,1,-7.882,30.85,Inconsistent
R01513,2,3,1,46.366,1.6923,-0.475,1.873,1,-20.623,20.631,0,0,0,1,108.9,pump,46.93,18.2,0.7031,0,1,8.656,28.46,Inconsistent
R01514,1,4,3,13.223,2.0124,0.0813,1.425,1,-17.272,19.563,0,0,0,0,47.9,door,38.46,15.5,0.6902,0,0,-0.646,92.07,Ineffective
R01515,4,1,3,30.819,2.4396,1.2216,2.904,1,11.634,17.58,0,0,0,0,98.5,door,35.92,13.42,0.3312,1,0,9.84,77.27,Harmful
R01516,2,3,1,45.241,-1.689,-2.2026,0.978,0,-12.5,20.959,0,1,0,0,439.7,door,55.09,11.9,0.689,0,1,-9.438,87.81,Protective
R01517,1,3,2,40.818,-0.5671,0.5282,1.373,1,-10.143,18.645,1,0,0,0,321.7,door,49.48,5.42,0.7206,0,0,9.169,83.06,Harmful
R01518,2,3,1,16.583,-0.6356,1.3321,2.162,1,1.426,19.932,0,0,0,0,60.9,pump,12.85,10.26,0.9045,1,1,2.623,100.0,Harmful
R01519,2,3,1,21.718,1.1889,0.7909,0.974,0,-13.968,17.707,0,1,1,0,43.3,damper,41.37,4.43,0.6741,0,1,20.126,95.33,Inconsistent
R01520,4,1,3,58.294,1.2172,1.1086,2.227,1,16.595,20.731,1,0,0,0,493.0,fan,34.74,4.76,0.7002,1,0,2.854,84.1,Harmful
R01521,3,4,1,29.677,0.8802,1.463,2.184,1,-18.852,17.317,0,1,0,1,43.3,damper,30.67,4.84,0.6163,1,0,1.792,40.18,Inconsistent
R01522,1,2,1,7.445,0.1296,-2.8472,2.194,0,0.023,20.823,0,1,0,1,122.2,valve,11.69,10.51,0.5597,1,0,-4.433,44.03,Inconsistent
R01523,1,4,3,17.077,0.7432,2.0135,2.09,1,-11.229,19.908,0,0,0,0,495.3,damper,53.9,3.57,0.7232,1,0,6.107,80.67,Harmful
R01524,3,4,1,23.834,-1.2211,0.2304,2.489,0,2.343,17.909,1,1,0,0,57.3,pump,26.36,17.46,0.8626,0,0,-5.676,95.6,Protective
R01525,1,2,1,59.972,0.4132,1.2347,2.986,0,-7.462,17.724,1,0,0,0,26.9,damper,59.96,18.32,0.7182,0,1,-30.141,98.12,Protective
R01526,2,3,1,21.648,0.6139,-0.7746,0.355,1,-0.355,20.348,0,0,0,0,170.8,door,50.75,14.17,0.7311,0,1,13.302,90.63,Harmful
R01527,1,3,2,6.452,-1.3003,-1.8538,1.592,0,18.319,17.16,0,0,0,1,142.5,fan,50.14,11.33,0.8506,1,1,-6.768,13.73,Inconsistent
R01528,1,4,3,33.211,0.4743,1.6864,2.477,0,-10.312,17.457,1,1,0,0,73.0,fan,39.62,19.17,0.7675,1,1,1.041,97.79,Ineffective
R01529,4,2,2,9.598,-0.5258,-1.0265,0.2,0,-10.437,19.691,1,0,0,0,474.5,valve,51.48,7.79,0.7831,0,1,-3.889,80.74,Ineffective
R01530,1,2,1,20.074,0.1275,-0.4108,1.726,0,-4.739,17.309,0,0,0,1,39.5,damper,22.55,12.87,0.6355,0,0,-5.982,59.4,Protective
R01531,1,2,1,59.581,0.675,0.9275,2.047,1,22.11,19.165,1,0,0,0,105.5,door,39.63,16.37,0.6152,0,0,22.936,91.76,Harmful
R01532,4,2,2,43.755,1.6914,1.1729,0.737,1,-1.346,19.296,0,0,0,0,66.3,valve,39.17,15.25,0.8724,0,0,8.797,100.0,Harmful
R01533,1,2,1,7.787,0.1202,0.9784,1.322,0,18.513,17.071,1,0,0,0,64.4,pump,31.54,17.19,0.7696,1,0,-1.699,92.69,Ineffective
R01534,4,3,1,29.678,-0.0837,0.6234,2.41,1,-2.654,18.509,1,0,0,0,28.4,pump,38.34,6.19,0.8544,1,0,11.599,100.0,Harmful
R01535,1,4,3,14.44,1.122,-0.6543,0.387,1,17.845,17.114,1,0,0,0,171.7,valve,47.79,16.43,0.804,1,1,2.653,91.03,Harmful
R01536,1,3,2,11.762,1.1547,1.1066,0.578,1,6.111,20.868,0,0,0,0,24.6,pump,19.35,2.64,0.4499,0,0,4.139,81.56,Harmful
R01537,1,4,3,37.289,1.3113,1.1226,2.491,1,8.318,17.861,1,0,0,0,51.7,damper,58.81,11.93,0.8443,1,0,11.131,99.9,Harmful
R01538,3,4,1,32.811,0.9359,-1.915,2.466,0,-21.537,19.759,0,0,0,0,242.2,valve,33.45,2.17,0.6834,1,0,-4.147,82.68,Ineffective
R01539,3,4,1,45.858,-0.716,1.3187,1.853,0,-23.762,19.695,0,1,0,0,161.6,damper,44.64,8.29,0.8003,1,1,-8.409,87.3,Protective
R01540,2,1,1,54.077,0.5679,-2.5871,1.365,0,16.053,20.089,0,0,0,0,166.7,door,55.33,12.43,0.9279,1,1,-22.156,82.5,Protective
R01541,1,4,3,18.568,-0.9248,1.4344,0.496,1,15.867,18.341,1,0,0,0,24.5,fan,58.43,14.79,0.6646,1,0,-4.403,100.0,Ineffective
R01542,1,2,1,55.765,0.68,-0.2341,2.472,1,36.322,17.738,1,0,0,0,121.4,door,39.33,10.97,0.7697,0,0,11.31,88.95,Harmful
R01543,3,1,2,33.49,-0.3747,0.6055,0.877,0,-22.289,19.122,0,0,0,0,146.8,fan,57.97,19.07,0.7745,0,0,-13.046,88.24,Protective
R01544,1,2,1,19.236,2.2478,0.9102,2.757,1,7.287,19.777,0,0,0,0,299.6,valve,38.79,11.2,0.9158,1,1,14.011,87.29,Harmful
R01545,3,1,2,51.518,-0.2563,-0.1371,2.372,0,-15.357,20.021,0,1,0,0,118.5,pump,22.75,3.29,0.7496,1,1,1.493,88.37,Ineffective
R01546,3,2,1,6.954,0.508,0.3511,0.427,0,-11.109,17.196,0,0,0,0,394.7,valve,37.58,5.27,0.6282,1,1,-6.074,77.02,Protective
R01547,4,3,1,35.773,-0.9618,0.3136,1.979,1,-7.534,20.011,0,0,0,0,157.7,door,15.91,17.22,0.4667,0,0,-0.633,75.31,Ineffective
R01548,2,4,2,44.689,0.4482,1.114,2.778,1,5.735,17.45,1,0,0,0,124.9,door,46.29,19.01,0.8589,0,0,16.368,97.97,Harmful
R01549,1,4,3,20.399,-0.9464,2.0853,2.662,0,-9.96,19.099,0,1,1,0,20.1,door,21.72,14.04,0.5379,1,0,-1.6,83.59,Inconsistent
R01550,2,4,2,52.492,3.2755,-0.9412,1.917,1,0.505,19.222,0,0,0,0,248.7,pump,30.76,15.39,0.7817,1,1,6.616,95.94,Harmful
R01551,4,3,1,18.216,-0.7668,-3.2881,0.681,0,12.481,17.508,0,0,0,0,26.8,door,28.83,13.14,0.4336,0,0,-8.812,85.95,Protective
R01552,3,4,1,51.193,-0.0267,-0.5157,2.105,0,16.92,20.856,0,1,0,0,30.8,damper,21.8,13.5,0.4602,0,0,-0.048,71.31,Ineffective
R01553,3,1,2,9.32,0.9266,-0.084,2.065,1,10.389,19.552,0,1,0,1,61.1,fan,46.0,18.46,0.7643,0,0,-0.325,45.89,Ineffective
R01554,2,4,2,13.796,-1.6895,-0.4776,1.848,0,6.778,17.896,1,0,0,0,140.4,valve,25.95,9.84,0.7604,1,0,-4.087,90.98,Ineffective
R01555,1,3,2,25.954,0.274,-0.5264,0.944,1,-2.125,17.204,0,0,0,0,120.1,damper,57.09,14.01,0.3726,1,1,10.602,82.25,Harmful
R01556,4,1,3,51.973,1.2048,1.2724,2.721,1,-8.534,20.1,0,0,0,0,78.7,fan,10.33,14.13,0.5516,1,0,3.467,91.83,Harmful
R01557,4,1,3,12.952,-0.0143,-1.4813,1.607,0,8.085,20.365,0,1,0,1,67.5,damper,32.67,9.13,0.9487,0,0,-3.489,46.56,Ineffective
R01558,4,3,1,53.149,-2.4004,0.3508,1.032,0,-15.764,17.363,0,0,0,1,109.8,fan,33.22,10.08,0.6426,1,1,-1.139,21.25,Inconsistent
R01559,4,1,3,17.635,-0.667,0.5385,0.915,0,1.787,18.03,1,1,0,0,59.9,fan,39.23,7.77,0.6163,0,1,-2.226,86.43,Ineffective
R01560,2,4,2,29.888,0.9208,0.2165,0.987,0,-16.135,19.57,1,0,0,0,142.2,pump,16.0,19.17,0.636,1,0,-7.821,99.37,Protective
R01561,2,4,2,24.4,1.3882,0.8871,1.491,1,-0.619,18.676,1,0,1,0,159.3,damper,53.04,4.37,0.8948,1,1,1.923,85.49,Inconsistent
R01562,1,3,2,11.497,2.018,1.3493,0.846,1,-15.806,18.37,0,0,0,0,155.4,valve,21.1,6.57,0.7788,1,0,6.999,83.78,Harmful
R01563,4,1,3,56.937,-0.1856,0.4536,1.649,1,-6.008,18.698,0,1,0,1,201.5,pump,29.14,15.91,0.8675,0,1,4.366,52.08,Harmful
R01564,3,4,1,29.1,2.0809,0.0535,0.738,1,-10.139,19.021,0,0,0,0,111.0,damper,38.23,8.17,0.5868,0,0,13.671,89.79,Harmful
R01565,2,3,1,42.968,0.7556,0.8864,0.959,1,-11.948,17.739,0,0,0,0,212.5,valve,10.24,14.47,0.346,1,1,5.826,78.37,Harmful
R01566,4,1,3,36.64,2.3922,1.0004,0.535,1,-1.31,18.552,0,0,0,0,295.8,valve,41.13,15.08,0.5859,1,1,5.437,84.13,Harmful
R01567,3,4,1,32.594,-0.0967,0.7897,1.201,0,-36.357,17.279,1,0,0,1,87.9,door,20.17,11.95,0.8144,1,1,2.625,39.57,Inconsistent
R01568,4,1,3,38.912,-1.2475,-1.3124,1.337,1,-27.037,17.024,1,0,0,0,20.9,door,48.02,9.35,0.7033,1,1,1.247,90.17,Harmful
R01569,4,1,3,54.409,0.7493,-0.2835,1.33,0,12.056,20.901,1,0,0,0,55.7,fan,24.38,14.62,0.685,1,1,-0.475,83.35,Ineffective
R01570,1,4,3,43.462,-0.5435,-1.1654,2.23,0,2.212,17.219,0,1,0,1,48.1,pump,40.07,2.18,0.8858,1,0,0.311,45.33,Ineffective
R01571,2,4,2,34.286,-0.4762,0.461,1.553,0,-10.85,17.174,1,0,0,0,178.0,pump,34.99,14.75,0.6429,0,1,-3.012,95.24,Ineffective
R01572,3,4,1,40.485,-0.6531,1.1267,2.14,1,14.609,20.56,0,0,1,1,107.0,door,54.06,12.37,0.39,1,1,-0.429,28.36,Inconsistent
R01573,4,2,2,38.352,1.5222,-0.3744,0.293,0,-9.588,20.904,1,0,0,0,170.2,valve,27.8,17.18,0.572,0,0,9.667,76.97,Harmful
R01574,1,2,1,28.822,-0.6211,-0.8293,1.422,0,-8.695,20.378,0,0,0,0,33.4,valve,35.12,15.34,0.8773,1,0,-10.29,90.17,Protective
R01575,2,4,2,39.362,2.375,0.997,0.451,1,-11.751,17.558,1,0,0,0,111.0,pump,36.76,12.11,0.38,1,1,9.429,85.65,Harmful
R01576,3,4,1,29.396,0.3688,0.2668,1.494,1,28.599,19.558,0,0,0,0,39.0,pump,15.54,16.06,0.786,1,0,7.404,100.0,Harmful
R01577,4,1,3,46.669,-0.1277,1.8265,1.923,1,3.527,19.788,0,0,1,0,116.8,valve,37.15,5.06,0.5745,0,1,13.202,97.16,Inconsistent
R01578,1,2,1,58.29,1.2195,1.673,2.431,0,2.936,20.087,0,0,0,0,226.2,pump,34.46,9.14,0.6535,0,0,-2.04,85.15,Ineffective
R01579,3,1,2,57.793,-0.1733,0.9007,1.741,0,6.996,17.452,0,0,0,1,62.2,fan,18.55,11.57,0.6239,0,0,-0.158,39.47,Inconsistent
R01580,2,4,2,50.14,0.7364,0.6327,1.263,1,-27.791,18.563,0,1,0,0,45.7,door,41.09,15.89,0.826,1,0,4.899,87.15,Harmful
R01581,1,3,2,38.097,-1.3816,1.7256,0.94,0,-8.91,18.104,0,0,0,1,99.9,damper,35.57,5.56,0.7219,0,1,1.031,10.17,Inconsistent
R01582,3,1,2,46.213,0.3424,0.6407,2.881,1,6.825,19.618,0,1,0,0,185.2,damper,17.06,14.7,0.8097,1,0,-0.049,100.0,Ineffective
R01583,2,1,1,14.793,1.2287,-0.0792,0.755,1,-0.062,18.374,1,1,0,0,171.0,damper,41.41,6.97,0.8239,1,0,5.308,84.55,Harmful
R01584,3,2,1,31.346,-1.3992,-0.7753,0.319,0,33.081,19.035,0,0,0,0,49.1,fan,33.48,5.57,0.8152,1,0,-11.326,94.34,Protective
R01585,2,4,2,19.152,-0.6391,-0.8035,0.552,0,-8.028,19.506,0,0,0,0,86.1,damper,55.27,9.18,0.7625,0,0,-4.882,86.6,Ineffective
R01586,4,2,2,5.192,-0.5204,-0.1064,2.993,0,14.148,20.463,0,1,1,0,58.2,fan,36.93,5.54,0.6871,0,1,-3.385,92.84,Inconsistent
R01587,1,3,2,58.171,0.8664,0.8631,2.737,1,12.09,20.684,1,0,0,0,99.5,damper,22.18,9.85,0.7456,0,0,3.747,78.62,Harmful
R01588,4,1,3,52.512,2.2796,-1.0152,1.097,1,2.142,19.774,1,0,0,0,375.5,pump,47.04,11.76,0.487,0,0,3.221,70.64,Harmful
R01589,1,3,2,33.253,0.5,-0.0489,0.211,1,4.866,17.626,0,0,0,0,162.9,pump,31.19,8.68,0.8429,0,0,7.614,85.54,Harmful
R01590,3,4,1,18.978,0.1095,0.6129,2.348,1,-4.353,20.556,1,0,0,0,27.0,valve,51.73,18.93,0.8937,0,1,17.798,88.23,Harmful
R01591,2,1,1,43.114,3.5464,1.0436,1.042,1,-29.598,17.818,0,1,0,0,57.4,door,32.52,14.13,0.7446,1,1,19.755,86.27,Harmful
R01592,2,4,2,28.914,-0.5332,-0.1259,0.262,0,5.238,17.213,0,0,0,0,52.7,pump,20.54,9.27,0.5515,1,0,-3.864,87.62,Ineffective
R01593,1,4,3,49.184,-0.2907,0.1445,1.478,0,6.426,18.749,0,0,0,0,65.7,fan,34.92,19.04,0.7316,0,1,-8.837,100.0,Protective
R01594,3,2,1,59.973,0.4422,-0.8385,1.388,1,8.785,19.739,1,0,0,0,267.1,valve,15.17,7.72,0.7772,1,0,0.595,86.81,Ineffective
R01595,1,3,2,24.2,0.5232,-0.5118,1.213,1,0.946,17.597,1,1,0,1,70.1,damper,29.72,13.51,0.5573,1,1,-0.124,8.85,Inconsistent
R01596,3,2,1,18.442,0.8778,0.3391,2.029,1,14.556,18.197,0,1,0,0,93.4,valve,38.28,10.47,0.7212,1,1,0.535,94.31,Ineffective
R01597,3,1,2,19.706,1.7208,0.9106,2.233,1,-12.99,17.32,0,0,0,0,33.6,damper,40.87,17.71,0.8161,1,1,8.439,100.0,Harmful
R01598,4,1,3,10.134,0.304,0.1313,1.766,0,22.026,19.473,0,0,1,0,73.8,door,28.81,9.89,0.7776,0,0,-15.222,84.4,Inconsistent
R01599,3,4,1,26.673,1.8771,-0.4488,0.239,1,-14.819,19.833,0,0,0,1,72.9,fan,17.82,2.71,0.2662,0,0,-2.653,5.58,Inconsistent
R01600,2,3,1,5.958,0.944,-0.3366,0.263,0,-1.618,19.079,0,0,1,1,41.4,fan,26.01,7.54,0.4645,1,0,-8.254,3.93,Inconsistent
R01601,3,2,1,11.292,1.0086,1.9118,2.669,1,10.213,18.778,1,0,0,0,308.6,damper,35.45,7.68,0.9549,0,0,12.166,89.88,Harmful
R01602,4,2,2,19.943,1.1763,0.9443,0.722,1,-7.724,20.391,1,1,0,0,56.7,door,37.31,9.11,0.7975,1,1,5.74,92.16,Harmful
R01603,2,3,1,13.792,1.0087,-0.2625,1.315,0,11.235,18.677,0,1,0,0,158.4,pump,52.06,15.15,0.3963,1,1,-0.717,82.3,Ineffective
R01604,1,3,2,45.269,-0.3112,-0.6258,0.49,1,-5.142,18.767,0,0,0,0,193.1,damper,12.66,14.75,0.4781,1,1,-1.361,80.1,Ineffective
R01605,4,1,3,10.808,3.2982,-0.3134,0.842,1,1.772,19.309,0,0,0,0,76.1,damper,36.81,3.95,0.8244,1,0,1.084,97.76,Harmful
R01606,1,4,3,52.63,-0.6126,-0.0934,1.559,0,-2.717,19.815,1,1,0,0,85.0,damper,19.26,3.02,0.91,1,0,1.686,93.59,Ineffective
R01607,3,2,1,17.161,0.449,0.6759,0.86,1,-8.652,20.108,1,0,0,0,48.1,damper,54.17,5.41,0.4794,1,0,8.945,74.72,Harmful
R01608,1,2,1,10.972,-0.4119,0.9656,2.045,1,33.766,17.163,1,0,0,0,67.0,valve,44.28,10.09,0.7959,0,0,7.008,97.19,Harmful
R01609,1,4,3,5.556,-0.3822,0.788,1.228,1,-12.596,20.405,1,0,0,0,33.5,door,23.53,12.36,0.9545,1,1,1.644,91.99,Harmful
R01610,4,2,2,44.336,1.774,0.0298,2.408,1,-34.292,18.805,0,0,1,0,226.2,pump,39.06,10.28,0.8132,1,0,6.96,87.0,Inconsistent
R01611,1,2,1,19.114,3.0702,-0.1111,1.885,1,-12.055,20.623,0,0,1,0,248.7,pump,53.29,16.62,0.2925,1,0,4.852,82.11,Inconsistent
R01612,3,2,1,33.022,0.2328,2.447,0.911,1,1.969,19.145,1,0,0,1,43.4,damper,17.28,11.14,0.8046,1,0,4.956,24.89,Inconsistent
R01613,3,4,1,11.139,0.2473,-0.6565,2.463,0,-5.653,18.903,1,0,0,1,211.2,damper,25.87,15.32,0.7633,0,0,-0.652,17.73,Inconsistent
R01614,1,2,1,59.191,0.1202,-1.3917,2.81,0,15.279,17.782,1,0,0,0,236.9,fan,33.9,19.79,0.612,0,1,18.555,93.08,Harmful
R01615,1,2,1,11.896,1.8002,-1.2387,0.536,1,14.733,18.878,1,0,0,0,632.4,fan,22.44,13.82,0.6095,1,1,7.804,83.73,Harmful
R01616,4,2,2,27.656,3.0187,0.0468,2.075,1,-4.776,18.972,0,0,0,0,35.8,valve,16.67,13.13,0.5122,1,0,6.873,77.7,Harmful
R01617,3,1,2,51.841,2.321,1.34,1.966,1,-25.233,20.578,0,0,1,0,31.1,door,19.55,15.76,0.7722,0,0,0.998,73.28,Inconsistent
R01618,1,2,1,18.469,0.5613,-0.1759,2.075,1,-19.247,20.548,1,0,0,0,80.4,pump,26.59,11.08,0.6933,0,1,4.936,90.23,Harmful
R01619,4,1,3,19.683,1.3288,1.8775,0.287,1,-0.483,18.946,0,0,0,0,191.1,door,47.99,18.51,0.5345,0,0,-1.024,82.75,Ineffective
R01620,2,3,1,49.467,0.5281,-0.1073,0.279,0,-23.468,20.47,0,0,0,0,268.4,damper,59.14,13.39,0.6105,0,0,-22.624,90.2,Protective
R01621,1,4,3,20.034,0.7799,1.5096,1.025,1,-5.517,20.418,0,1,0,0,179.4,pump,20.77,18.22,0.6371,0,0,3.7,96.78,Harmful
R01622,4,3,1,5.158,-0.2959,-0.3577,0.425,1,21.32,20.794,0,0,0,0,54.9,pump,50.67,10.77,0.7485,0,0,1.852,100.0,Harmful
R01623,1,4,3,28.535,-0.8988,-0.8422,1.225,0,5.142,18.446,0,0,0,0,131.7,fan,32.29,6.15,0.472,0,1,-4.677,97.94,Ineffective
R01624,3,1,2,5.689,1.0482,-0.009,2.643,0,0.685,17.849,0,1,0,0,23.5,fan,15.87,17.15,0.7741,0,0,-0.116,86.25,Ineffective
R01625,4,2,2,55.039,2.0513,0.8826,1.192,1,-15.612,20.776,1,0,0,0,442.6,pump,39.9,5.24,0.8844,0,1,12.769,97.51,Harmful
R01626,3,2,1,40.3,0.5924,0.221,1.3,1,2.726,19.339,1,0,0,0,127.5,damper,29.56,19.33,0.7311,0,0,8.285,78.77,Harmful
R01627,3,1,2,37.066,0.1611,0.1925,0.949,0,-3.878,18.867,0,0,0,1,91.2,valve,25.36,18.48,0.5642,1,1,-4.321,18.32,Inconsistent
R01628,2,4,2,16.087,1.9973,0.9885,1.38,1,3.58,18.646,1,1,0,0,324.8,door,28.57,8.86,0.8024,1,0,3.0,78.82,Harmful
R01629,1,2,1,43.497,-1.8043,-1.5205,2.433,0,10.906,17.339,1,0,0,0,319.9,fan,35.58,17.55,0.4959,0,0,-18.417,80.87,Protective
R01630,3,1,2,42.249,-0.5464,-0.4409,2.526,0,13.472,17.816,1,0,0,0,84.7,fan,34.94,18.37,0.7599,0,0,-10.752,94.93,Protective
R01631,4,1,3,8.325,2.8179,-0.1187,1.379,1,1.933,18.166,1,0,0,1,255.4,fan,29.81,8.79,0.6392,0,0,-1.308,3.77,Inconsistent
R01632,1,2,1,53.447,1.0993,-0.0701,1.311,1,7.679,19.205,0,0,0,0,38.0,pump,15.4,18.01,0.89,1,0,3.28,95.69,Harmful
R01633,4,3,1,36.868,-0.3292,0.8069,0.746,1,-7.68,19.067,0,0,0,0,161.6,fan,35.86,14.05,0.3283,0,1,16.192,80.73,Harmful
R01634,2,1,1,48.586,0.9173,-0.1048,2.932,1,16.989,19.171,0,0,0,0,181.7,pump,54.93,7.69,0.8357,1,0,19.211,91.66,Harmful
R01635,3,4,1,19.46,1.8214,-1.6051,1.071,1,-13.307,17.306,1,0,0,0,317.8,fan,29.79,10.35,0.6336,1,1,-3.809,76.03,Ineffective
R01636,1,2,1,11.713,-2.6465,-0.3365,1.159,0,-3.112,17.039,0,0,0,0,229.2,valve,37.09,18.53,0.5088,1,1,-11.588,83.51,Protective
R01637,3,4,1,43.635,0.0763,-1.1644,1.404,0,18.549,18.853,0,1,0,0,56.9,valve,41.72,13.5,0.9687,1,0,-7.181,100.0,Protective
R01638,1,4,3,48.664,-0.4724,0.3963,0.425,0,-7.225,17.774,1,1,0,0,75.4,pump,31.43,13.66,0.8648,1,1,-4.172,93.61,Ineffective
R01639,2,3,1,26.232,-1.742,0.7057,1.12,0,-20.112,20.567,1,0,0,1,59.8,pump,49.75,15.08,0.7455,1,1,5.461,26.8,Inconsistent
R01640,3,4,1,6.303,-0.0181,-2.2748,2.806,0,-6.161,18.724,0,0,0,0,35.7,valve,11.69,15.44,0.7983,0,0,0.257,100.0,Ineffective
R01641,1,2,1,50.004,0.6635,-0.3742,0.408,1,20.876,18.408,0,1,0,0,54.6,door,15.88,8.06,0.6475,1,1,0.836,90.5,Ineffective
R01642,2,1,1,16.335,0.7759,0.7534,0.873,1,-34.061,19.176,1,0,0,0,24.9,damper,11.36,17.3,0.7691,0,0,6.34,91.87,Harmful
R01643,3,1,2,23.647,-0.4483,-1.5089,0.81,0,1.536,19.514,1,0,0,0,234.3,door,56.92,12.58,0.8289,1,0,-12.075,100.0,Protective
R01644,1,4,3,39.553,-1.1213,0.6827,0.858,0,-9.51,17.328,0,0,0,0,195.1,door,14.85,19.53,0.7668,1,0,-1.171,84.09,Ineffective
R01645,2,1,1,10.498,-0.6548,1.4493,2.873,1,-2.515,19.965,0,0,0,0,124.6,door,50.51,11.98,0.9321,1,0,10.894,97.66,Harmful
R01646,2,3,1,8.96,-0.7907,-0.262,2.184,0,-5.228,17.55,1,0,0,0,66.4,valve,14.77,5.49,0.6976,1,1,-4.985,78.77,Ineffective
R01647,3,2,1,6.414,1.6593,-0.3739,2.775,1,14.407,18.547,0,1,0,0,88.2,fan,31.91,3.24,0.8712,1,0,4.376,89.64,Harmful
R01648,4,2,2,55.415,1.0331,-1.9106,2.601,1,0.807,18.427,1,1,0,0,109.2,valve,37.19,14.38,0.9206,1,0,-1.57,85.31,Ineffective
R01649,4,2,2,22.126,-0.1692,0.714,1.949,0,15.158,19.277,0,0,0,0,126.3,valve,49.42,12.14,0.6807,1,0,-4.483,88.0,Ineffective
R01650,1,2,1,41.336,-0.2398,2.4025,1.767,1,19.262,19.758,0,1,0,1,100.0,damper,17.81,17.63,0.4288,1,1,3.336,51.38,Harmful
R01651,1,4,3,59.408,0.4261,2.1957,1.625,1,0.448,20.203,0,1,0,0,139.4,fan,42.5,17.31,0.7701,0,0,8.644,89.87,Harmful
R01652,1,4,3,41.82,0.6372,-0.295,2.131,0,-5.392,19.109,1,0,0,0,112.3,door,53.42,8.81,0.7227,0,1,-4.307,94.39,Ineffective
R01653,3,1,2,33.88,0.4048,-1.1927,2.165,0,5.658,17.622,0,1,0,0,378.9,pump,57.43,19.88,0.6357,1,1,-4.333,82.43,Ineffective
R01654,1,2,1,33.651,0.3228,1.2376,1.878,1,8.553,19.784,1,1,0,1,224.5,fan,59.17,17.27,0.7446,1,0,5.506,8.4,Inconsistent
R01655,1,4,3,25.73,-2.7114,-0.2269,1.457,0,-17.299,18.915,0,0,0,0,88.1,fan,56.36,3.28,0.5098,1,1,-4.73,92.41,Ineffective
R01656,4,3,1,37.988,0.1252,0.8781,2.091,1,3.541,19.356,1,1,0,0,765.2,door,27.39,8.08,0.9099,1,0,7.096,85.28,Harmful
R01657,4,2,2,57.734,-0.5827,0.2028,0.639,0,-3.803,18.775,0,1,0,0,110.9,pump,19.84,13.7,0.8014,0,1,-5.46,97.28,Protective
R01658,4,2,2,48.342,-0.1071,0.493,1.744,1,-6.305,18.665,0,0,0,0,53.3,fan,31.11,2.8,0.6147,1,0,5.292,84.82,Harmful
R01659,2,3,1,28.332,-0.5132,0.9285,1.654,0,-10.364,19.805,1,0,0,1,31.9,damper,20.67,7.2,0.7401,1,1,2.823,41.61,Inconsistent
R01660,3,4,1,23.284,0.7166,0.9657,1.697,0,-9.386,19.096,0,0,0,0,36.4,fan,56.4,11.93,0.7867,1,0,-20.177,94.1,Protective
R01661,3,2,1,53.594,0.7627,-0.1227,1.63,1,18.835,20.471,0,0,0,0,62.2,pump,32.99,19.24,0.7264,0,1,-15.898,98.31,Protective
R01662,1,3,2,12.468,1.7897,-0.5231,2.301,1,-5.46,19.974,0,0,0,1,176.7,fan,25.49,17.64,0.9272,0,0,8.504,25.28,Inconsistent
R01663,3,4,1,51.727,-0.7084,-2.0991,2.321,1,17.156,18.905,1,0,0,0,234.6,pump,56.0,2.64,0.8609,0,0,5.267,86.65,Harmful
R01664,3,2,1,19.029,-0.4051,-0.4462,1.123,0,1.965,17.857,1,0,1,0,91.7,damper,24.94,16.26,0.7468,1,0,-39.284,93.91,Inconsistent
R01665,2,3,1,44.36,-2.039,-1.1933,1.182,0,-16.991,17.07,1,0,1,0,147.5,damper,34.84,4.65,0.7837,0,1,-14.994,79.3,Inconsistent
R01666,4,1,3,49.342,-0.5266,0.3192,0.246,0,2.862,17.822,0,0,0,0,103.7,damper,32.93,18.59,0.4225,1,0,-6.171,69.78,Protective
R01667,3,4,1,31.235,-1.1457,-0.4359,0.517,0,-17.819,18.125,0,0,0,0,147.9,door,51.92,13.97,0.7908,0,1,-26.187,96.63,Protective
R01668,3,1,2,15.576,2.0813,0.1726,0.935,1,9.107,17.472,0,1,0,0,147.2,valve,34.24,4.6,0.5167,1,1,4.966,85.65,Harmful
R01669,3,1,2,51.462,0.3097,0.712,2.344,0,-3.117,19.676,1,0,1,0,25.6,damper,27.61,19.72,0.7693,1,0,8.784,96.57,Inconsistent
R01670,4,1,3,25.213,1.8148,0.7973,2.434,1,12.828,18.304,0,0,0,0,77.0,door,16.22,3.95,0.5882,0,1,8.285,88.83,Harmful
R01671,3,1,2,22.637,-0.5293,-0.2167,0.894,0,21.503,17.121,0,0,0,0,138.1,fan,36.97,5.56,0.6825,0,0,-9.659,78.81,Protective
R01672,2,4,2,33.051,-0.2197,2.0864,2.635,1,-26.03,18.748,0,0,0,0,96.8,damper,43.28,3.35,0.6013,0,0,6.501,82.77,Harmful
R01673,4,2,2,28.93,-1.1516,0.6381,1.252,0,-6.917,20.137,0,0,0,0,155.2,valve,22.93,8.72,0.6473,0,1,-2.824,85.34,Ineffective
R01674,3,1,2,42.568,1.0654,-0.0159,2.435,1,-18.142,18.359,1,0,0,0,170.8,valve,43.21,5.14,0.6729,0,0,7.614,91.53,Harmful
R01675,4,3,1,12.546,2.6102,0.0287,1.507,1,32.374,20.609,0,0,0,0,506.4,valve,33.1,19.85,0.6417,1,0,2.473,76.34,Harmful
R01676,1,4,3,28.963,1.2124,1.1884,2.195,1,-6.605,20.411,0,0,0,0,220.7,damper,12.18,11.63,0.7368,0,0,3.901,91.74,Harmful
R01677,2,3,1,54.044,-0.4748,0.1028,1.198,0,-19.727,20.558,0,0,0,0,39.7,door,12.2,15.98,0.8675,1,1,-9.464,90.12,Protective
R01678,4,3,1,6.983,0.6112,-0.7212,0.398,1,33.605,19.671,0,0,0,0,51.5,fan,12.97,7.35,0.673,1,0,-0.73,100.0,Ineffective
R01679,3,1,2,30.154,0.7687,1.2947,0.911,1,-10.891,20.226,1,1,0,0,34.1,valve,30.77,6.73,0.6993,1,1,9.155,92.63,Harmful
R01680,4,1,3,41.329,2.8266,1.6572,2.152,1,-24.328,18.556,1,0,0,0,75.5,pump,51.0,10.87,0.8138,0,0,14.9,96.37,Harmful
R01681,1,3,2,53.824,2.0336,1.5814,2.77,1,-17.376,19.773,0,0,0,0,63.5,damper,26.11,15.99,0.8018,1,1,11.127,97.07,Harmful
R01682,1,4,3,37.658,0.16,1.4427,1.959,0,2.148,17.896,0,0,0,1,517.1,pump,41.45,13.34,0.811,0,1,-4.746,9.29,Inconsistent
R01683,4,3,1,50.347,0.0097,1.9692,2.353,0,0.686,17.819,1,0,0,0,168.6,valve,52.24,10.64,0.6394,0,1,14.571,89.77,Harmful
R01684,2,4,2,17.248,0.1994,1.63,0.24,0,-12.54,20.774,0,1,0,0,232.6,valve,37.99,4.57,0.681,0,1,6.332,86.09,Harmful
R01685,3,4,1,24.405,0.3943,0.2407,2.328,0,-7.276,19.195,1,0,0,0,432.4,door,56.18,10.94,0.8559,1,0,-13.298,84.51,Protective
R01686,2,3,1,56.817,0.3868,0.1916,2.54,1,0.796,17.287,1,0,0,1,121.2,fan,25.31,13.54,0.9351,0,0,-5.471,19.9,Inconsistent
R01687,2,3,1,53.729,-0.0441,-1.4296,1.355,1,19.859,17.789,0,0,0,0,94.3,damper,35.45,3.17,0.7969,1,1,5.728,89.47,Harmful
R01688,4,3,1,35.687,0.9322,-0.0891,1.583,0,4.999,18.845,0,0,0,0,335.9,door,37.25,13.26,0.904,1,0,-12.782,99.19,Protective
R01689,1,3,2,31.152,-0.078,0.4191,0.347,0,-8.447,20.384,0,0,0,1,257.0,fan,18.76,19.3,0.7195,1,1,-4.245,29.12,Inconsistent
R01690,4,2,2,29.809,1.7487,0.4436,0.689,1,-3.426,20.584,0,0,0,0,102.3,fan,34.97,5.7,0.5306,1,0,4.714,87.07,Harmful
R01691,4,3,1,8.233,1.5462,-1.9882,0.358,0,11.546,17.454,1,1,0,0,238.4,door,42.63,6.14,0.7552,1,1,-7.087,93.94,Protective
R01692,3,2,1,54.081,1.3206,0.1134,2.248,1,25.201,17.248,1,1,0,0,71.6,fan,14.98,10.01,0.6443,0,0,6.35,86.97,Harmful
R01693,2,1,1,49.998,1.1585,1.0453,2.44,1,-16.569,17.487,0,0,0,0,100.5,door,42.08,14.93,0.7752,1,1,16.936,84.24,Harmful
R01694,1,2,1,30.094,4.0002,-0.6259,0.504,1,16.712,19.686,1,0,0,0,59.9,door,36.26,10.73,0.5924,0,0,13.636,91.2,Harmful
R01695,3,1,2,20.369,0.107,0.0657,2.78,0,-4.692,19.131,1,0,0,0,237.6,door,28.56,4.68,0.7758,1,1,-2.838,81.42,Ineffective
R01696,2,1,1,23.861,-1.1905,0.3316,2.551,0,-24.363,19.952,0,0,0,0,30.2,fan,29.07,15.1,0.6356,0,1,-8.349,85.33,Protective
R01697,1,4,3,11.774,0.5188,1.518,1.814,1,-27.334,19.373,0,0,0,0,75.4,damper,52.79,11.55,0.525,1,0,-0.298,86.26,Ineffective
R01698,2,3,1,44.698,1.4517,1.6126,2.939,0,20.013,17.384,0,0,0,0,90.5,fan,58.17,15.82,0.8715,1,0,-24.307,93.91,Protective
R01699,4,2,2,35.617,-1.3942,-0.4778,2.671,0,21.8,18.031,1,0,0,0,687.2,pump,27.68,6.71,0.7348,1,1,-4.072,77.72,Ineffective
R01700,2,1,1,17.876,0.0475,0.5838,0.823,1,-8.536,18.326,0,0,0,0,246.2,damper,32.93,19.69,0.8889,1,1,12.484,99.38,Harmful
R01701,1,2,1,39.265,1.0064,0.1151,2.871,0,-3.182,19.831,1,0,0,0,230.3,damper,34.11,4.88,0.6779,1,1,-5.157,93.71,Protective
R01702,3,1,2,58.858,0.5284,1.0494,1.44,1,-26.735,19.387,1,0,0,1,157.9,valve,42.68,19.37,0.775,0,1,0.512,19.04,Inconsistent
R01703,1,2,1,11.732,0.6898,0.9374,0.634,1,11.431,20.787,1,0,0,0,74.5,pump,22.04,3.59,0.6161,1,0,3.423,90.01,Harmful
R01704,4,3,1,30.217,1.8734,1.825,0.76,1,-0.426,17.582,1,0,0,0,341.9,valve,27.83,6.74,0.6272,1,1,9.977,74.15,Harmful
R01705,4,1,3,32.179,0.0832,-1.9313,2.116,1,-23.284,20.755,0,1,0,0,31.6,fan,16.98,4.53,0.386,0,0,-1.11,81.67,Ineffective
R01706,4,1,3,14.174,-0.6686,0.818,2.965,1,3.071,17.881,0,0,0,0,39.9,valve,10.4,16.84,0.6813,0,0,0.318,86.62,Ineffective
R01707,4,1,3,34.237,-0.5889,0.8874,1.447,1,-20.842,18.374,0,0,0,1,31.6,valve,19.36,14.53,0.4099,0,1,5.0,34.27,Inconsistent
R01708,1,2,1,38.329,1.3818,0.1648,1.805,1,8.362,17.138,1,1,0,0,65.9,valve,12.25,11.17,0.8543,1,1,6.231,100.0,Harmful
R01709,1,3,2,13.654,0.1591,-2.364,1.041,0,-16.242,18.186,0,0,0,0,169.2,door,22.12,18.9,0.7714,0,0,-7.287,92.92,Protective
R01710,2,3,1,13.51,-0.7926,-0.161,2.567,0,5.056,17.799,0,1,0,1,76.3,damper,28.01,5.21,0.8343,1,0,-3.232,49.63,Ineffective
R01711,2,4,2,52.099,-0.3588,-0.3106,0.522,1,-9.795,17.869,1,1,0,0,322.4,fan,13.2,8.53,0.806,1,0,1.638,92.92,Harmful
R01712,4,2,2,22.126,0.5294,2.078,1.83,1,-35.485,19.289,0,0,0,0,404.9,fan,58.01,2.17,0.8536,0,0,2.904,86.82,Harmful
R01713,3,1,2,39.668,1.9165,0.7753,1.841,1,14.942,20.123,0,0,0,0,235.6,fan,16.74,9.59,0.6435,0,0,6.091,84.63,Harmful
R01714,3,2,1,39.473,-0.9358,-0.8955,0.203,0,15.764,19.98,0,0,1,0,36.7,door,52.81,2.92,0.8241,1,1,-23.811,99.68,Inconsistent
R01715,4,2,2,51.154,-0.7627,-2.1526,2.834,0,-7.827,20.317,0,0,0,0,208.3,pump,45.72,5.86,0.9793,0,0,-11.28,98.03,Protective
R01716,3,1,2,45.694,-0.3905,0.9906,2.928,1,4.116,19.925,0,0,0,0,48.1,damper,48.46,5.52,0.691,0,1,8.35,86.58,Harmful
R01717,2,1,1,51.232,-0.4674,0.5961,1.509,0,6.573,20.906,1,0,0,1,53.3,pump,21.11,12.18,0.5178,0,1,0.219,33.43,Inconsistent
R01718,2,3,1,39.387,0.2381,-0.3158,2.232,0,7.057,17.074,0,0,1,0,217.7,door,56.95,7.2,0.5691,0,1,-13.529,85.59,Inconsistent
R01719,3,2,1,29.72,2.0152,0.5037,2.576,0,25.884,20.952,0,0,0,0,279.3,valve,21.51,3.48,0.8318,0,0,2.223,87.2,Ineffective
R01720,1,4,3,26.646,1.0178,0.0517,0.527,1,6.252,18.639,1,0,0,0,71.2,pump,11.1,14.06,0.5479,0,0,6.748,84.01,Harmful
R01721,3,4,1,25.847,0.7463,1.4672,0.437,1,-5.365,18.911,0,0,0,0,34.8,pump,17.71,5.0,0.5236,1,1,4.616,83.63,Harmful
R01722,3,4,1,28.012,0.7629,0.8927,2.13,0,6.419,19.309,0,0,0,0,93.7,damper,27.52,6.1,0.7379,1,0,-7.234,90.58,Protective
R01723,3,1,2,12.112,1.4962,-1.2389,1.767,1,-6.449,17.034,0,0,0,0,263.5,door,14.03,12.0,0.9229,1,0,4.219,92.48,Harmful
R01724,3,4,1,28.318,0.2223,-0.9952,2.102,1,-15.983,17.727,1,1,0,0,83.5,door,50.58,19.59,0.5278,0,0,6.16,82.45,Harmful
R01725,4,2,2,26.419,3.1021,2.4313,1.802,1,18.296,18.784,1,0,0,0,99.7,pump,38.03,16.8,0.9584,0,0,12.978,90.94,Harmful
R01726,4,3,1,6.901,0.7756,1.3322,2.234,1,8.012,20.078,0,1,0,0,124.2,door,56.33,16.71,0.8781,1,1,10.204,82.13,Harmful
R01727,3,1,2,20.132,0.1364,-1.3624,0.634,0,-27.924,20.48,1,0,0,0,20.4,valve,39.37,13.77,0.8907,0,1,-0.308,97.03,Ineffective
R01728,2,3,1,46.355,0.4513,-1.6704,0.804,0,-10.255,17.591,0,0,0,1,231.3,pump,13.18,7.35,0.7916,0,0,-1.472,37.16,Inconsistent
R01729,1,2,1,36.787,1.1459,0.6078,0.864,1,11.365,18.052,0,0,0,0,488.4,pump,36.82,12.59,0.6371,1,0,7.151,81.0,Harmful
R01730,4,3,1,49.339,1.4254,-1.2423,1.366,0,-23.457,19.429,0,0,0,1,111.0,valve,13.93,16.36,0.9093,1,1,-4.2,20.96,Inconsistent
R01731,4,1,3,34.848,0.2101,0.0833,2.327,1,-11.294,18.444,1,0,0,1,95.9,damper,56.94,5.23,0.4431,1,0,2.687,1.25,Inconsistent
R01732,3,1,2,51.975,0.6834,-0.1473,2.528,0,39.923,18.192,1,0,0,0,60.1,damper,42.83,19.2,0.6765,1,0,-8.121,83.19,Protective
R01733,4,3,1,48.784,0.9646,0.3096,1.324,1,-4.966,18.533,0,0,0,0,41.4,fan,27.4,16.61,0.596,0,0,6.379,82.63,Harmful
R01734,4,1,3,10.406,0.8827,1.0265,1.886,0,16.24,19.806,0,0,0,0,449.9,valve,40.46,12.33,0.6639,0,0,2.353,76.41,Ineffective
R01735,4,2,2,58.735,-0.315,1.7348,1.026,0,22.507,17.794,0,0,0,0,20.7,fan,47.6,10.8,0.859,1,1,-12.941,91.38,Protective
R01736,3,1,2,5.811,-0.4504,-0.5789,1.532,0,-13.627,17.248,0,0,0,0,69.9,valve,56.99,15.46,0.8456,0,1,-6.36,100.0,Protective
R01737,1,2,1,37.826,0.6321,-1.2307,2.835,0,3.995,17.014,0,0,0,0,92.5,valve,41.33,19.25,0.7173,0,1,-14.474,86.93,Protective
R01738,1,3,2,48.588,1.158,0.7888,0.954,1,30.882,19.107,1,0,0,0,104.9,fan,43.74,6.54,0.9593,0,0,-0.906,82.83,Ineffective
R01739,1,3,2,23.254,-0.9203,1.5315,2.406,0,6.893,18.0,1,0,0,0,108.4,damper,30.06,3.64,0.7007,0,1,-0.43,97.12,Ineffective
R01740,2,3,1,37.921,1.2456,-0.5032,0.318,0,35.483,19.247,1,0,0,0,148.0,door,21.24,13.47,0.4602,1,1,8.902,83.99,Harmful
R01741,3,2,1,24.917,1.5325,1.2504,1.167,1,-9.553,20.524,1,0,0,0,138.2,fan,27.61,8.29,0.8409,1,1,12.67,98.84,Harmful
R01742,2,4,2,8.334,-0.1742,-0.9371,2.045,0,26.956,18.175,0,0,0,1,211.6,damper,43.09,7.17,0.789,1,1,-0.041,43.07,Inconsistent
R01743,1,2,1,5.465,0.3318,0.4213,2.373,1,0.25,17.734,0,0,0,0,146.9,damper,53.6,9.84,0.9489,0,0,-5.908,100.0,Protective
R01744,1,4,3,10.217,1.1641,-0.7619,1.858,1,-4.912,17.006,1,0,0,0,100.8,pump,43.27,13.14,0.4435,0,0,3.837,84.94,Harmful
R01745,4,3,1,10.413,0.5605,-0.0892,2.634,0,9.601,20.925,0,0,0,0,79.7,door,57.82,5.44,0.6334,1,1,-4.985,95.74,Ineffective
R01746,4,1,3,38.599,-0.7941,0.2835,2.498,1,-1.672,19.067,0,0,0,0,60.8,pump,43.61,10.42,0.343,0,1,6.677,88.65,Harmful
R01747,2,3,1,33.923,1.1757,1.0081,1.929,1,-1.269,20.208,0,1,0,0,77.2,fan,41.45,10.41,0.6574,1,0,-0.51,87.08,Ineffective
R01748,4,2,2,30.05,1.4526,2.1781,1.175,1,7.278,20.432,1,1,0,1,111.8,damper,10.63,6.05,0.7872,1,0,4.274,23.12,Inconsistent
R01749,3,1,2,43.056,-2.4524,-0.4889,1.218,0,-27.116,20.981,0,1,0,0,38.3,door,40.5,2.02,0.595,0,0,-0.726,97.15,Ineffective
R01750,4,3,1,5.925,0.0962,-2.0997,1.922,0,-11.98,20.439,1,0,0,0,206.4,pump,13.63,5.7,0.6866,1,0,-5.348,91.02,Protective
R01751,4,2,2,19.904,1.4946,0.1979,2.038,1,10.84,18.176,0,1,0,0,217.7,fan,36.11,2.47,0.833,1,1,3.332,98.05,Harmful
R01752,3,1,2,47.757,0.4809,0.1993,1.305,0,14.873,19.257,0,0,1,0,229.0,valve,39.31,2.63,0.9578,1,0,0.939,100.0,Inconsistent
R01753,2,3,1,55.049,0.7024,0.1019,1.313,0,5.358,20.851,1,0,0,0,122.6,valve,42.31,12.33,0.8068,1,1,13.577,88.99,Harmful
R01754,3,1,2,29.109,-0.4276,-0.2574,0.695,0,4.138,19.534,1,0,0,0,98.1,damper,53.56,19.82,0.9277,0,0,11.588,93.73,Harmful
R01755,2,1,1,9.482,-1.1399,1.3877,0.201,0,6.035,20.076,0,0,0,0,111.8,door,33.65,7.94,0.3649,0,0,-4.463,70.76,Ineffective
R01756,2,4,2,48.93,-1.8997,0.0362,1.492,0,14.367,20.627,0,0,1,0,38.8,pump,34.04,17.01,0.5959,1,0,-9.39,81.63,Inconsistent
R01757,3,1,2,53.684,1.8922,0.2952,2.526,1,-21.393,19.455,0,0,0,0,92.8,fan,37.43,9.13,0.6295,0,0,5.814,83.65,Harmful
R01758,3,4,1,27.751,1.5031,-0.3777,2.346,1,-7.642,19.77,0,0,0,0,33.9,damper,26.73,13.87,0.5818,1,0,12.246,91.18,Harmful
R01759,3,2,1,18.385,1.0685,-1.8467,2.983,0,-1.116,19.353,0,0,0,0,22.4,valve,23.58,10.59,0.8008,1,0,-7.527,92.84,Protective
R01760,2,3,1,7.418,0.0749,0.7292,2.074,1,2.937,18.355,1,1,0,0,80.1,pump,15.35,19.68,0.6607,0,1,2.282,85.72,Harmful
R01761,2,3,1,37.51,1.6038,0.6454,0.855,1,-31.645,17.995,0,0,0,0,142.8,pump,51.99,13.43,0.7918,0,0,14.497,90.25,Harmful
R01762,1,2,1,55.043,-0.7027,-0.6593,2.097,1,-18.861,19.534,0,0,0,0,103.5,door,12.09,12.1,0.4802,1,1,4.201,80.64,Harmful
R01763,3,2,1,42.284,-0.0695,0.3556,2.52,1,-0.25,20.924,0,0,0,0,586.5,valve,59.06,8.28,0.7091,1,0,-11.303,77.6,Protective
R01764,3,1,2,22.449,0.026,-0.2439,1.995,0,15.197,20.665,0,0,0,0,386.5,fan,24.46,16.66,0.7672,1,1,-6.318,75.24,Protective
R01765,4,3,1,40.359,1.4632,-0.2245,1.549,1,-6.286,17.839,0,0,0,0,127.8,fan,45.1,19.92,0.9052,0,1,21.669,100.0,Harmful
R01766,3,1,2,50.764,1.579,-0.8933,1.932,0,-10.003,20.371,0,0,0,1,20.6,fan,46.56,6.94,0.5003,1,0,0.643,37.9,Inconsistent
R01767,2,4,2,31.171,-0.3401,0.3051,0.272,0,7.93,17.084,1,0,0,0,46.4,valve,29.86,4.36,0.6951,0,1,-2.816,87.14,Ineffective
R01768,1,3,2,50.086,-0.0657,0.1742,0.942,1,-4.921,19.358,1,1,0,0,60.4,pump,30.53,19.49,0.8463,0,0,-1.444,93.03,Ineffective
R01769,1,2,1,26.555,-0.1171,-0.191,0.642,1,13.213,20.721,0,0,0,0,38.2,fan,39.89,14.75,0.6542,0,0,13.09,84.31,Harmful
R01770,2,4,2,24.168,0.1122,-0.4617,1.358,1,-3.32,20.837,1,0,0,0,222.9,damper,13.47,3.06,0.6194,0,0,1.565,93.31,Harmful
R01771,2,1,1,37.064,3.021,0.27,2.701,1,-16.728,19.412,0,0,0,0,49.4,valve,11.1,5.66,0.4543,1,1,5.021,75.25,Harmful
R01772,2,1,1,30.558,1.5569,1.3245,0.726,1,21.309,19.523,0,1,0,0,65.0,damper,46.12,15.66,0.8445,1,0,10.991,95.34,Harmful
R01773,2,4,2,58.741,1.0125,0.1066,0.399,0,18.559,18.56,1,0,0,0,38.4,damper,35.97,18.46,0.7889,1,0,-5.193,100.0,Protective
R01774,4,3,1,33.401,0.561,0.1629,2.375,1,-14.332,19.895,0,0,0,0,32.6,damper,59.92,3.16,0.8188,1,1,9.995,89.26,Harmful
R01775,1,4,3,26.184,0.7984,0.7085,2.63,1,5.936,17.983,1,0,0,0,45.4,pump,24.94,4.09,0.8793,1,1,-1.779,81.08,Ineffective
R01776,2,4,2,26.721,1.4993,1.7644,1.688,1,-4.9,17.135,0,0,0,0,20.3,pump,28.65,4.35,0.2112,1,0,5.538,78.86,Harmful
R01777,1,3,2,35.137,0.2942,0.8904,1.254,1,9.286,20.341,1,0,0,0,30.2,door,41.74,18.75,0.9562,0,1,13.088,96.84,Harmful
R01778,2,3,1,24.52,0.5087,0.6602,1.405,1,-13.135,17.241,0,0,0,0,204.0,door,44.37,18.76,0.4752,1,1,10.843,81.35,Harmful
R01779,3,4,1,44.76,-0.7747,0.5385,2.045,0,13.078,19.659,0,1,0,1,344.2,damper,29.32,13.23,0.6481,0,0,0.241,23.43,Inconsistent
R01780,1,4,3,25.936,0.3525,0.242,2.528,1,17.924,18.748,0,0,0,1,143.7,damper,16.1,9.43,0.4794,1,0,1.067,42.87,Inconsistent
R01781,2,3,1,26.128,0.849,0.5841,0.73,1,-14.21,17.173,1,0,0,0,31.6,pump,13.4,12.07,0.6788,0,1,0.167,97.08,Ineffective
R01782,1,3,2,38.934,-0.9217,-0.589,2.726,0,1.016,17.639,0,1,0,0,259.8,valve,10.09,13.61,0.6768,0,1,0.181,82.0,Ineffective
R01783,4,3,1,8.347,0.186,-1.6506,2.041,0,18.239,17.403,0,0,0,0,552.5,door,28.52,17.27,0.8734,0,0,-10.226,85.99,Protective
R01784,3,4,1,41.045,0.1846,0.2428,2.267,0,-15.02,17.858,1,0,0,1,402.9,door,23.93,14.07,0.9294,1,0,-0.562,10.45,Inconsistent
R01785,1,4,3,32.773,0.6208,0.7467,0.443,1,-10.032,19.541,0,0,0,0,64.2,valve,11.08,14.26,0.3625,1,0,3.553,97.31,Harmful
R01786,1,3,2,29.916,-0.9275,-0.3877,2.771,0,9.926,19.282,0,0,0,0,95.5,pump,42.97,19.5,0.8368,1,1,-7.836,100.0,Protective
R01787,1,2,1,44.559,0.905,1.4358,1.679,1,-2.41,18.732,0,0,0,0,87.6,door,27.74,4.98,0.4392,1,0,7.323,97.4,Harmful
R01788,2,3,1,46.704,-0.6049,-0.8216,1.214,0,-23.629,20.372,1,0,0,0,351.5,valve,37.25,15.56,0.7451,0,0,14.253,91.97,Harmful
R01789,4,3,1,51.544,0.8466,-1.3714,1.317,1,-4.803,20.012,1,0,0,0,158.5,damper,53.2,19.0,0.76,1,1,19.379,81.4,Harmful
R01790,3,2,1,25.614,0.9981,-0.7971,1.02,0,26.197,19.731,1,0,0,0,171.0,door,28.18,5.28,0.9288,0,0,-5.607,89.2,Protective
R01791,4,3,1,22.987,-1.3529,-1.6409,0.656,0,30.943,19.395,0,0,0,1,82.0,fan,20.82,8.75,0.8162,1,1,-2.593,27.22,Inconsistent
R01792,2,1,1,44.289,2.0735,0.238,0.297,0,-9.556,19.784,0,0,0,0,42.4,pump,23.9,8.69,0.3874,0,0,-2.015,81.49,Ineffective
R01793,2,3,1,36.999,0.7275,-0.3521,0.94,1,-13.7,17.906,0,0,0,0,146.0,fan,11.98,17.45,0.5955,0,1,4.804,91.36,Harmful
R01794,2,1,1,39.749,0.3118,0.8847,1.591,0,-6.87,18.039,1,0,0,0,318.2,damper,21.26,12.71,0.662,0,1,-6.128,83.11,Protective
R01795,1,2,1,35.554,-0.8528,0.8638,2.067,0,27.029,18.192,1,0,0,0,207.0,door,55.11,13.31,0.8439,0,0,-25.89,97.12,Protective
R01796,4,1,3,47.498,1.9422,-0.525,2.253,1,12.631,19.964,1,0,0,0,564.4,damper,16.29,12.82,0.7407,0,0,7.076,94.71,Harmful
R01797,1,4,3,15.452,0.6744,-0.4081,1.868,1,21.961,18.729,0,1,0,0,126.6,pump,26.52,9.9,0.7154,1,0,-2.614,80.78,Ineffective
R01798,2,4,2,35.564,0.4059,0.9344,0.525,1,14.98,20.838,0,0,0,1,155.6,valve,16.43,5.28,0.7949,0,0,1.717,25.08,Inconsistent
R01799,3,1,2,13.696,0.2245,1.3798,1.408,1,-19.79,17.161,1,0,0,0,89.0,fan,12.94,2.82,0.8064,1,0,-4.53,91.25,Ineffective
R01800,1,4,3,27.399,-0.3685,-2.1126,2.069,0,-14.233,18.533,0,0,0,0,137.4,pump,28.94,7.03,0.432,1,1,-3.83,82.34,Ineffective
R01801,2,3,1,41.52,1.2183,0.6817,2.281,1,-10.443,17.619,0,0,0,0,82.7,damper,51.13,19.64,0.8389,0,0,19.714,90.41,Harmful
R01802,2,4,2,32.119,0.0728,-2.2976,1.109,0,-7.83,20.265,1,0,0,0,97.0,door,11.91,16.69,0.6001,1,0,-5.341,90.52,Protective
R01803,2,1,1,25.878,-0.1399,-0.6485,2.8,0,-10.175,18.918,0,0,0,0,77.7,damper,44.29,5.76,0.6883,0,1,-11.734,88.11,Protective
R01804,1,3,2,53.673,-0.8114,0.9937,2.427,0,-8.429,19.48,1,0,0,0,495.2,valve,12.49,7.1,0.8697,0,1,-6.636,80.1,Protective
R01805,1,3,2,47.505,-0.8692,2.9098,2.585,0,9.607,19.392,1,0,0,1,22.3,door,46.29,11.43,0.8344,0,1,-3.395,47.84,Ineffective
R01806,1,3,2,33.946,-0.5609,-0.3388,2.066,0,2.037,17.316,0,0,0,0,21.9,valve,58.27,13.95,0.8046,0,0,-9.631,100.0,Protective
R01807,2,1,1,57.253,1.2603,-0.8471,1.359,1,18.297,20.135,1,0,0,0,20.6,damper,23.81,3.27,0.9036,0,0,5.649,98.62,Harmful
R01808,1,2,1,28.34,1.4623,-0.1135,2.816,1,3.778,20.288,0,0,0,0,262.8,damper,32.88,3.18,0.8006,1,1,4.731,100.0,Harmful
R01809,4,3,1,48.344,0.697,-0.0339,2.724,0,-10.144,19.43,0,0,0,0,62.2,fan,37.39,13.57,0.6266,0,0,-12.743,86.92,Protective
R01810,1,4,3,14.236,-0.1015,-0.7702,2.52,0,2.827,18.124,1,1,0,0,100.7,pump,21.38,12.9,0.6152,1,0,-2.453,81.86,Ineffective
R01811,3,2,1,20.719,1.1836,-0.5248,2.695,1,-22.67,19.896,1,0,1,0,103.3,fan,12.31,11.88,0.4338,1,0,17.664,85.41,Inconsistent
R01812,3,1,2,23.595,-0.2685,-0.5269,2.767,0,-34.678,19.803,0,0,0,1,50.2,pump,13.4,7.74,0.8268,1,0,-8.141,36.3,Inconsistent
R01813,2,4,2,10.82,-1.8423,0.2956,2.29,0,9.648,20.65,1,0,0,1,434.0,valve,28.51,10.79,0.7127,0,1,-2.298,17.48,Inconsistent
R01814,4,2,2,32.599,0.5841,0.2306,0.761,1,15.275,17.469,0,0,0,0,76.0,fan,20.32,13.94,0.5827,1,0,5.495,99.56,Harmful
R01815,1,2,1,15.574,-0.4753,-0.9816,1.708,0,1.082,20.639,1,0,0,0,114.0,fan,35.67,6.17,0.8059,1,1,-11.544,100.0,Protective
R01816,1,4,3,39.88,-1.139,-0.7701,1.925,0,-5.87,20.548,0,0,0,0,96.8,fan,13.21,2.57,0.7776,1,1,0.015,76.12,Ineffective
R01817,2,4,2,15.455,0.2326,-0.0139,2.365,1,-20.128,18.19,0,0,0,0,71.8,door,44.35,10.87,0.5611,1,1,4.387,84.49,Harmful
R01818,1,4,3,11.793,0.9351,-0.5994,1.586,1,17.504,19.865,0,1,0,0,171.7,fan,17.65,14.65,0.9111,1,0,1.542,93.72,Harmful
R01819,2,3,1,58.3,-0.3332,-0.3071,1.636,1,7.388,18.055,1,0,0,0,129.3,door,11.68,5.54,0.9726,1,0,3.607,97.04,Harmful
R01820,2,1,1,41.203,-0.8108,0.5436,2.988,0,4.368,17.94,1,1,0,0,195.3,fan,22.6,8.53,0.8086,1,0,0.741,95.61,Ineffective
R01821,4,2,2,56.505,2.3479,0.1697,1.466,1,-0.072,19.566,0,0,0,0,131.5,valve,44.27,7.77,0.2702,1,1,7.332,86.26,Harmful
R01822,2,1,1,31.944,-1.7027,-1.8535,0.564,0,-7.044,17.2,0,0,0,0,32.4,valve,15.73,16.88,0.8097,1,0,-8.949,100.0,Protective
R01823,4,1,3,6.837,-0.2832,0.9249,2.187,0,-16.699,17.386,0,1,0,0,159.5,pump,48.71,19.58,0.7654,1,0,2.215,95.85,Ineffective
R01824,4,2,2,36.59,-1.2663,0.3167,1.215,0,3.791,19.641,0,1,0,0,109.8,valve,41.32,11.08,0.6871,0,1,-4.67,88.76,Ineffective
R01825,4,2,2,35.708,0.0484,-0.9831,0.896,1,-8.078,20.807,0,0,0,0,25.2,fan,25.38,9.15,0.5837,1,0,5.791,88.74,Harmful
R01826,1,3,2,5.824,0.6023,0.0346,1.96,1,-6.359,17.136,1,0,0,0,139.2,damper,14.52,13.25,0.813,1,0,1.947,97.34,Harmful
R01827,4,1,3,52.368,-0.1876,-0.3921,2.872,1,25.768,17.092,0,0,0,0,49.1,fan,55.48,19.6,0.7263,1,0,9.632,83.71,Harmful
R01828,3,1,2,39.098,1.3739,1.0769,1.076,1,-0.721,17.299,0,1,0,0,29.4,door,21.65,15.45,0.7261,1,0,4.245,91.32,Harmful
R01829,4,1,3,45.958,2.1512,0.0283,1.242,1,-36.794,17.007,1,0,0,0,179.1,fan,41.63,3.27,0.6078,1,0,4.929,97.63,Harmful
R01830,2,4,2,32.166,1.6417,0.3272,1.503,1,-8.032,20.713,0,0,0,0,113.0,pump,44.56,9.57,0.9428,0,1,7.127,100.0,Harmful
R01831,4,1,3,39.012,1.8246,0.2108,2.126,1,-15.022,18.896,0,1,0,0,231.8,valve,36.59,5.54,0.8982,1,0,-1.212,99.75,Ineffective
R01832,3,1,2,19.161,-1.4797,-1.5801,1.309,0,-2.088,19.768,1,0,0,0,63.4,damper,39.21,4.81,0.8149,0,0,-3.292,96.06,Ineffective
R01833,1,3,2,58.557,0.5569,1.8054,1.39,1,-21.366,18.666,1,0,0,0,120.2,fan,24.81,14.26,0.9021,1,0,8.808,100.0,Harmful
R01834,2,3,1,27.04,1.2674,1.0623,2.163,1,6.504,20.989,0,0,0,1,245.2,valve,39.37,15.33,0.8585,1,0,6.176,33.18,Inconsistent
R01835,1,4,3,13.928,0.7712,-0.8474,2.958,0,-4.441,18.92,0,0,0,0,130.8,pump,51.19,10.75,0.7098,0,0,-1.074,100.0,Ineffective
R01836,4,3,1,8.075,2.5534,0.5919,1.086,1,-7.136,20.757,1,0,0,0,135.9,valve,48.84,10.11,0.954,1,0,9.723,92.89,Harmful
R01837,2,3,1,39.989,0.969,0.8741,1.839,0,2.244,19.598,0,0,0,0,151.7,pump,21.15,8.53,0.9144,0,1,2.027,89.37,Ineffective
R01838,1,2,1,59.086,0.7965,-0.0443,2.424,0,-1.15,20.791,0,0,1,0,88.0,pump,49.14,19.07,0.8429,1,1,-19.278,81.97,Inconsistent
R01839,3,2,1,54.269,3.4336,1.9568,0.794,1,-2.021,18.981,0,1,0,0,73.4,door,44.0,7.05,0.6722,0,0,10.614,90.0,Harmful
R01840,2,3,1,43.616,-0.0037,2.8179,2.491,0,-3.363,20.516,1,0,0,1,148.8,damper,31.81,5.86,0.8013,0,0,2.034,19.27,Inconsistent
R01841,1,4,3,59.483,-0.3891,-0.2261,1.194,0,-0.305,18.336,0,0,0,0,275.1,pump,34.31,19.01,0.6276,1,1,-1.802,93.37,Ineffective
R01842,4,2,2,44.756,0.0774,-0.6825,0.511,0,5.148,19.645,0,0,1,1,32.1,damper,35.82,12.08,0.7137,1,0,-0.319,24.78,Inconsistent
R01843,4,2,2,23.659,-0.1151,-0.5894,0.27,1,3.27,19.469,1,0,0,1,102.4,valve,48.95,4.35,0.7769,0,0,4.535,32.2,Inconsistent
R01844,3,4,1,38.067,0.8676,-1.8136,0.293,1,16.903,18.947,0,0,0,1,251.7,valve,40.59,16.37,0.6649,0,0,6.49,38.05,Inconsistent
R01845,3,1,2,9.387,-0.9269,1.6481,2.433,1,-8.2,19.006,0,1,0,0,382.1,damper,52.38,13.12,0.7992,1,0,3.795,78.38,Harmful
R01846,2,3,1,17.193,-0.6295,-0.4535,2.09,0,3.572,17.68,1,0,0,0,324.1,pump,51.03,16.46,0.8828,0,0,-11.103,96.21,Protective
R01847,3,1,2,27.965,0.6847,1.2754,2.422,1,36.692,20.624,1,0,0,0,24.2,door,55.69,12.83,0.916,1,0,11.734,93.27,Harmful
R01848,3,1,2,16.1,1.7496,1.4765,2.308,1,-0.614,18.817,0,0,0,0,409.2,valve,53.74,17.55,0.9553,0,1,7.818,86.75,Harmful
R01849,1,2,1,57.443,1.9111,-0.681,1.267,1,-0.033,17.606,1,0,0,0,164.2,fan,11.04,15.25,0.8357,1,0,6.601,100.0,Harmful
R01850,1,3,2,59.758,-0.1636,-0.5308,2.812,1,-18.951,19.817,0,0,1,0,435.2,valve,28.14,14.28,0.5488,1,1,-9.183,88.26,Inconsistent
R01851,2,4,2,25.401,2.876,2.1447,2.658,1,-10.698,19.909,0,0,0,0,167.6,fan,28.68,17.42,0.5796,1,0,9.645,88.76,Harmful
R01852,2,1,1,44.008,0.9484,0.3299,1.175,1,-1.595,17.18,0,0,0,0,428.2,valve,44.35,7.02,0.5754,0,0,11.124,74.72,Harmful
R01853,1,2,1,27.427,0.14,-0.7603,2.364,0,8.002,18.331,1,0,0,0,410.8,pump,38.34,3.41,0.7438,0,0,-0.722,76.89,Ineffective
R01854,1,4,3,12.673,-0.8177,-0.6452,2.495,1,9.737,19.337,0,0,0,1,165.8,valve,59.53,2.78,0.5414,0,0,-4.561,32.16,Inconsistent
R01855,4,3,1,23.531,0.1799,0.2585,1.568,1,4.894,20.286,0,0,0,0,57.1,door,40.92,5.41,0.8136,1,0,5.277,96.0,Harmful
R01856,2,1,1,17.835,1.8498,1.9079,0.537,1,12.061,18.242,0,0,0,0,38.3,damper,38.35,10.31,0.6274,0,1,16.059,87.54,Harmful
R01857,3,2,1,23.044,0.9698,1.0854,1.135,1,-14.99,18.199,0,0,0,0,88.1,fan,52.51,2.14,0.4102,1,0,8.178,87.02,Harmful
R01858,3,1,2,16.826,0.0078,0.0818,2.969,0,7.334,19.946,1,0,0,0,47.9,pump,49.5,14.02,0.8027,1,0,-3.026,95.03,Ineffective
R01859,3,2,1,11.179,1.0272,1.9885,2.205,1,0.2,17.877,0,0,0,0,47.5,door,18.02,19.15,0.9101,1,0,6.821,93.02,Harmful
R01860,3,2,1,16.959,-1.5432,1.2958,2.369,0,1.873,20.584,0,0,0,0,32.4,fan,34.2,9.57,0.7234,0,1,-2.989,84.94,Ineffective
R01861,2,4,2,54.817,-0.1966,0.2341,2.753,0,-5.435,20.162,0,0,0,0,72.0,damper,59.59,11.83,0.9244,1,0,-12.052,96.19,Protective
R01862,4,1,3,9.687,1.3083,2.6761,0.768,0,-14.295,20.572,1,0,0,0,263.1,valve,45.39,19.24,0.3703,0,0,4.064,75.95,Ineffective
R01863,2,4,2,22.862,0.9867,-0.3474,2.912,0,-18.227,18.415,0,0,0,0,109.9,pump,11.18,4.17,0.869,1,0,2.86,91.92,Ineffective
R01864,4,3,1,34.065,0.6748,1.498,1.651,1,4.81,17.663,0,0,0,1,105.7,door,13.08,9.15,0.5812,1,1,-1.894,20.59,Inconsistent
R01865,2,1,1,24.498,1.4637,-0.493,2.285,0,7.468,19.34,0,0,0,1,106.4,pump,46.57,19.77,0.8794,1,1,-11.401,59.2,Protective
R01866,1,3,2,33.468,-0.4591,1.3028,1.091,1,-1.944,17.76,1,0,0,0,66.7,door,48.67,4.53,0.7744,0,0,3.248,89.13,Harmful
R01867,4,1,3,7.388,-1.0717,-0.3484,1.122,0,-0.222,18.064,0,1,0,0,21.4,valve,50.97,17.86,0.705,0,1,-3.652,96.58,Ineffective
R01868,1,4,3,40.671,2.6636,0.8614,1.207,1,-10.803,18.602,0,0,0,1,83.8,damper,24.63,9.33,0.8869,0,1,4.897,21.68,Inconsistent
R01869,4,1,3,35.991,1.378,2.7901,1.175,1,7.546,18.851,0,0,0,0,21.9,door,50.3,11.31,0.7739,1,1,13.043,96.15,Harmful
R01870,1,2,1,42.453,0.5111,1.3519,0.375,1,0.909,18.29,0,0,0,0,59.6,damper,59.61,16.84,0.531,1,0,19.788,80.89,Harmful
R01871,1,3,2,36.199,-0.1553,0.3768,1.067,0,-5.484,18.139,0,1,0,0,467.2,damper,38.81,19.73,0.6848,1,1,-6.484,78.27,Protective
R01872,3,2,1,29.085,-0.9066,-0.8747,2.013,0,12.991,17.987,0,0,0,0,143.5,pump,39.9,2.48,0.877,0,0,-9.273,97.49,Protective
R01873,4,1,3,24.258,1.0766,0.5882,2.726,1,9.675,19.761,0,0,0,0,228.9,pump,22.21,8.26,0.896,1,1,6.288,82.88,Harmful
R01874,2,4,2,17.454,0.9974,-0.608,0.317,1,-23.038,18.224,0,1,0,0,56.5,pump,20.79,7.26,0.6799,0,0,3.587,99.69,Harmful
R01875,1,2,1,32.504,0.8199,1.287,0.247,1,0.737,19.778,1,1,0,0,37.3,valve,10.39,10.29,0.9098,1,0,-0.42,100.0,Ineffective
R01876,1,3,2,6.433,-1.2598,0.7619,1.859,0,-14.374,19.972,0,1,0,0,148.1,pump,20.75,4.8,0.8272,0,0,0.501,92.68,Ineffective
R01877,4,1,3,23.053,1.0648,0.2204,2.159,1,2.093,19.857,0,0,0,0,37.0,pump,17.59,7.73,0.7566,0,0,0.77,96.71,Ineffective
R01878,3,1,2,42.283,0.2705,2.0635,1.903,1,-47.278,20.658,0,0,0,0,258.9,damper,43.14,13.12,0.6941,1,0,4.452,78.16,Harmful
R01879,1,3,2,10.979,-1.086,1.4229,2.925,0,2.957,20.818,1,0,0,0,207.0,door,12.06,16.45,0.4668,1,0,-1.847,84.58,Ineffective
R01880,2,3,1,8.459,1.1667,0.0496,0.841,0,10.68,17.587,1,0,0,0,20.9,valve,58.42,19.3,0.7156,0,1,-9.056,80.55,Protective
R01881,2,3,1,40.87,2.0697,0.4655,1.547,0,-1.662,18.282,1,0,0,0,179.2,damper,56.0,6.67,0.7251,0,1,-8.853,95.62,Protective
R01882,1,4,3,26.878,1.8426,-0.6885,2.765,0,-17.471,20.151,1,0,0,0,195.0,damper,25.77,19.54,0.5728,1,0,-1.184,78.58,Ineffective
R01883,4,1,3,49.1,0.5501,-0.3722,1.929,0,29.346,20.127,0,0,0,0,146.1,fan,55.59,7.45,0.7007,1,0,-2.891,94.94,Ineffective
R01884,3,4,1,56.552,0.5344,-0.678,1.816,1,17.339,17.284,0,0,1,1,77.8,valve,33.93,18.69,0.9233,1,0,-11.445,11.35,Inconsistent
R01885,1,2,1,57.637,0.7296,-0.0783,2.812,1,-7.966,20.848,0,1,0,0,464.5,pump,52.98,15.46,0.6921,0,1,7.278,82.29,Harmful
R01886,3,2,1,28.408,0.3056,-0.2044,1.149,0,-3.915,20.425,0,0,0,0,187.9,door,44.42,9.42,0.8398,0,0,-12.104,92.4,Protective
R01887,2,4,2,19.538,0.3798,-1.2604,0.64,1,-29.715,20.597,1,0,0,0,41.4,fan,14.65,19.53,0.7414,1,0,4.622,92.98,Harmful
R01888,1,2,1,38.474,1.2188,0.4768,0.562,0,7.101,17.818,0,0,0,0,111.0,pump,45.67,2.53,0.7802,1,1,-3.273,96.13,Ineffective
R01889,2,1,1,39.551,-1.2357,1.4221,2.501,1,-20.539,19.004,0,0,0,0,82.4,damper,41.99,16.12,0.716,1,1,16.817,83.66,Harmful
R01890,1,2,1,39.229,0.5043,0.3921,2.599,1,9.995,18.762,0,0,1,0,238.1,fan,50.3,14.12,0.6595,1,1,23.17,73.29,Inconsistent
R01891,1,3,2,22.698,1.6011,-2.2972,0.855,1,15.389,18.441,1,0,0,0,211.6,valve,48.29,3.63,0.4709,1,1,-2.855,77.09,Ineffective
R01892,4,1,3,8.506,-0.9452,-0.353,1.48,0,-1.054,17.909,1,1,0,0,84.4,fan,46.62,7.12,0.8561,1,0,-1.702,100.0,Ineffective
R01893,3,2,1,16.55,-0.3401,-1.4934,1.838,0,-15.967,17.558,1,0,1,0,145.0,fan,42.28,10.07,0.6203,0,1,-16.988,84.58,Inconsistent
R01894,1,4,3,13.493,1.3936,-0.2096,0.589,1,18.735,20.482,0,0,0,0,47.2,damper,52.91,6.36,0.5442,1,0,5.344,83.12,Harmful
R01895,4,3,1,11.815,2.3183,1.8519,2.577,1,0.033,19.122,1,0,0,0,152.7,door,48.95,18.8,0.7143,1,1,20.425,100.0,Harmful
R01896,3,4,1,55.946,-0.4939,-2.0345,1.373,1,1.398,19.403,1,0,0,0,51.7,fan,46.79,4.78,0.9288,0,1,11.447,89.72,Harmful
R01897,4,1,3,5.762,-0.5681,-0.4164,2.618,1,-13.973,18.046,1,0,0,0,222.8,damper,16.13,12.06,0.5977,0,0,5.015,91.45,Harmful
R01898,3,2,1,38.102,-0.146,1.2296,2.328,1,2.896,20.74,0,0,0,0,427.8,door,58.61,11.85,0.7029,1,1,18.258,75.91,Harmful
R01899,2,1,1,57.111,-1.6375,-0.8019,1.026,0,-3.044,20.746,0,0,0,1,53.1,damper,53.8,11.62,0.7649,0,0,-11.315,29.39,Inconsistent
R01900,3,4,1,24.803,-0.6664,-0.3784,2.206,1,-19.927,19.686,1,0,0,0,42.2,damper,36.77,4.49,0.6929,1,0,3.59,97.41,Harmful
R01901,3,2,1,33.99,-0.1727,2.4324,2.274,1,20.1,18.282,1,0,0,0,156.9,pump,55.0,10.84,0.8596,1,0,-11.372,97.52,Protective
R01902,3,2,1,43.268,2.0335,0.7784,1.072,1,26.387,17.931,0,1,0,0,20.8,fan,36.91,18.57,0.7087,0,1,15.938,86.44,Harmful
R01903,1,3,2,22.444,0.4879,1.3343,0.91,1,15.273,19.381,0,0,0,0,225.0,fan,37.51,5.76,0.3183,0,0,1.41,63.52,Harmful
R01904,2,4,2,31.271,0.8314,0.8947,2.506,1,13.032,20.332,0,0,0,0,464.8,damper,52.12,3.34,0.6156,0,0,9.919,79.07,Harmful
R01905,1,2,1,49.941,-1.0555,0.0617,2.098,0,26.477,20.868,1,0,0,0,129.4,pump,29.35,19.08,0.9698,1,0,-11.672,95.19,Protective
R01906,2,3,1,45.995,0.5335,1.164,2.271,0,-15.712,17.273,0,0,0,0,572.9,fan,45.98,18.6,0.6851,1,0,-28.469,92.89,Protective
R01907,1,2,1,49.465,1.7758,1.8053,1.077,0,-15.893,18.337,1,0,0,0,56.5,fan,50.17,12.03,0.974,1,0,-12.851,89.39,Protective
R01908,1,2,1,59.304,-0.0876,-1.2835,2.222,1,-6.216,18.565,0,0,0,0,134.2,fan,54.96,17.96,0.854,1,1,33.136,91.67,Harmful
R01909,4,3,1,25.368,1.6247,-0.1353,2.2,0,4.468,18.476,0,1,0,0,112.9,pump,41.32,19.54,0.7586,1,0,-4.204,90.68,Ineffective
R01910,1,3,2,46.09,0.2644,-0.1432,1.133,0,-4.389,19.671,0,0,0,0,241.6,pump,24.42,5.12,0.7482,0,0,-1.264,87.84,Ineffective
R01911,4,3,1,38.153,-0.0831,-0.5293,0.957,0,-15.3,19.189,0,0,0,0,64.6,damper,49.11,5.93,0.5113,1,0,-7.687,81.96,Protective
R01912,1,2,1,41.663,0.3001,0.8811,1.408,0,0.085,20.565,0,0,0,0,95.1,fan,14.62,11.62,0.8732,0,0,-0.79,91.15,Ineffective
R01913,4,3,1,45.693,1.1905,0.6569,2.269,1,-1.416,17.89,0,0,0,0,51.7,pump,42.47,14.67,0.7247,1,1,14.269,90.77,Harmful
R01914,2,3,1,46.235,1.7571,1.8255,0.742,0,12.62,18.597,0,1,0,0,48.4,pump,45.38,16.61,0.733,0,0,0.943,94.37,Ineffective
R01915,3,2,1,53.716,0.4202,1.0003,2.648,0,0.668,19.165,0,0,0,0,121.2,fan,53.78,10.86,0.6842,1,1,-23.022,95.65,Protective
R01916,2,3,1,24.213,0.4411,1.2647,0.915,0,-28.568,20.267,0,0,0,0,199.5,pump,29.76,2.42,0.4041,1,0,3.087,82.82,Ineffective
R01917,2,3,1,40.941,-0.5215,-1.2992,2.551,0,5.782,20.293,1,0,0,0,91.1,door,47.72,3.3,0.672,1,1,1.343,85.89,Ineffective
R01918,2,3,1,20.416,0.7391,-0.9061,0.636,0,23.727,20.437,0,0,0,0,57.9,pump,38.23,17.07,0.6445,0,0,-4.234,97.59,Ineffective
R01919,3,2,1,37.701,-0.1568,-0.3237,2.27,1,0.434,19.077,1,0,1,0,74.0,damper,41.42,12.13,0.8528,0,1,6.813,96.79,Inconsistent
R01920,2,3,1,46.315,0.009,1.2231,1.772,0,14.804,17.966,0,0,0,0,27.5,damper,44.25,2.96,0.3217,0,1,-8.257,84.39,Protective
R01921,3,1,2,48.505,2.7833,-1.0672,2.052,0,-7.577,19.905,0,0,0,0,59.0,damper,17.85,14.51,0.7781,1,0,2.518,87.49,Ineffective
R01922,4,2,2,28.107,-2.6042,-1.0379,2.928,0,8.486,20.819,0,0,0,0,252.1,damper,46.99,13.35,0.8238,0,1,-11.654,98.25,Protective
R01923,2,1,1,32.98,0.1331,-1.2214,0.347,0,-11.169,18.141,0,0,0,0,288.1,fan,14.76,9.66,0.7175,1,0,-3.265,87.04,Ineffective
R01924,2,4,2,23.362,1.0716,3.153,0.618,1,-3.697,17.794,1,0,0,0,31.4,door,58.71,17.46,0.83,1,1,11.445,100.0,Harmful
R01925,1,2,1,14.297,0.5719,0.2578,0.421,1,-3.579,17.09,1,0,0,0,26.2,fan,17.12,7.27,0.727,1,0,1.83,89.84,Harmful
R01926,2,4,2,19.328,0.5955,0.9299,1.655,1,7.15,19.666,0,0,0,0,47.1,damper,59.31,15.62,0.9432,1,0,8.929,92.26,Harmful
R01927,1,2,1,55.168,-0.0086,-1.2406,2.448,0,-12.362,19.18,0,0,1,0,102.0,fan,22.53,7.94,0.7481,0,0,-23.74,80.74,Inconsistent
R01928,1,4,3,21.993,-0.352,0.8593,0.354,0,-21.973,17.539,1,0,0,0,50.5,valve,30.38,12.03,0.6478,1,0,5.81,90.76,Ineffective
R01929,4,3,1,58.612,0.122,-1.8737,2.382,0,7.052,17.798,1,0,0,0,78.8,fan,38.53,19.93,0.7129,0,0,-23.537,84.06,Protective
R01930,1,2,1,18.281,-0.5876,-1.079,1.413,0,6.488,19.649,1,0,0,0,166.7,pump,33.98,13.03,0.4985,0,0,-10.569,76.76,Protective
R01931,2,1,1,44.769,1.9224,-0.8314,2.836,0,1.687,18.744,0,0,0,0,266.4,valve,45.34,12.13,0.6626,1,1,-11.271,91.74,Protective
R01932,4,1,3,36.565,0.548,0.6189,1.272,1,13.993,17.933,0,0,0,0,764.8,valve,43.82,12.28,0.651,0,0,4.555,77.74,Harmful
R01933,4,2,2,43.328,0.4696,-0.8931,2.957,0,-3.04,19.423,1,0,0,1,29.2,pump,28.34,14.52,0.5886,0,0,0.436,18.05,Inconsistent
R01934,1,3,2,40.418,-0.769,1.424,1.758,0,4.22,17.211,0,0,0,0,81.0,door,48.34,16.44,0.3452,0,1,-6.713,62.8,Protective
R01935,1,2,1,43.871,0.8331,0.4032,2.972,0,-5.249,17.065,0,0,0,0,177.3,fan,34.43,16.31,0.5652,1,0,-14.202,76.68,Protective
R01936,2,4,2,54.805,0.6335,-0.7896,1.969,0,-3.879,18.044,1,1,0,0,52.5,pump,40.93,15.75,0.775,0,1,-4.344,100.0,Ineffective
R01937,3,4,1,35.991,0.3193,0.8976,1.17,0,5.103,18.158,0,0,0,1,265.9,fan,45.27,8.09,0.8677,1,0,-0.162,53.27,Ineffective
R01938,4,3,1,8.732,-0.2273,0.0067,2.45,1,33.999,17.417,0,1,0,0,266.2,fan,40.78,6.35,0.7327,0,0,3.702,82.32,Harmful
R01939,1,4,3,19.895,-0.8524,-0.6904,1.563,0,11.134,17.459,0,0,0,0,166.7,fan,13.91,9.24,0.7907,1,1,-5.998,96.49,Protective
R01940,1,4,3,43.952,2.4862,1.2958,1.065,1,8.229,17.671,1,1,0,0,38.5,damper,47.8,11.35,0.7618,1,1,10.331,88.26,Harmful
R01941,2,4,2,32.174,0.0365,-2.0528,1.539,1,11.602,19.898,1,1,0,0,34.0,valve,33.77,16.62,0.7848,0,0,2.745,86.8,Harmful
R01942,4,2,2,35.17,1.4409,1.1348,2.641,1,-35.217,20.225,0,0,0,0,78.0,damper,16.56,11.43,0.8661,0,1,7.323,96.53,Harmful
R01943,1,3,2,37.812,-0.1447,-0.3131,2.25,1,4.788,17.726,1,0,0,0,207.0,damper,19.54,8.61,0.745,1,0,1.856,89.66,Harmful
R01944,2,1,1,26.045,1.8084,-0.3146,0.687,1,13.657,19.627,0,0,0,0,51.1,door,21.14,11.67,0.8541,1,0,3.245,85.77,Harmful
R01945,1,3,2,47.564,-0.7864,1.8581,2.548,0,1.266,17.935,0,1,0,0,122.6,fan,54.35,3.32,0.6675,0,0,-2.367,86.65,Ineffective
R01946,1,3,2,44.794,-0.1632,-0.1312,1.408,1,-0.648,20.52,0,0,0,0,157.8,fan,40.15,11.69,0.6341,1,0,2.939,79.83,Harmful
R01947,4,2,2,44.286,0.0877,1.3559,0.432,1,-14.099,18.076,1,0,0,0,184.0,valve,12.77,11.32,0.8763,0,1,4.174,95.03,Harmful
R01948,1,3,2,44.342,0.2462,0.6792,0.612,1,-6.501,17.519,0,0,0,0,65.9,pump,50.11,12.63,0.6167,0,0,1.216,87.83,Harmful
R01949,2,4,2,53.97,1.2047,0.783,0.385,1,-12.502,18.757,0,1,0,0,308.1,valve,44.86,17.56,0.8099,0,0,8.672,95.66,Harmful
R01950,4,3,1,37.747,-0.0306,-0.3505,2.094,0,14.993,17.617,1,1,0,0,23.6,pump,35.73,12.23,0.9539,1,1,-9.949,89.71,Protective
R01951,3,1,2,58.189,-0.2952,0.0973,0.921,1,22.525,17.793,1,0,0,0,139.1,fan,51.29,12.13,0.8048,1,1,12.465,94.14,Harmful
R01952,1,4,3,11.556,0.7721,1.928,0.47,1,29.026,18.356,0,0,0,0,74.7,valve,48.41,14.24,0.6641,1,1,4.945,85.54,Harmful
R01953,2,1,1,39.758,-1.2435,0.8305,1.224,0,-12.75,19.643,1,0,0,1,72.2,pump,35.16,19.47,0.6869,1,1,-7.098,28.01,Inconsistent
R01954,4,2,2,44.431,0.5436,-0.5997,2.628,0,-10.026,17.467,1,0,0,0,323.4,damper,46.85,15.06,0.6843,1,1,-8.656,69.49,Protective
R01955,2,1,1,31.247,0.7269,-1.1459,1.96,0,-11.245,18.136,1,1,0,0,21.8,valve,11.15,5.52,0.4689,1,0,0.046,94.68,Ineffective
R01956,3,4,1,20.851,-0.1239,-0.6845,1.561,0,-15.278,20.433,1,0,0,0,281.3,fan,35.16,9.81,0.5591,1,1,6.311,88.96,Harmful
R01957,3,2,1,35.252,1.0717,1.3815,2.253,1,-15.036,18.095,0,0,0,0,115.7,pump,28.49,4.43,0.6016,1,1,10.346,88.62,Harmful
R01958,3,4,1,25.061,1.6521,1.0787,0.413,0,-7.732,17.674,1,0,0,0,205.8,door,21.55,2.59,0.7708,1,0,-0.458,100.0,Ineffective
R01959,1,3,2,55.002,0.6424,0.9549,2.672,1,13.117,19.134,0,1,0,0,253.2,damper,33.04,16.75,0.6754,0,0,8.184,82.78,Harmful
R01960,4,1,3,24.624,-0.1443,-1.2168,0.698,1,-10.768,17.133,0,0,0,0,52.0,fan,29.62,8.4,0.7527,1,0,2.76,100.0,Harmful
R01961,4,2,2,14.664,1.3792,1.1538,0.26,1,15.796,20.216,0,1,0,0,183.3,damper,19.24,6.8,0.4999,0,0,3.99,88.32,Harmful
R01962,1,3,2,36.701,-1.2327,1.2036,1.215,0,20.512,17.89,0,0,0,0,65.7,door,59.99,10.73,0.7324,1,1,9.102,90.48,Harmful
R01963,4,3,1,26.78,0.5894,0.5736,0.364,1,4.276,17.531,0,0,0,0,542.6,door,12.6,5.69,0.8914,0,0,5.054,96.4,Harmful
R01964,4,1,3,10.274,0.201,2.3798,0.668,1,18.437,20.233,0,0,0,0,184.3,valve,51.88,2.85,0.5853,1,0,2.836,87.97,Harmful
R01965,3,2,1,36.066,0.0982,-0.921,2.269,1,-20.419,20.371,0,0,0,0,147.6,pump,47.7,14.04,0.6957,0,0,14.267,87.08,Harmful
R01966,2,1,1,34.582,-0.3501,0.5848,1.333,0,-8.373,19.939,1,0,0,0,124.2,pump,13.72,5.95,0.8201,0,0,-6.15,98.58,Protective
R01967,2,4,2,14.526,1.6999,-0.6202,0.219,1,2.841,17.938,0,0,0,0,51.0,fan,27.06,2.48,0.6544,1,0,8.076,87.61,Harmful
R01968,4,2,2,37.87,1.9057,1.4585,2.003,1,3.349,19.108,0,0,0,0,86.5,fan,40.72,15.28,0.6512,0,1,7.868,81.63,Harmful
R01969,1,4,3,36.205,1.7262,1.0129,2.18,1,21.438,20.876,0,0,0,0,165.0,pump,17.75,19.05,0.646,1,1,8.249,90.02,Harmful
R01970,4,1,3,47.549,0.2364,1.7014,2.725,0,-14.983,18.911,0,0,0,0,246.5,valve,47.15,4.09,0.8745,0,0,5.112,93.49,Ineffective
R01971,4,3,1,24.886,0.5423,0.8997,0.633,1,-8.054,20.799,1,1,0,0,250.0,pump,27.56,10.38,0.8313,0,1,9.367,90.79,Harmful
R01972,3,4,1,18.682,-2.4578,-0.504,2.6,0,-1.275,19.705,0,0,0,0,181.8,damper,17.08,5.76,0.6331,0,0,-12.697,86.55,Protective
R01973,2,1,1,57.317,1.1677,-0.0911,2.184,1,-7.779,20.38,1,0,0,0,77.6,door,44.55,2.77,0.4004,0,0,9.534,79.76,Harmful
R01974,3,4,1,35.867,-1.4793,0.1498,1.778,1,-15.639,17.77,0,0,0,0,195.9,pump,22.55,9.07,0.7985,1,0,2.422,84.98,Harmful
R01975,1,4,3,6.493,-1.1234,-0.1107,0.933,1,-7.148,20.707,1,0,0,0,27.5,valve,27.58,16.44,0.8726,0,1,4.923,100.0,Harmful
R01976,4,3,1,50.139,0.6383,1.7471,1.482,1,-3.683,20.413,1,1,0,0,157.9,door,31.75,7.57,0.6665,1,0,3.323,89.31,Harmful
R01977,2,3,1,15.822,1.0646,1.6756,0.755,1,21.713,20.14,0,0,0,1,139.8,valve,31.61,3.72,0.5609,1,1,4.206,32.77,Inconsistent
R01978,1,3,2,48.232,0.3489,-1.0966,2.21,1,-15.303,20.765,1,1,0,0,76.0,damper,49.52,12.85,0.3756,1,0,0.228,72.91,Ineffective
R01979,4,2,2,43.784,1.4355,-0.0616,2.17,0,12.228,20.156,0,0,0,0,29.1,damper,42.35,17.13,0.7354,1,0,-6.642,98.24,Protective
R01980,3,4,1,58.285,1.2621,0.4625,0.736,1,19.082,19.307,1,0,0,0,54.1,fan,52.64,8.21,0.5528,1,0,19.235,82.87,Harmful
R01981,3,1,2,58.107,0.5506,-0.3813,0.907,1,-7.689,19.595,0,0,0,0,168.6,valve,48.56,10.07,0.7589,1,0,7.858,86.65,Harmful
R01982,1,4,3,20.093,2.1863,0.8382,2.723,1,3.898,20.284,0,0,0,0,31.3,pump,56.82,5.04,0.9529,1,1,5.247,100.0,Harmful
R01983,4,1,3,47.155,2.3651,1.8609,1.521,1,8.639,19.997,0,1,0,0,376.8,fan,27.46,19.84,0.6718,0,0,2.933,78.43,Harmful
R01984,3,2,1,22.427,1.3126,1.2918,1.743,1,6.165,19.367,0,0,0,0,197.8,valve,38.95,19.39,0.6863,0,1,15.81,87.74,Harmful
R01985,4,3,1,39.606,0.0247,1.7471,2.884,1,1.232,19.392,1,0,0,0,508.1,door,52.1,16.42,0.8482,1,1,-23.718,85.72,Protective
R01986,4,2,2,37.876,0.2497,-0.3185,0.78,1,-10.182,20.521,1,1,0,0,151.7,pump,50.86,3.3,0.6975,0,0,2.069,90.49,Harmful
R01987,1,3,2,8.0,-0.6467,0.4365,1.956,1,9.937,17.04,1,0,0,0,201.1,pump,50.48,7.41,0.6945,1,0,1.35,88.93,Harmful
R01988,1,3,2,5.285,-0.1424,-0.8656,2.367,0,-5.617,19.872,0,0,0,0,55.7,damper,31.52,5.54,0.9632,1,1,-1.138,100.0,Ineffective
R01989,4,1,3,8.177,-1.15,0.1394,1.094,0,0.43,19.263,1,0,0,0,62.3,pump,34.3,4.11,0.7791,1,0,3.985,99.66,Ineffective
R01990,3,1,2,12.037,-0.4291,0.2295,1.065,0,2.637,20.353,1,0,0,0,28.7,damper,13.97,9.58,0.778,1,0,-7.232,95.73,Protective
R01991,2,1,1,19.171,1.0606,1.3598,2.711,1,12.84,17.822,1,0,0,0,25.7,pump,18.72,9.51,0.69,1,0,-2.307,100.0,Ineffective
R01992,2,3,1,54.883,-2.0837,1.2135,0.478,0,28.919,19.101,0,0,0,1,52.2,door,32.06,19.26,0.809,1,0,-7.178,26.43,Inconsistent
R01993,3,2,1,33.525,-0.4637,1.089,0.641,1,-11.067,17.511,0,0,0,0,28.4,damper,25.55,15.09,0.4402,0,0,6.103,85.5,Harmful
R01994,4,3,1,48.829,0.2932,-0.4602,1.351,1,0.789,19.637,0,0,0,0,182.1,pump,22.06,3.42,0.7324,0,0,5.614,100.0,Harmful
R01995,1,4,3,51.107,-0.1525,-1.4522,2.435,0,-22.266,20.055,1,1,0,0,29.3,fan,17.49,2.93,0.9574,1,0,-2.402,93.27,Ineffective
R01996,3,1,2,45.422,0.3061,0.92,1.474,1,22.222,19.494,0,0,0,0,52.0,pump,47.67,19.1,0.8567,0,1,7.094,91.31,Harmful
R01997,4,2,2,26.526,0.5295,1.9005,0.958,1,0.658,19.219,0,0,0,0,114.4,valve,50.54,16.46,0.9728,0,1,6.283,94.48,Harmful
R01998,2,4,2,52.512,-0.8062,-0.1248,1.377,0,-4.495,18.374,0,1,0,0,40.3,door,34.55,2.71,0.9358,0,1,-9.227,100.0,Protective
R01999,2,1,1,45.813,-1.5494,-1.6274,1.447,0,0.783,19.559,0,0,0,0,151.8,valve,51.25,17.44,0.533,1,1,-19.133,88.72,Protective
R02000,4,3,1,45.873,0.2652,2.4848,2.236,1,1.541,20.598,0,0,0,1,59.7,fan,55.73,10.84,0.7952,0,0,12.51,48.7,Harmful
R02001,1,3,2,54.587,0.5868,0.8894,2.633,1,-10.978,19.886,1,1,0,0,336.7,door,17.62,15.4,0.8361,1,0,5.402,86.63,Harmful
R02002,2,1,1,37.926,0.4896,0.5711,1.1,1,17.82,17.092,1,0,0,0,55.6,damper,51.54,12.5,0.7987,1,0,20.895,87.88,Harmful
R02003,2,4,2,34.072,0.0118,-1.268,2.184,0,9.671,19.035,0,0,0,0,120.9,pump,11.39,14.29,0.5587,0,0,-3.362,79.56,Ineffective
R02004,4,2,2,53.959,1.2189,0.4162,2.164,1,11.763,19.946,0,0,0,0,210.2,pump,15.65,7.87,0.6866,1,1,3.455,85.4,Harmful
R02005,1,2,1,29.995,1.4817,1.0869,2.347,1,-10.2,19.017,0,0,0,0,142.8,damper,30.56,11.35,0.8438,0,0,9.66,100.0,Harmful
R02006,2,4,2,49.636,0.1664,0.903,1.811,1,-11.012,19.365,1,0,0,1,40.7,fan,43.55,5.55,0.8483,0,1,4.467,55.47,Harmful
R02007,1,3,2,7.962,-1.6758,-0.7799,0.241,0,-1.703,20.646,1,1,0,0,177.8,valve,34.46,9.14,0.7857,0,0,-5.706,93.5,Protective
R02008,4,3,1,5.071,1.1716,-0.1571,2.036,0,11.999,20.496,0,0,0,0,61.2,valve,20.46,3.68,0.6245,1,1,-0.117,75.41,Ineffective
R02009,3,2,1,34.056,1.1854,-0.216,1.914,1,7.525,17.325,0,0,0,0,107.2,valve,41.56,13.91,0.5593,0,0,13.966,84.05,Harmful
R02010,2,3,1,9.049,-1.0547,1.5642,1.912,0,-11.665,19.042,1,1,0,0,169.3,door,53.44,3.07,0.7015,1,0,3.394,84.3,Ineffective
R02011,2,4,2,58.71,1.0777,1.2949,0.988,1,10.016,19.489,0,0,0,0,110.4,pump,49.75,7.33,0.552,1,1,6.525,88.07,Harmful
R02012,1,4,3,5.303,0.968,-0.6243,0.474,0,-14.582,20.408,0,0,0,0,141.6,damper,24.84,3.83,0.8049,1,1,-4.992,100.0,Ineffective
R02013,4,2,2,44.498,2.5292,-0.7685,0.73,1,-9.924,18.062,0,1,0,0,102.2,pump,55.1,13.98,0.4815,1,1,5.724,91.83,Harmful
R02014,3,1,2,18.386,1.0506,0.6778,0.805,1,2.366,17.559,0,0,0,0,214.0,damper,29.33,10.43,0.7445,1,0,5.284,85.61,Harmful
R02015,2,1,1,58.215,1.8597,-0.0928,0.686,1,-17.572,19.389,0,0,0,0,204.3,pump,54.94,8.56,0.6289,1,0,16.044,77.01,Harmful
R02016,2,4,2,25.985,-1.3096,-0.5183,0.885,0,-14.453,18.87,1,1,0,0,74.6,damper,15.17,10.54,0.7106,0,1,-0.073,94.09,Ineffective
R02017,3,2,1,6.501,-0.1359,-1.2352,0.392,0,23.282,18.031,1,0,0,0,68.3,door,56.77,4.9,0.7061,1,0,-12.809,92.21,Protective
R02018,3,1,2,6.481,-0.435,-1.1114,0.954,0,20.494,20.772,0,0,0,0,75.8,valve,27.4,18.04,0.5218,0,0,-3.292,87.85,Ineffective
R02019,2,3,1,35.436,1.1426,0.5627,2.994,1,34.346,18.27,0,1,0,0,282.5,damper,31.96,8.24,0.8362,0,1,11.577,85.9,Harmful
R02020,2,4,2,59.269,2.4112,0.1331,1.632,1,6.759,17.221,0,0,0,0,402.5,door,51.9,14.08,0.9059,1,0,16.912,93.81,Harmful
R02021,3,2,1,58.888,1.0499,2.8965,1.164,1,9.671,17.235,0,1,0,0,140.0,door,44.48,19.02,0.4079,1,1,11.517,80.48,Harmful
R02022,3,1,2,23.55,-0.1377,0.9943,2.217,1,-2.324,17.804,0,0,0,0,29.6,fan,37.75,4.24,0.8118,0,0,-0.746,85.75,Ineffective
R02023,3,2,1,31.549,-0.4634,-0.7517,1.514,1,-5.257,17.467,0,1,0,0,463.4,fan,43.94,14.19,0.458,0,0,5.56,85.48,Harmful
R02024,1,2,1,10.525,1.5458,-1.6356,0.283,0,13.079,18.579,1,0,0,0,679.6,door,36.06,2.14,0.8828,0,0,2.232,84.08,Ineffective
R02025,2,1,1,33.72,0.4138,0.2982,1.733,0,20.43,17.322,0,0,0,0,45.4,door,11.31,19.07,0.9563,1,1,-4.394,100.0,Ineffective
R02026,3,4,1,37.984,0.3481,-0.4969,1.051,0,11.8,19.245,0,0,0,0,47.7,damper,33.52,8.1,0.7898,1,1,-11.767,99.41,Protective
R02027,4,3,1,18.808,0.4563,1.7315,1.799,1,-12.597,18.634,1,0,0,0,59.7,damper,40.23,7.23,0.6966,1,1,6.493,96.56,Harmful
R02028,3,1,2,38.666,1.0679,0.6819,0.685,1,5.874,19.392,0,0,0,0,28.0,pump,16.57,7.53,0.7302,1,1,9.983,100.0,Harmful
R02029,2,1,1,54.483,-0.187,-1.5825,1.551,1,-11.552,20.957,0,0,0,1,64.4,pump,21.29,19.82,0.8408,1,0,-4.225,44.43,Inconsistent
R02030,3,2,1,5.053,1.1872,-0.6194,0.742,1,-4.867,20.968,0,1,0,1,105.4,valve,21.46,7.33,0.7007,0,1,0.043,18.04,Inconsistent
R02031,1,4,3,17.591,-1.2749,-0.7753,1.037,0,24.543,18.668,0,0,0,0,47.2,pump,37.05,18.41,0.3298,0,1,-8.215,75.24,Protective
R02032,1,4,3,16.546,-0.4593,0.342,2.124,0,-17.994,18.468,0,0,0,0,72.6,damper,21.27,18.18,0.5961,1,0,-2.66,86.3,Ineffective
R02033,3,1,2,11.814,0.1571,-0.6528,0.837,1,32.53,19.726,1,0,0,0,107.2,damper,21.37,17.39,0.8068,0,0,1.583,82.64,Harmful
R02034,4,3,1,14.136,-2.4574,0.5528,1.368,1,8.243,18.471,0,0,0,1,202.6,valve,31.27,4.85,0.6184,0,0,0.859,31.35,Inconsistent
R02035,4,1,3,39.425,-0.4468,-1.4361,0.405,0,-6.992,20.113,0,0,0,0,87.4,damper,49.42,13.88,0.7084,0,0,-12.769,99.92,Protective
R02036,3,4,1,10.648,-0.0989,0.4062,2.124,1,1.023,19.407,1,0,0,0,30.9,door,23.97,8.84,0.5107,0,0,-4.212,92.96,Ineffective
R02037,1,3,2,45.619,0.5896,0.77,1.709,1,-10.274,17.798,0,0,0,0,61.0,pump,22.58,10.51,0.6209,1,1,-0.617,94.88,Ineffective
R02038,4,3,1,53.786,-0.0983,1.3615,2.479,0,-8.204,18.659,0,0,0,1,43.7,valve,35.13,4.77,0.7849,1,0,-4.872,11.23,Inconsistent
R02039,2,1,1,55.962,1.6679,0.1456,1.698,0,1.099,20.455,0,0,0,0,243.2,damper,27.63,19.59,0.5655,0,0,-10.227,77.46,Protective
R02040,2,4,2,41.31,1.1047,-0.4167,2.984,1,-4.934,19.213,0,0,0,0,142.0,valve,59.04,6.78,0.4237,1,1,7.739,80.41,Harmful
R02041,4,2,2,15.857,0.2341,1.393,0.875,0,-13.995,19.84,0,0,1,0,88.7,damper,50.32,17.45,0.591,1,1,12.292,94.75,Inconsistent
R02042,3,1,2,9.691,0.3956,-0.2832,2.278,0,-3.321,19.839,0,0,0,0,157.7,damper,29.59,3.08,0.5971,0,0,0.429,85.24,Ineffective
R02043,3,2,1,17.761,1.6718,1.1736,1.411,1,-19.719,18.929,0,0,0,0,506.5,pump,15.99,16.26,0.7686,0,0,6.514,88.33,Harmful
R02044,2,1,1,57.908,1.2543,-0.2129,1.253,1,-19.077,18.182,0,0,0,0,48.2,fan,20.89,16.34,0.7904,1,0,15.002,100.0,Harmful
R02045,4,1,3,57.929,0.1817,-0.0092,2.248,0,-19.231,19.385,1,0,0,0,39.9,pump,49.17,6.7,0.6816,0,1,-4.709,88.96,Ineffective
R02046,2,4,2,26.006,0.6112,-0.9013,2.876,0,25.07,17.452,0,0,1,0,78.2,pump,32.85,12.21,0.8767,1,0,13.963,87.2,Inconsistent
R02047,3,1,2,22.919,-1.6266,0.7223,2.316,1,6.084,19.389,0,1,0,0,136.9,fan,19.77,7.36,0.9505,0,0,-2.967,100.0,Ineffective
R02048,4,3,1,33.051,2.8891,1.2038,1.124,1,8.938,17.411,0,0,0,1,646.2,fan,41.24,5.79,0.6317,1,0,8.609,37.69,Inconsistent
R02049,3,1,2,21.043,1.4897,-0.5948,1.628,0,0.169,20.607,0,0,0,0,750.9,valve,41.97,13.13,0.3883,1,0,-3.846,61.65,Ineffective
R02050,1,4,3,58.881,1.0171,-0.151,0.808,1,7.594,19.975,0,0,0,0,72.4,fan,26.46,15.06,0.4745,1,0,10.35,79.89,Harmful
R02051,2,4,2,17.167,-0.613,0.7568,1.937,1,17.638,17.725,0,0,0,1,194.9,door,17.21,14.83,0.679,0,0,-1.212,33.4,Inconsistent
R02052,2,1,1,25.303,2.0104,-0.425,1.327,1,6.117,20.139,0,0,0,1,64.8,valve,38.19,17.09,0.6575,1,0,-1.302,20.14,Inconsistent
R02053,4,1,3,28.615,0.1061,-1.1179,0.839,1,24.605,19.903,1,0,0,1,22.5,valve,38.19,14.87,0.9147,1,0,0.071,29.7,Inconsistent
R02054,3,2,1,11.879,0.4338,0.2532,0.259,0,-0.558,19.914,1,0,0,0,54.1,valve,32.85,8.88,0.933,0,1,-1.58,89.02,Ineffective
R02055,2,3,1,26.055,-1.3829,-0.2077,2.791,0,8.984,18.341,0,1,0,0,233.4,damper,58.49,19.63,0.9053,1,0,-12.435,97.58,Protective
R02056,3,1,2,52.12,3.0264,0.2711,0.421,1,10.56,19.091,1,0,0,0,106.2,pump,26.03,19.21,0.7477,0,0,9.475,95.37,Harmful
R02057,3,2,1,12.72,-1.5422,0.4211,1.122,0,-13.981,19.343,0,0,0,0,48.9,pump,35.14,10.13,0.1967,0,0,-7.569,90.44,Protective
R02058,2,1,1,37.121,0.869,1.0608,0.733,1,0.641,18.508,1,0,0,0,83.5,fan,41.77,19.48,0.9099,0,0,18.05,78.23,Harmful
R02059,2,4,2,27.365,-1.3222,0.239,1.584,1,-27.621,19.242,0,1,0,0,321.4,fan,44.53,19.7,0.5868,0,0,1.915,83.25,Harmful
R02060,4,2,2,14.38,0.7588,-0.7227,0.746,1,-1.948,17.976,1,0,0,0,170.4,door,52.27,15.38,0.6349,1,1,6.379,81.29,Harmful
R02061,3,4,1,5.678,-0.5253,-0.7386,2.261,0,-4.187,20.5,0,0,0,0,91.5,door,21.04,16.54,0.1408,1,1,-5.605,66.41,Protective
R02062,1,4,3,20.034,1.0372,0.485,0.829,0,-5.084,20.841,1,0,0,0,79.7,door,53.12,4.05,0.9148,1,1,-6.4,94.98,Protective
R02063,3,4,1,8.401,-0.5254,0.0364,0.719,0,-6.113,18.307,0,0,0,0,59.1,damper,15.06,6.87,0.8504,0,0,-6.293,97.53,Protective
R02064,3,4,1,25.722,1.9386,-0.1498,0.807,1,7.68,18.37,0,1,0,1,173.0,door,13.24,4.2,0.7406,0,0,3.363,26.68,Inconsistent
R02065,3,1,2,49.562,-0.2241,-0.3844,1.033,1,-13.287,17.865,0,0,0,0,170.9,pump,53.55,4.76,0.8006,1,1,1.057,100.0,Harmful
R02066,3,4,1,44.583,0.518,1.0178,1.997,1,27.9,20.459,0,0,0,0,144.9,damper,26.25,15.99,0.6835,1,1,8.297,81.78,Harmful
R02067,4,1,3,57.106,-0.3619,-0.3217,0.787,0,8.512,17.653,0,0,0,0,23.3,pump,49.82,5.68,0.5355,0,1,-2.19,89.67,Ineffective
R02068,2,4,2,28.486,1.2956,1.1527,2.151,1,-12.044,20.195,0,0,0,0,447.5,pump,48.7,8.8,0.4958,1,1,1.332,73.9,Harmful
R02069,2,1,1,43.929,0.2684,0.7793,1.404,0,9.708,20.329,0,0,0,0,119.1,pump,43.77,9.86,0.8108,0,1,-11.566,83.49,Protective
R02070,1,2,1,41.594,0.6222,-0.4128,0.752,0,14.923,18.265,0,0,0,0,356.9,door,20.23,3.23,0.9327,1,0,-1.832,98.7,Ineffective
R02071,3,2,1,16.938,1.0668,1.3496,0.872,1,5.537,20.107,0,0,1,1,384.6,door,31.23,17.5,0.5189,0,0,6.697,27.47,Inconsistent
R02072,2,4,2,21.697,1.4613,0.5384,1.677,1,-15.087,18.812,0,0,0,0,313.1,pump,50.47,17.22,0.6813,0,0,7.597,87.59,Harmful
R02073,2,3,1,34.141,-0.0979,0.6678,1.26,1,33.559,18.394,0,0,0,0,242.2,valve,14.91,2.34,0.649,0,0,-5.996,89.53,Protective
R02074,3,2,1,48.816,0.2888,-2.2887,1.638,0,9.592,20.574,0,1,0,0,110.0,pump,35.3,12.66,0.8775,1,0,-4.155,91.82,Ineffective
R02075,2,4,2,30.4,1.5082,-1.0709,2.475,0,-18.714,18.814,1,1,0,0,22.2,door,17.68,12.77,0.7214,1,1,2.352,94.99,Ineffective
R02076,2,1,1,17.526,-0.88,-0.5167,0.328,1,3.137,17.221,0,1,0,0,84.3,valve,15.11,13.25,0.8367,0,1,-3.485,95.25,Ineffective
R02077,2,3,1,59.641,0.389,-0.4187,1.302,0,-3.305,19.538,1,0,0,0,105.8,pump,32.07,6.66,0.6633,1,0,-10.503,87.58,Protective
R02078,2,3,1,11.357,1.4768,0.5144,1.363,1,0.096,19.632,0,0,0,0,38.7,damper,25.48,5.04,0.8068,1,0,10.718,99.62,Harmful
R02079,1,2,1,57.574,2.2612,0.5553,0.903,1,-17.906,19.539,0,0,0,0,85.5,door,51.04,3.56,0.9261,1,0,22.23,92.14,Harmful
R02080,4,2,2,49.498,0.626,0.1857,1.437,0,0.815,18.441,0,0,0,0,34.3,door,34.4,14.98,0.7044,0,1,-2.052,99.15,Ineffective
R02081,1,4,3,51.139,0.0003,-0.7849,1.787,0,-12.469,19.714,0,1,0,0,181.4,fan,47.05,10.86,0.5508,0,0,-1.649,93.7,Ineffective
R02082,2,1,1,48.72,1.2301,1.0914,1.838,1,-5.243,18.164,1,0,0,0,202.2,fan,43.07,13.03,0.8874,0,1,-17.008,96.81,Protective
R02083,3,1,2,16.449,-0.835,1.7093,2.076,0,5.812,18.857,0,1,0,1,250.0,door,57.57,12.04,0.5286,0,0,0.174,22.87,Inconsistent
R02084,1,3,2,39.792,-0.488,-0.4533,0.415,0,-7.149,17.867,0,1,0,0,30.1,pump,23.0,13.84,0.8062,1,1,1.206,92.9,Ineffective
R02085,3,2,1,46.621,-1.4357,-0.7637,1.488,0,-4.356,19.453,1,0,1,0,104.6,pump,49.04,14.7,0.6063,1,1,-20.453,85.0,Inconsistent
R02086,3,1,2,46.013,1.387,-0.7853,2.321,0,12.303,20.242,1,0,0,0,126.2,fan,19.38,5.81,0.8501,1,0,-10.762,95.93,Protective
R02087,3,4,1,19.936,1.2502,0.4855,1.474,1,-13.329,17.391,0,1,0,0,36.5,door,53.11,14.38,0.6051,1,0,-4.482,83.12,Ineffective
R02088,2,3,1,14.962,-0.1161,-0.1258,2.038,1,-9.726,17.108,0,0,0,0,408.7,pump,53.68,6.97,0.5673,1,1,4.513,73.31,Harmful
R02089,1,2,1,23.047,0.1714,-1.8303,1.853,0,-18.819,20.045,1,1,0,1,117.9,damper,50.87,2.5,0.7369,1,1,-3.804,4.88,Inconsistent
R02090,4,2,2,31.391,1.9593,-1.0568,1.501,1,-12.343,18.292,0,0,0,0,101.1,door,26.05,16.74,0.7465,0,0,8.645,88.68,Harmful
R02091,2,4,2,36.558,1.7928,1.4202,0.421,1,1.937,18.295,0,0,0,0,165.1,pump,17.34,15.53,0.4937,1,0,3.816,77.39,Harmful
R02092,4,2,2,51.032,-0.1276,1.6818,1.973,1,9.592,19.259,1,0,0,0,158.8,door,52.16,15.55,0.79,1,0,-8.499,82.98,Protective
R02093,1,3,2,47.297,-2.3338,1.9999,1.697,1,-12.093,18.947,1,0,0,0,157.6,valve,39.48,8.76,0.8337,0,1,-3.971,87.28,Ineffective
R02094,1,4,3,42.188,1.1954,0.6263,0.216,1,9.147,17.486,1,0,0,0,105.1,valve,32.4,15.92,0.576,0,1,2.35,86.35,Harmful
R02095,4,3,1,19.492,-0.0869,-0.5909,0.779,1,1.578,20.042,0,0,0,0,30.9,pump,30.63,7.22,0.619,1,0,2.419,87.73,Harmful
R02096,4,1,3,31.338,1.4223,-0.038,0.372,1,-20.739,17.705,1,0,0,0,47.9,fan,15.07,7.36,0.6604,1,0,-2.883,92.06,Ineffective
R02097,4,1,3,23.449,1.7503,-1.0914,1.797,1,2.618,20.304,0,0,0,0,246.3,pump,42.35,8.59,0.7148,0,0,0.813,94.44,Ineffective
R02098,4,1,3,17.921,1.0136,-1.6299,0.242,0,17.915,20.057,1,0,0,0,60.4,door,36.04,15.02,0.7038,1,0,-1.407,93.17,Ineffective
R02099,1,4,3,5.563,1.6447,0.1553,2.559,0,-28.382,17.669,1,0,0,0,89.2,door,58.06,6.47,0.6809,1,0,-1.29,82.35,Ineffective
R02100,4,2,2,23.67,2.0364,0.939,2.853,1,30.078,20.033,0,0,0,0,164.8,damper,43.75,3.34,0.5589,1,0,10.941,92.44,Harmful
R02101,3,2,1,19.086,2.5495,2.3584,2.932,1,-9.158,19.644,0,0,0,0,124.8,valve,58.28,6.67,0.7618,1,0,15.116,90.5,Harmful
R02102,1,3,2,36.455,2.1791,0.3169,0.834,1,-24.737,20.927,1,0,0,0,606.1,damper,16.99,10.27,0.6958,1,0,1.636,80.68,Harmful
R02103,1,3,2,8.427,1.3662,-1.4578,1.586,0,2.076,19.847,0,0,0,0,152.1,valve,44.12,7.74,0.7402,1,0,1.616,92.74,Ineffective
R02104,4,1,3,19.879,-0.1409,-0.2219,2.695,0,12.466,18.561,1,0,0,0,32.7,pump,50.71,14.96,0.8111,0,0,-2.104,96.12,Ineffective
R02105,2,4,2,7.462,-1.3893,-0.3825,2.125,0,-4.207,19.48,1,0,0,0,248.6,door,40.56,3.39,0.6928,0,0,-3.866,99.39,Ineffective
R02106,4,1,3,40.278,2.3823,-0.5912,1.036,0,4.674,19.647,1,0,0,0,109.7,door,40.74,13.81,0.6883,0,1,0.822,88.81,Ineffective
R02107,1,3,2,36.25,0.863,0.7437,2.535,1,31.796,19.983,0,0,0,1,264.7,valve,17.79,7.65,0.9288,1,0,-2.068,55.48,Ineffective
R02108,2,3,1,23.561,2.0287,-0.8145,1.807,1,3.085,18.875,1,0,0,0,415.1,damper,26.06,5.31,0.4978,1,1,6.47,78.4,Harmful
R02109,2,3,1,13.103,0.2497,0.5307,2.244,1,44.737,20.311,1,0,0,0,119.4,valve,41.63,6.2,0.8303,0,0,3.804,93.75,Harmful
R02110,2,3,1,57.686,1.7639,1.0516,2.914,1,18.969,18.148,0,0,0,0,24.0,damper,33.65,5.57,0.9845,0,1,15.398,96.92,Harmful
R02111,3,2,1,37.142,-1.645,1.8197,2.993,1,0.773,20.853,0,0,0,0,63.3,valve,53.15,17.5,0.6082,0,0,9.956,78.26,Harmful
R02112,4,3,1,42.351,-0.5104,0.2104,1.614,0,4.373,18.242,1,0,0,0,25.1,damper,48.86,7.32,0.7879,1,1,-13.829,98.32,Protective
R02113,4,2,2,34.224,0.7016,1.4431,0.639,1,-4.792,17.15,0,0,0,0,105.6,pump,36.75,16.63,0.4305,0,0,0.886,88.41,Ineffective
R02114,3,1,2,49.359,0.3626,-0.5439,1.935,0,3.744,17.801,0,1,0,1,253.0,pump,40.59,7.22,0.8356,1,0,-1.436,19.59,Inconsistent
R02115,1,4,3,54.301,1.872,0.0957,2.003,1,8.423,20.71,0,0,0,1,96.2,door,42.82,2.07,0.9439,1,1,7.798,45.92,Harmful
R02116,4,2,2,26.049,-0.2941,1.7478,1.802,1,-6.062,20.16,0,0,0,0,233.5,fan,42.76,2.12,0.8434,0,1,2.253,91.62,Harmful
R02117,3,1,2,42.951,0.56,-1.4716,1.382,0,-20.7,18.757,0,0,0,0,110.0,damper,44.8,8.62,0.6641,1,1,-10.499,89.07,Protective
R02118,3,1,2,17.644,2.0267,-0.0031,1.828,1,19.819,20.621,0,0,0,0,95.0,fan,34.86,17.38,0.6159,1,0,9.226,91.41,Harmful
R02119,3,1,2,40.852,3.1459,1.5284,1.695,1,14.602,17.987,0,0,0,1,69.0,damper,16.19,12.65,0.813,0,0,6.552,34.28,Inconsistent
R02120,4,2,2,26.954,1.5066,0.1889,2.845,1,-21.256,17.934,1,0,0,1,382.1,fan,57.76,14.23,0.7283,0,0,8.093,21.19,Inconsistent
R02121,4,3,1,5.373,-0.5595,-0.3856,2.545,0,2.565,17.516,0,1,0,0,170.7,fan,10.82,9.46,0.9705,1,1,-4.825,100.0,Ineffective
R02122,3,1,2,57.554,-0.4718,0.1347,1.302,1,15.406,18.77,0,0,0,0,252.3,valve,10.83,6.96,0.7166,1,0,3.446,75.69,Harmful
R02123,3,1,2,52.764,1.7292,0.0172,1.798,0,13.856,19.057,0,0,0,0,151.7,fan,56.92,13.57,0.8096,1,1,-11.442,95.49,Protective
R02124,3,4,1,20.996,0.6373,0.9861,1.785,0,-10.41,17.581,0,0,1,0,143.0,valve,34.72,12.43,0.7589,1,1,7.505,88.48,Inconsistent
R02125,2,1,1,59.877,-0.122,0.8242,1.63,0,14.732,17.458,0,0,0,0,84.5,fan,50.88,2.63,0.8587,1,0,-13.148,91.06,Protective
R02126,2,1,1,22.442,-0.8198,0.4115,0.363,1,0.226,18.562,1,0,0,0,79.7,pump,29.29,11.96,0.6575,1,1,4.185,98.83,Harmful
R02127,3,4,1,30.236,-1.0312,0.9924,2.195,0,5.83,17.93,1,0,0,0,88.1,pump,31.55,13.35,0.6036,1,0,6.669,88.63,Harmful
R02128,1,2,1,51.819,1.4313,0.7418,2.248,1,-13.792,19.297,0,0,0,0,92.2,door,45.27,8.63,0.5398,1,0,20.402,85.1,Harmful
R02129,2,1,1,21.753,0.2538,0.7591,1.556,0,-63.855,19.097,0,0,0,0,63.4,damper,35.44,8.16,0.7875,1,0,-4.823,94.22,Ineffective
R02130,3,4,1,29.78,-1.1463,-0.6284,2.724,1,-11.66,17.65,1,0,0,0,27.6,damper,55.03,16.17,0.5164,0,0,8.966,79.53,Harmful
R02131,4,3,1,41.607,1.4326,2.1386,2.955,1,8.049,17.053,1,0,0,0,99.3,valve,44.57,8.68,0.8299,0,0,12.878,100.0,Harmful
R02132,3,2,1,12.176,-0.7684,0.6202,2.476,1,-3.081,19.579,1,1,0,0,112.5,door,36.36,7.16,0.8539,0,0,2.423,97.67,Harmful
R02133,2,1,1,28.229,1.254,-2.8483,2.798,0,9.753,20.092,1,0,0,1,24.7,door,51.49,16.12,0.774,1,0,-7.366,21.57,Inconsistent
R02134,2,3,1,22.018,0.1086,1.5595,1.565,0,16.592,18.953,0,0,0,0,28.6,valve,37.24,19.73,0.6549,0,0,-2.501,87.37,Ineffective
R02135,3,1,2,42.223,0.3366,0.4051,2.76,1,-4.958,19.302,1,0,0,0,212.1,door,24.98,5.33,0.5357,0,0,-3.946,84.09,Ineffective
R02136,3,1,2,12.478,1.7902,0.0045,2.818,1,-6.434,20.847,0,1,0,0,372.6,damper,16.02,8.81,0.8673,0,1,-0.311,94.6,Ineffective
R02137,1,4,3,17.8,0.2535,-0.7057,1.946,0,-32.803,20.071,0,0,1,0,34.7,valve,27.53,2.05,0.4428,1,0,-8.676,79.0,Inconsistent
R02138,3,4,1,44.126,1.2249,0.3395,0.622,0,-23.215,18.335,1,0,0,0,93.4,fan,41.73,10.74,0.922,1,1,-11.797,90.24,Protective
R02139,2,3,1,13.592,-0.0195,-0.9884,0.626,0,-20.099,20.401,0,1,0,0,48.1,fan,59.08,7.09,0.7322,0,1,-7.927,96.15,Protective
R02140,3,4,1,28.211,0.9388,-0.1769,1.522,1,8.35,19.194,0,0,0,0,113.8,pump,47.28,16.86,0.6398,1,1,16.695,84.54,Harmful
R02141,4,3,1,44.208,-0.3853,-0.6529,2.26,0,-4.808,19.088,0,0,0,0,43.2,valve,40.95,18.48,0.5048,1,0,-18.575,84.22,Protective
R02142,4,3,1,47.101,0.163,-0.3922,1.604,0,-8.014,19.767,0,0,0,0,678.6,valve,20.12,4.09,0.9136,1,0,-4.119,85.02,Ineffective
R02143,3,4,1,10.218,2.498,-0.1152,2.44,1,-9.731,18.718,0,0,0,0,21.4,door,45.35,17.55,0.8211,1,0,21.662,84.01,Harmful
R02144,2,3,1,51.86,0.2972,1.2528,2.355,1,-11.685,20.523,0,0,0,0,243.0,valve,36.15,5.87,0.7804,0,1,11.46,95.02,Harmful
R02145,2,3,1,44.818,1.448,0.6711,0.77,1,13.852,17.669,0,0,0,0,220.4,door,46.95,7.54,0.7137,1,0,-11.858,83.27,Protective
R02146,1,4,3,23.661,-0.0804,0.793,0.572,1,1.4,18.688,0,0,0,0,96.2,valve,28.27,17.94,0.7236,1,0,-1.68,100.0,Ineffective
R02147,4,2,2,47.009,-2.1667,0.5106,2.176,0,14.87,17.259,0,1,0,0,44.1,damper,33.91,8.57,0.8036,1,1,-8.086,100.0,Protective
R02148,4,1,3,45.056,1.0075,0.3069,1.097,1,-32.901,19.822,0,1,0,1,497.4,fan,36.3,2.3,0.7243,1,0,2.324,52.7,Harmful
R02149,4,1,3,38.049,1.1704,-0.6203,2.808,1,7.991,18.081,1,0,0,0,74.8,door,28.1,2.93,0.7858,0,1,5.867,87.6,Harmful
R02150,2,4,2,35.716,0.6899,2.2052,2.632,1,-7.257,18.702,0,0,0,0,102.2,pump,38.94,8.08,0.8443,1,1,3.371,86.48,Harmful
R02151,2,4,2,45.409,-1.596,0.8275,1.463,0,-4.222,20.545,1,0,0,0,64.4,damper,23.82,17.92,0.4104,0,0,-9.355,82.17,Protective
R02152,4,1,3,59.959,0.2043,1.5128,1.825,0,20.292,17.745,1,0,0,0,153.6,pump,13.82,3.6,0.237,1,0,0.64,83.42,Ineffective
R02153,3,2,1,36.82,1.0663,1.4345,2.572,1,-5.848,17.009,1,1,0,0,58.6,door,18.92,5.52,0.7777,0,1,10.455,98.87,Harmful
R02154,3,1,2,49.479,-0.9888,-0.5604,2.64,0,7.378,19.312,0,1,1,0,336.1,fan,34.71,19.41,0.6233,1,1,-7.434,81.9,Inconsistent
R02155,2,3,1,45.935,-0.5535,-1.948,1.76,1,-15.269,18.75,1,0,0,0,154.8,door,13.36,9.41,0.6725,0,1,-11.564,71.31,Protective
R02156,2,1,1,52.069,-0.3524,-1.3291,2.921,0,0.542,17.22,0,0,0,1,587.3,fan,29.33,17.71,0.9904,0,0,-3.978,10.0,Inconsistent
R02157,3,2,1,57.499,0.5529,0.5365,1.659,0,-23.869,18.185,1,1,0,0,105.1,fan,43.78,8.9,0.9514,0,0,-5.656,85.6,Protective
R02158,4,1,3,15.62,1.2167,0.2983,0.315,1,-0.86,17.956,0,0,0,0,160.9,valve,35.61,11.33,0.4158,1,0,3.704,83.73,Harmful
R02159,2,3,1,14.1,-0.9808,-0.5198,1.776,0,5.781,18.042,0,0,0,0,254.5,damper,37.68,19.04,0.904,1,0,-15.512,91.83,Protective
R02160,4,1,3,37.249,0.9369,-2.0956,2.376,1,16.596,20.159,0,0,0,0,458.7,damper,46.22,19.21,0.792,0,1,7.181,77.43,Harmful
R02161,1,4,3,29.711,0.7871,-0.1131,2.958,0,-12.268,18.219,1,0,0,0,152.3,valve,16.04,4.98,0.6273,1,1,2.124,99.76,Ineffective
R02162,2,4,2,36.39,-0.3727,-0.6818,0.495,1,-7.934,18.959,1,0,0,0,70.4,valve,23.19,14.18,0.7412,1,1,-0.233,92.56,Ineffective
R02163,4,3,1,48.892,-0.0368,-0.8244,1.434,0,-9.662,18.062,0,0,0,1,213.4,damper,31.13,9.64,0.7809,1,0,-4.98,41.94,Inconsistent
R02164,4,2,2,56.244,2.1396,1.2501,1.843,1,-3.81,20.802,0,0,0,0,140.6,valve,23.41,4.7,0.6377,0,1,5.368,95.24,Harmful
R02165,4,2,2,27.958,-0.4749,-0.6291,2.668,1,-14.459,20.097,1,0,0,1,29.1,door,31.94,2.46,0.5722,0,0,0.3,11.84,Inconsistent
R02166,2,4,2,44.486,1.9555,-0.5337,2.204,1,-32.358,18.693,1,0,0,0,187.8,pump,54.68,11.14,0.8376,1,0,6.867,93.61,Harmful
R02167,4,3,1,15.824,1.5192,0.0856,0.847,0,-15.641,19.908,0,0,0,0,40.5,valve,15.72,3.69,0.6136,0,1,3.441,79.38,Ineffective
R02168,4,2,2,34.4,0.5778,1.2724,2.606,1,-0.734,18.259,1,0,0,0,135.3,pump,24.73,18.89,0.7119,0,0,10.641,88.99,Harmful
R02169,4,3,1,6.199,-0.443,-0.5027,2.06,0,-2.222,17.329,0,1,1,0,270.9,door,53.36,6.5,0.9001,1,0,9.456,86.44,Inconsistent
R02170,1,4,3,32.706,1.8331,1.8672,2.706,1,8.282,18.722,0,1,0,0,43.4,fan,38.25,9.92,0.3902,0,0,3.825,83.13,Harmful
R02171,3,2,1,34.994,-0.2861,-1.3787,2.536,0,12.633,19.258,0,0,0,0,76.2,fan,58.5,15.07,0.4891,1,0,-18.549,84.49,Protective
R02172,4,3,1,45.449,-1.5531,-1.0541,0.562,1,-6.743,18.397,1,1,0,0,55.9,door,18.62,11.14,0.9418,0,0,2.548,91.78,Harmful
R02173,4,2,2,40.722,-0.1988,-1.6393,2.889,0,-23.786,18.606,0,0,0,0,110.4,door,47.79,8.79,0.9434,0,0,-9.619,100.0,Protective
R02174,1,2,1,24.712,0.3704,-1.7522,1.472,0,6.048,19.858,1,0,0,0,25.6,pump,51.95,13.33,0.8724,1,0,6.101,99.79,Harmful
R02175,4,2,2,5.315,1.5401,0.7365,2.951,1,-0.147,20.582,0,0,0,0,199.1,pump,57.93,5.56,0.6948,1,1,4.638,87.16,Harmful
R02176,1,4,3,11.352,-0.0806,-0.5778,0.724,1,-3.877,20.576,0,1,0,1,30.4,door,17.89,10.83,0.7197,0,1,-1.137,64.88,Ineffective
R02177,2,1,1,58.518,-0.3698,-1.5102,2.421,0,18.306,19.303,0,0,0,0,191.5,fan,36.79,19.34,0.6743,0,1,-22.957,79.7,Protective
R02178,3,1,2,55.728,1.7769,0.7798,1.054,1,6.758,19.518,1,0,0,0,64.0,valve,30.15,16.13,0.8039,0,1,8.958,84.88,Harmful
R02179,2,3,1,22.88,0.74,1.2239,0.325,1,1.843,19.131,0,0,1,0,213.2,fan,40.3,8.02,0.722,0,0,2.502,98.56,Inconsistent
R02180,3,1,2,19.237,-0.7287,1.4509,2.983,1,2.458,18.485,0,0,0,0,46.5,door,13.97,18.43,0.7656,0,0,3.132,99.49,Harmful
R02181,1,4,3,29.003,1.1376,0.7753,1.05,0,12.746,19.953,0,0,0,0,259.3,fan,33.69,17.75,0.935,0,1,-1.651,100.0,Ineffective
R02182,3,4,1,42.947,-0.3141,-1.0181,0.425,0,-10.343,17.445,0,0,0,0,335.2,fan,11.45,6.89,0.8469,0,0,-6.55,98.86,Protective
R02183,3,4,1,24.626,0.9912,0.1761,2.609,0,-13.203,20.576,0,0,1,0,38.0,valve,25.47,18.82,0.9711,1,1,-0.7,100.0,Inconsistent
R02184,3,4,1,8.701,-1.4955,0.3969,1.41,0,-3.512,18.135,0,0,0,0,40.7,damper,51.07,10.74,0.6614,0,0,-12.648,84.97,Protective
R02185,2,1,1,27.154,0.679,-0.0749,1.814,1,-17.669,17.875,0,0,0,1,456.4,door,33.35,18.79,0.8531,1,0,4.433,16.09,Inconsistent
R02186,2,4,2,19.332,1.3097,0.5648,2.958,1,-0.681,18.096,0,0,0,0,113.3,damper,52.57,11.89,0.7905,1,0,12.967,97.25,Harmful
R02187,2,3,1,22.871,0.7129,-0.8516,1.546,1,1.454,20.247,0,1,0,0,33.0,pump,12.91,3.74,0.6871,1,0,1.411,82.17,Harmful
R02188,2,3,1,13.963,-0.383,-0.2276,0.388,1,-1.032,18.076,0,0,0,1,129.5,damper,45.0,4.51,0.6764,1,1,-2.345,38.44,Inconsistent
R02189,3,4,1,41.236,-1.5868,0.7718,2.135,1,-5.421,19.438,0,0,0,0,174.2,valve,13.0,10.96,0.6867,1,1,7.604,100.0,Harmful
R02190,2,4,2,33.965,1.4233,1.4075,2.19,0,24.795,18.373,0,0,0,0,37.1,door,17.77,2.45,0.7325,1,0,1.914,84.36,Ineffective
R02191,2,1,1,19.897,1.048,1.5514,0.744,1,14.11,19.626,0,0,0,0,104.8,pump,50.18,15.83,0.7377,1,0,16.596,94.7,Harmful
R02192,2,4,2,35.462,1.9668,1.0609,1.727,1,-1.457,19.367,0,0,1,0,190.8,fan,10.99,7.54,0.811,1,1,-0.528,91.48,Inconsistent
R02193,1,4,3,32.099,1.7287,0.4797,1.234,1,1.395,20.991,1,0,0,0,279.4,door,29.03,2.56,0.9186,1,0,7.923,95.03,Harmful
R02194,3,2,1,48.779,1.3968,0.3248,0.34,1,20.645,18.244,1,0,0,0,54.3,door,56.81,13.68,0.7914,0,0,-16.496,84.93,Protective
R02195,4,3,1,57.579,0.4787,-1.0476,1.072,1,-8.768,18.399,0,0,0,1,26.6,valve,17.76,12.9,0.5175,1,0,2.159,52.08,Harmful
R02196,2,3,1,12.187,1.2898,-0.4355,2.747,1,-14.484,17.795,0,0,0,0,71.0,damper,57.39,4.28,0.7939,0,1,6.646,81.46,Harmful
R02197,4,3,1,53.615,2.2325,-0.4029,1.041,1,3.403,18.856,0,0,0,0,29.6,pump,19.79,5.26,0.5553,1,0,7.964,85.95,Harmful
R02198,3,4,1,43.764,0.883,0.9748,0.825,1,6.209,20.349,0,0,0,0,146.0,valve,23.5,15.38,0.5766,1,0,8.029,85.34,Harmful
R02199,1,3,2,43.09,1.8017,0.8449,2.835,0,7.328,17.844,0,1,0,1,285.9,fan,41.91,4.72,0.8516,0,0,5.454,27.61,Inconsistent
R02200,2,1,1,25.587,-1.5994,0.6366,1.271,0,12.417,20.846,1,0,0,1,174.8,damper,10.33,2.12,0.3756,0,0,3.16,28.57,Inconsistent
R02201,1,2,1,23.915,-1.7069,1.0827,2.834,0,-10.989,17.053,0,0,1,0,153.1,fan,45.45,19.99,0.6087,1,0,-25.164,80.78,Inconsistent
R02202,1,2,1,5.31,0.8881,-0.0277,2.665,0,-21.127,20.221,1,0,0,0,174.8,damper,55.18,7.22,0.6576,1,0,-7.613,94.03,Protective
R02203,2,3,1,59.021,-0.9187,-1.0829,1.517,0,-8.769,19.767,0,0,1,0,186.8,fan,27.79,18.04,0.866,0,0,-10.571,100.0,Inconsistent
R02204,2,3,1,38.358,2.8433,0.3501,1.278,1,8.728,20.621,0,0,0,0,317.3,door,40.27,9.45,0.8764,1,0,19.181,84.76,Harmful
R02205,4,2,2,27.128,1.2373,-0.8248,0.586,0,-13.828,19.087,0,0,0,1,146.1,door,27.86,19.33,0.9541,0,1,-2.57,45.67,Ineffective
R02206,1,4,3,34.907,2.3876,1.0579,0.734,1,-29.008,19.724,0,1,0,0,240.5,fan,44.6,9.74,0.7856,0,1,4.134,87.03,Harmful
R02207,4,1,3,7.229,1.6844,0.0409,0.851,1,2.164,17.198,0,1,0,0,171.5,pump,36.35,15.49,0.8756,1,0,0.285,100.0,Ineffective
R02208,1,3,2,14.551,-0.1216,0.3015,1.517,1,-8.506,18.577,1,0,0,0,224.0,door,35.13,19.38,0.644,1,0,2.676,94.97,Harmful
R02209,1,4,3,39.285,-0.8593,1.0936,1.242,1,-25.906,20.083,0,0,0,0,40.0,door,12.61,7.08,0.5409,0,0,1.466,82.65,Harmful
R02210,3,2,1,33.284,1.3953,-0.8411,2.441,0,1.117,17.436,1,1,0,0,172.4,door,43.08,2.53,0.7632,1,0,0.882,91.37,Ineffective
R02211,4,1,3,48.289,-0.6996,1.364,1.031,1,-5.794,20.13,1,1,0,0,530.5,damper,35.3,10.08,0.7227,0,0,-1.865,86.46,Ineffective
R02212,3,1,2,41.231,1.4849,-1.4476,1.389,0,25.14,18.233,1,0,0,0,426.8,valve,26.04,15.7,0.8365,1,0,-1.16,93.49,Ineffective
R02213,1,2,1,38.079,0.5696,0.2066,0.544,0,1.333,18.412,1,0,0,0,52.3,fan,33.99,12.15,0.8932,1,1,-10.213,100.0,Protective
R02214,1,2,1,49.84,0.7237,0.3091,0.959,1,8.791,19.589,0,0,0,0,88.3,door,26.52,17.03,0.7796,1,1,19.877,100.0,Harmful
R02215,2,3,1,8.754,1.242,1.2273,2.392,1,-0.258,17.313,1,0,0,0,154.3,fan,23.55,6.8,0.7354,1,0,-2.361,95.57,Ineffective
R02216,2,4,2,42.999,1.2653,-0.9744,2.18,1,-8.963,19.499,1,0,0,0,82.2,valve,16.06,3.22,0.5223,1,0,6.711,85.99,Harmful
R02217,4,1,3,44.357,0.5976,-1.1308,1.326,1,-7.314,20.655,0,0,0,0,53.1,valve,20.99,5.98,0.8797,1,1,1.796,97.7,Harmful
R02218,2,3,1,20.134,1.3257,0.65,1.817,0,16.214,17.375,0,1,0,0,35.5,damper,16.48,6.12,0.5782,0,1,0.128,90.32,Ineffective
R02219,1,2,1,15.761,1.2914,-0.4909,1.483,0,11.217,18.012,1,0,0,0,178.0,door,10.51,8.03,0.6965,1,1,1.016,93.27,Ineffective
R02220,4,2,2,16.762,0.0557,-0.1908,2.707,0,-22.329,17.055,1,0,0,0,75.0,valve,46.89,7.61,0.7984,1,0,-3.679,83.39,Ineffective
R02221,1,3,2,15.898,0.2,-0.2597,1.305,1,-18.729,19.072,0,0,0,0,90.6,fan,14.72,6.22,0.9737,1,0,-1.696,93.23,Ineffective
R02222,1,3,2,33.808,1.206,0.8128,2.222,0,-17.896,19.924,0,0,0,0,28.3,door,29.74,4.19,0.8987,1,0,-1.377,99.36,Ineffective
R02223,2,3,1,12.459,-2.1226,0.1992,0.812,0,15.901,20.706,0,0,0,0,58.8,door,42.37,11.39,0.7598,1,1,-14.486,98.87,Protective
R02224,2,4,2,41.261,1.2439,0.6407,1.415,1,-25.971,18.472,1,0,1,1,23.6,damper,45.39,14.81,0.6812,0,1,2.857,60.66,Inconsistent
R02225,3,1,2,10.779,1.5396,-0.7696,1.682,1,11.797,17.595,0,0,0,0,127.1,damper,13.83,18.35,0.8277,0,0,4.197,76.39,Harmful
R02226,4,1,3,6.479,-0.0284,0.9015,0.493,1,5.975,17.116,1,0,0,0,184.3,pump,54.07,6.96,0.7242,0,0,3.985,97.55,Harmful
R02227,4,3,1,22.561,1.7738,-0.5922,1.845,1,2.202,18.3,0,0,0,0,270.9,fan,14.47,13.89,0.8633,0,0,5.368,91.62,Harmful
R02228,2,1,1,15.552,-0.1264,-0.7586,1.809,0,-7.095,19.049,1,0,0,0,35.3,pump,35.66,11.5,0.8599,1,1,-4.927,85.19,Ineffective
R02229,4,2,2,59.376,-0.6457,-1.4653,0.645,0,17.829,20.603,1,1,0,1,21.1,fan,51.11,17.91,0.5975,0,0,-4.098,37.6,Inconsistent
R02230,3,1,2,21.665,1.7632,0.2435,2.996,1,1.702,17.866,0,0,0,0,42.0,damper,32.89,14.51,0.9501,1,1,2.943,86.59,Harmful
R02231,1,4,3,17.214,-1.1857,0.9645,0.459,0,-21.663,20.125,0,0,0,1,545.6,fan,59.98,5.29,0.7986,1,0,-0.463,20.55,Inconsistent
R02232,4,2,2,15.822,1.6692,0.6267,2.707,1,-18.17,18.924,1,0,0,0,112.7,pump,45.29,6.79,0.5654,1,0,6.505,83.98,Harmful
R02233,1,3,2,25.562,-1.1823,-0.0418,1.576,1,-24.671,20.47,0,0,0,0,79.6,pump,26.94,13.24,0.9127,0,1,-5.428,92.63,Protective
R02234,3,1,2,38.322,0.1857,0.0091,0.824,0,18.005,20.452,0,0,0,1,189.2,valve,13.81,15.52,0.8711,0,1,-6.202,50.74,Protective
R02235,4,1,3,48.007,-0.0562,0.0036,0.516,0,21.364,20.431,1,0,0,0,72.8,door,51.26,3.42,0.6216,1,1,5.889,92.96,Ineffective
R02236,1,4,3,25.052,-0.6397,-0.0339,2.158,0,16.294,18.605,0,0,0,0,49.2,fan,53.52,13.63,0.7824,0,1,-8.665,100.0,Protective
R02237,2,3,1,39.428,1.1896,0.5773,2.312,1,-2.147,18.385,1,0,0,0,334.3,door,41.53,5.07,0.5158,1,0,8.565,78.9,Harmful
R02238,2,3,1,31.513,-0.1796,-1.14,2.086,0,-21.396,17.829,0,0,0,0,329.3,door,26.53,18.97,0.9008,1,0,-10.675,90.56,Protective
R02239,4,3,1,51.557,0.9547,0.0065,1.376,0,-15.81,17.914,0,0,1,0,145.4,fan,38.29,19.35,0.7092,1,0,-25.56,89.05,Inconsistent
R02240,1,3,2,36.297,0.4602,-1.8552,0.683,0,-14.833,19.465,1,1,0,0,56.1,valve,10.14,17.47,0.9459,0,0,-4.452,100.0,Ineffective
R02241,3,1,2,20.944,1.2527,0.9756,2.411,1,-0.685,20.848,1,0,0,0,103.2,valve,30.87,17.49,0.5768,1,1,2.314,93.84,Harmful
R02242,2,3,1,43.697,1.0919,-0.7027,2.639,1,20.812,19.424,1,0,0,0,126.3,pump,59.32,19.3,0.7376,0,0,15.876,91.57,Harmful
R02243,1,2,1,50.104,-0.5722,1.0776,1.297,0,20.753,18.649,1,0,0,0,33.4,valve,20.66,7.15,0.5443,1,0,-6.711,81.93,Protective
R02244,3,2,1,30.599,-0.4018,-2.5452,2.555,0,-7.325,17.97,0,0,0,0,20.3,damper,44.15,11.41,0.8502,1,1,-18.475,100.0,Protective
R02245,4,2,2,59.296,0.1482,1.5744,1.98,0,-33.548,19.608,0,0,0,0,239.1,damper,15.25,4.41,0.478,1,1,1.151,82.58,Ineffective
R02246,3,4,1,53.35,0.6266,-1.2392,1.676,1,-17.505,17.844,1,0,0,0,30.6,valve,46.49,10.21,0.7567,1,0,15.598,80.64,Harmful
R02247,1,4,3,15.833,1.0115,-1.2999,1.91,0,17.829,17.374,1,1,0,0,101.8,valve,32.0,3.88,0.9553,1,1,-3.93,100.0,Ineffective
R02248,1,3,2,48.272,0.8935,0.6991,0.502,1,3.474,17.374,1,0,0,0,56.3,damper,27.04,14.45,0.9495,0,0,7.738,100.0,Harmful
R02249,2,1,1,38.052,1.176,1.0187,0.551,1,-5.335,20.402,0,1,0,0,63.2,damper,35.28,3.36,0.8977,0,0,0.541,96.78,Ineffective
R02250,3,1,2,34.415,-0.6027,0.1166,2.235,1,-6.38,18.529,0,1,0,0,81.8,valve,50.93,17.47,0.695,1,0,-0.159,77.66,Ineffective
R02251,3,1,2,33.267,1.7432,1.2926,2.916,1,-11.263,20.761,1,1,0,0,410.9,damper,51.92,17.33,0.5961,1,0,7.557,86.55,Harmful
R02252,1,4,3,51.938,-0.6812,-0.8966,1.622,0,-18.057,18.987,0,0,0,0,164.5,valve,27.64,19.38,0.878,0,1,-4.453,83.65,Ineffective
R02253,3,2,1,38.598,-0.2427,0.0003,0.351,1,31.081,19.766,0,1,0,1,357.0,door,41.64,2.49,0.9347,0,0,-5.784,41.55,Inconsistent
R02254,2,3,1,34.574,2.4462,0.0979,0.391,1,25.777,20.308,1,0,1,0,81.2,pump,26.15,16.74,0.5769,0,1,8.839,72.02,Inconsistent
R02255,3,2,1,7.687,0.5976,-0.6384,1.509,0,-12.328,20.498,0,0,0,0,134.4,pump,32.59,7.27,0.6447,1,0,-1.902,94.08,Ineffective
R02256,4,3,1,29.657,0.8771,-2.0342,2.041,0,-26.308,17.65,0,0,0,0,26.6,fan,42.81,5.53,0.8612,1,0,-9.152,100.0,Protective
R02257,3,1,2,54.942,1.2545,0.3753,0.634,1,2.535,17.867,0,0,1,0,127.9,pump,22.78,15.51,0.7246,0,1,3.106,92.06,Inconsistent
R02258,1,2,1,44.146,0.7068,0.285,0.292,1,-2.212,17.6,0,0,0,0,313.1,pump,26.24,4.16,0.7139,1,0,3.414,86.85,Harmful
R02259,4,1,3,7.802,-0.3796,0.9782,2.243,0,9.422,18.782,1,0,0,0,33.7,valve,18.3,17.76,0.4701,1,0,-2.794,88.23,Ineffective
R02260,1,2,1,53.62,1.5791,-0.8859,0.609,1,12.819,17.62,1,0,0,0,47.1,damper,40.08,17.76,0.5173,1,1,20.337,74.62,Harmful
R02261,4,1,3,50.467,1.9325,-0.2394,1.427,1,-17.55,19.603,1,0,0,0,47.0,valve,52.28,12.01,0.8457,0,0,9.819,91.3,Harmful
R02262,1,4,3,35.068,0.7318,1.6035,2.256,1,19.203,18.451,1,0,0,0,89.0,damper,55.91,9.61,0.6086,1,1,12.281,90.31,Harmful
R02263,3,2,1,6.232,2.8725,0.6933,0.551,1,-5.297,20.856,1,0,1,1,84.3,damper,57.13,18.01,0.8431,0,0,17.747,26.93,Inconsistent
R02264,1,3,2,35.934,-0.2973,0.4494,1.44,0,9.119,20.266,0,0,0,0,121.8,door,48.98,14.82,0.546,0,0,-9.17,92.16,Protective
R02265,1,3,2,8.002,-0.594,0.8534,0.512,1,-3.922,19.897,0,0,0,0,136.9,fan,33.65,2.58,0.658,0,1,0.825,81.39,Ineffective
R02266,3,2,1,22.621,-0.9215,0.8579,1.173,1,13.837,19.755,0,0,0,0,480.7,pump,50.62,9.42,0.5306,0,0,7.753,83.07,Harmful
R02267,3,1,2,39.59,-0.8878,2.221,2.755,1,-35.434,17.158,0,0,0,1,128.7,door,22.79,9.74,0.8821,1,1,1.999,31.99,Inconsistent
R02268,1,3,2,55.21,0.3862,0.4915,2.121,1,11.075,17.335,0,0,0,0,20.1,fan,35.55,17.41,0.6603,1,0,11.148,76.78,Harmful
R02269,4,2,2,24.679,0.568,-0.6113,0.265,1,-12.479,18.728,1,1,0,1,23.2,pump,55.92,17.89,0.7218,1,1,1.788,6.48,Inconsistent
R02270,2,3,1,52.301,0.5826,0.5388,0.577,0,1.102,20.659,0,1,0,1,106.6,fan,38.9,11.78,0.9539,1,0,0.71,42.67,Inconsistent
R02271,2,3,1,55.51,0.7714,-0.1666,1.023,1,18.671,17.376,0,0,0,0,900.0,valve,40.55,4.02,0.9319,0,0,5.017,78.37,Harmful
R02272,2,4,2,6.157,1.6434,0.2901,2.708,1,-12.047,18.681,0,0,0,0,66.7,damper,41.07,12.96,0.7147,1,0,7.951,99.38,Harmful
R02273,2,1,1,18.169,0.8449,0.7702,2.292,1,-14.4,20.176,1,1,0,1,63.4,pump,50.19,10.29,0.7547,0,0,3.586,67.25,Harmful
R02274,1,2,1,44.042,-0.0865,-0.9214,1.929,0,-5.58,18.279,0,0,0,0,34.0,pump,14.21,9.61,0.6813,0,0,-1.723,100.0,Ineffective
R02275,2,3,1,46.626,0.2225,-0.1103,0.627,1,-6.526,20.718,1,0,0,0,66.9,door,28.69,19.72,0.4362,1,0,6.292,80.98,Harmful
R02276,1,2,1,26.583,1.3226,0.3758,2.801,0,-15.752,20.739,0,0,0,0,43.2,fan,56.83,19.92,0.4783,1,1,-16.656,83.12,Protective
R02277,1,4,3,41.122,-1.6315,-0.6486,2.463,0,1.594,17.228,0,0,0,0,227.9,damper,58.26,9.37,0.7489,0,0,-11.428,88.04,Protective
R02278,2,4,2,38.669,1.1013,1.3734,0.87,1,2.373,19.466,0,1,0,0,165.4,pump,37.94,18.82,0.7695,1,0,5.724,94.72,Harmful
R02279,3,1,2,45.688,-0.2817,-1.0862,1.332,0,6.945,17.582,0,1,0,0,41.7,door,25.0,6.4,0.7731,0,0,0.829,100.0,Ineffective
R02280,4,2,2,44.526,1.5818,-0.5895,1.399,1,-12.294,18.764,0,1,0,0,26.3,damper,52.58,5.48,0.593,1,1,1.912,77.36,Harmful
R02281,2,3,1,9.723,-0.1208,1.8061,1.845,0,-14.16,20.591,0,0,0,0,29.9,fan,54.54,13.82,0.5667,1,1,-12.931,89.51,Protective
R02282,2,1,1,13.704,-0.0914,-1.6302,1.249,0,-1.779,17.293,0,1,0,0,32.8,fan,24.86,11.01,0.7533,0,0,-4.201,99.72,Ineffective
R02283,4,1,3,12.3,0.5334,0.3733,0.788,1,-3.676,20.749,0,0,0,0,444.8,fan,46.71,15.42,0.6886,0,1,4.667,91.4,Harmful
R02284,3,4,1,56.286,1.2933,1.7515,2.068,0,-3.388,20.978,0,0,0,0,38.8,fan,57.56,3.98,0.7263,0,0,-12.24,100.0,Protective
R02285,4,3,1,55.245,0.8024,0.3714,2.097,1,-10.608,19.681,0,0,0,0,42.0,door,31.61,10.68,0.6401,0,0,14.911,78.19,Harmful
R02286,4,2,2,48.858,2.7697,1.7468,1.439,1,4.951,18.425,1,1,1,0,34.5,door,14.08,14.27,0.7124,1,0,-2.53,79.97,Inconsistent
R02287,4,1,3,11.42,0.1722,0.5525,1.563,0,-14.137,18.004,0,0,0,0,36.6,fan,51.68,11.02,0.7709,1,0,-0.487,96.98,Ineffective
R02288,4,2,2,36.585,-0.0782,-0.1072,0.342,0,-1.833,18.73,0,0,0,0,58.8,door,43.68,7.15,0.9108,1,1,-9.247,100.0,Protective
R02289,2,3,1,15.298,0.6547,0.2694,1.477,1,-4.596,17.719,1,0,0,0,95.3,pump,47.91,11.01,0.7512,0,1,15.342,93.67,Harmful
R02290,2,1,1,25.261,0.4642,-2.2193,2.441,0,-0.502,17.08,0,0,0,1,34.0,valve,43.0,12.53,0.8071,0,0,-9.554,39.86,Inconsistent
R02291,2,1,1,19.69,-0.6884,-0.4191,1.856,0,17.779,17.251,0,0,0,0,107.7,valve,30.99,11.91,0.6448,1,0,-8.935,80.48,Protective
R02292,1,2,1,50.591,0.9457,0.6322,2.778,1,-19.718,19.654,0,0,0,0,128.5,damper,58.23,12.19,0.9533,1,0,26.843,91.15,Harmful
R02293,3,1,2,12.945,-0.0919,0.1317,2.206,0,-35.87,17.083,1,0,0,0,243.3,valve,41.12,9.97,0.5738,1,0,-0.69,77.58,Ineffective
R02294,3,4,1,40.54,0.2252,2.3659,2.377,0,-8.913,18.206,1,0,0,0,171.6,door,36.26,7.96,0.647,1,0,-5.582,85.65,Protective
R02295,4,2,2,59.114,0.25,0.181,1.484,0,-17.27,19.706,0,0,0,0,73.5,door,37.83,3.27,0.9126,0,0,-3.837,91.86,Ineffective
R02296,1,2,1,42.788,0.302,0.5301,0.686,0,-45.187,17.699,0,0,0,0,275.0,pump,48.18,2.84,0.8546,1,1,-7.628,94.53,Protective
R02297,2,3,1,9.358,0.8949,1.565,2.754,1,26.195,18.329,0,0,0,0,125.3,damper,40.45,11.61,0.8697,0,1,7.058,100.0,Harmful
R02298,1,3,2,54.932,2.3689,0.9405,2.046,1,8.396,17.126,0,1,0,0,223.6,damper,13.68,17.46,0.8746,1,0,7.492,90.0,Harmful
R02299,4,3,1,40.369,1.2226,0.314,2.747,1,10.007,17.45,1,1,0,0,53.9,fan,23.88,16.14,0.789,1,0,9.352,89.97,Harmful
R02300,2,1,1,30.097,3.406,0.3188,1.929,1,-4.282,17.904,0,0,0,0,20.2,damper,35.66,11.65,0.9465,0,0,16.749,94.21,Harmful
R02301,1,2,1,41.283,0.8499,0.0493,1.473,1,6.312,17.505,0,0,0,0,120.3,damper,18.26,13.51,0.7534,1,0,7.611,100.0,Harmful
R02302,3,2,1,53.347,0.8589,0.3442,0.577,0,-6.34,18.888,0,0,0,0,52.4,door,52.79,19.58,0.789,0,0,-18.825,85.87,Protective
R02303,4,1,3,31.242,0.074,0.2297,1.314,1,12.215,17.508,1,0,0,1,124.4,door,48.83,19.41,0.7454,1,1,-0.836,39.71,Inconsistent
R02304,4,3,1,34.223,1.3008,0.5249,1.873,0,2.836,18.221,0,0,0,0,214.1,pump,47.83,19.91,0.494,1,1,14.331,74.8,Harmful
R02305,1,2,1,29.885,0.0957,-0.6091,2.806,1,-0.548,19.894,0,0,0,0,141.8,door,33.38,2.3,0.6452,1,0,4.105,74.69,Harmful
R02306,2,4,2,8.993,1.2559,0.5468,2.522,1,0.584,19.615,0,0,0,1,50.8,valve,24.5,13.45,0.9765,1,0,9.02,31.96,Inconsistent
R02307,1,2,1,48.289,-0.3644,1.4521,1.637,0,21.982,18.532,0,0,0,0,330.0,damper,51.9,15.41,0.7697,1,1,-21.601,87.51,Protective
R02308,2,1,1,11.953,0.352,-0.3246,1.454,0,2.51,20.724,0,0,0,0,65.9,valve,27.64,3.86,0.538,0,0,-4.395,80.64,Ineffective
R02309,3,4,1,26.701,0.5652,2.243,0.293,1,-15.444,20.149,1,0,0,1,59.1,valve,37.93,8.54,0.8802,0,1,4.491,12.68,Inconsistent
R02310,2,1,1,26.275,-0.8893,0.0637,1.183,0,5.043,19.429,1,0,0,0,109.7,damper,24.65,4.97,0.7381,1,1,-5.11,82.53,Protective
R02311,1,2,1,20.402,0.5284,0.3435,2.948,1,7.336,18.747,0,0,0,0,147.3,valve,59.13,8.92,0.8066,0,1,13.313,90.03,Harmful
R02312,3,1,2,27.138,2.3416,0.5166,2.275,1,-2.171,17.24,0,0,0,0,31.0,door,45.38,9.94,0.5025,0,0,9.594,85.6,Harmful
R02313,1,2,1,38.991,1.2673,0.0886,1.669,1,-0.782,18.651,0,0,0,0,99.0,door,58.24,5.21,0.8981,1,1,18.313,100.0,Harmful
R02314,1,4,3,22.126,-1.3889,-2.0806,2.614,0,-15.993,19.181,1,0,0,0,92.2,door,58.03,10.93,0.6916,1,0,-5.578,96.43,Protective
R02315,1,3,2,14.488,1.8954,1.2802,0.265,1,1.456,20.964,0,0,0,0,150.6,pump,20.46,5.38,0.648,0,0,4.617,87.47,Harmful
R02316,1,4,3,52.815,-0.9915,2.0927,2.881,0,-18.217,20.806,1,0,0,0,542.3,pump,46.54,18.6,0.8423,1,0,1.247,74.98,Ineffective
R02317,2,1,1,58.396,1.5434,0.8804,2.159,1,-3.762,17.449,0,0,0,0,326.2,door,33.29,5.05,0.6276,1,1,10.457,75.05,Harmful
R02318,4,2,2,30.222,1.3532,0.9413,0.237,1,-10.04,20.917,0,0,0,0,214.3,damper,41.51,11.23,0.7114,1,0,10.496,91.55,Harmful
R02319,4,1,3,22.986,0.5163,-0.2826,2.175,0,14.744,20.018,0,1,0,1,233.2,fan,33.29,8.2,0.8042,0,1,-0.702,65.45,Ineffective
R02320,1,2,1,7.612,2.6532,1.5578,0.433,1,23.249,19.728,1,0,0,0,336.0,fan,12.86,9.61,0.8239,1,1,4.447,86.54,Harmful
R02321,1,2,1,7.027,-0.0286,0.3607,1.991,1,-17.165,20.614,1,0,0,0,57.7,valve,44.05,9.01,0.2604,1,0,-4.88,68.09,Ineffective
R02322,2,1,1,26.609,1.4108,0.6672,1.042,1,-0.069,18.3,0,0,0,0,58.3,fan,34.37,19.62,0.8141,1,0,22.577,98.81,Harmful
R02323,3,2,1,56.163,2.0596,-1.1652,0.794,1,-4.655,18.597,0,0,0,0,130.6,pump,16.68,13.95,0.8417,1,1,3.262,100.0,Harmful
R02324,3,1,2,45.189,0.1567,-0.1293,1.959,1,6.967,20.484,1,0,0,0,84.1,damper,42.76,2.88,0.6404,0,0,7.388,91.45,Harmful
R02325,4,3,1,24.21,0.0542,0.7674,1.415,1,1.444,17.416,1,0,0,0,34.9,fan,17.97,17.03,0.495,0,1,1.626,86.17,Harmful
R02326,2,3,1,58.243,-0.3872,0.8072,0.381,0,-5.811,19.837,0,0,0,0,61.9,damper,53.83,11.82,0.5813,0,0,-18.424,82.8,Protective
R02327,1,4,3,28.582,1.1247,1.3349,2.503,1,1.406,20.239,1,0,0,0,20.0,valve,11.06,4.1,0.5945,1,1,7.021,83.02,Harmful
R02328,1,3,2,20.224,-0.6105,-1.1792,0.945,1,-3.22,20.54,1,0,0,0,60.7,valve,31.05,10.49,0.7811,1,0,-3.627,96.28,Ineffective
R02329,1,2,1,28.449,0.4514,-1.5778,1.931,0,23.837,17.877,0,0,0,0,151.3,door,27.14,4.4,0.4749,1,1,-7.275,77.18,Protective
R02330,1,2,1,16.635,-0.6084,0.9841,1.906,1,-11.905,19.717,0,1,0,0,193.6,valve,54.16,12.04,0.6734,1,1,9.025,89.89,Harmful
R02331,4,2,2,53.71,1.1933,-0.8468,0.357,0,3.862,17.343,0,0,0,0,146.6,pump,47.18,8.67,0.9029,0,0,-6.516,88.65,Protective
R02332,2,4,2,24.865,0.4138,0.7946,2.992,0,7.645,20.444,1,0,0,0,119.3,pump,23.22,3.2,0.8387,1,0,-0.546,99.89,Ineffective
R02333,4,1,3,41.188,2.7131,-1.2302,1.453,1,6.577,18.927,0,0,0,0,27.1,fan,26.94,13.76,0.8003,0,0,5.408,91.56,Harmful
R02334,3,1,2,26.398,1.4688,0.3016,0.775,1,-4.468,19.497,1,1,0,0,147.9,damper,41.82,6.2,0.8293,1,1,-3.464,91.67,Ineffective
R02335,3,4,1,54.595,0.4952,0.3658,1.423,1,20.524,20.406,1,0,0,0,266.2,valve,58.4,15.79,0.6828,0,1,22.609,89.31,Harmful
R02336,2,1,1,40.331,0.0013,0.8805,1.889,1,-31.333,19.024,1,0,1,0,335.7,damper,30.32,18.27,0.8629,1,0,22.268,97.44,Inconsistent
R02337,4,2,2,31.854,1.0389,-0.6312,0.209,1,-16.409,19.035,0,0,0,0,47.5,valve,51.73,6.37,0.6773,0,0,6.156,96.25,Harmful
R02338,1,2,1,12.268,-0.1303,-2.0668,1.04,0,9.954,18.859,0,0,0,0,111.8,damper,45.89,7.51,0.9027,1,1,-6.267,95.75,Protective
R02339,1,3,2,54.605,1.0861,0.0713,1.702,0,-13.202,19.403,1,1,0,0,156.7,fan,45.31,2.84,0.8309,1,1,-1.749,92.66,Ineffective
R02340,2,1,1,35.075,-0.1286,0.9264,2.145,1,-14.078,19.869,0,0,0,0,277.0,damper,21.94,10.67,0.8992,1,1,7.306,83.54,Harmful
R02341,2,4,2,20.678,1.9209,0.9075,1.077,0,-7.008,20.221,1,0,0,0,72.5,damper,11.49,17.13,0.2518,1,0,5.111,77.92,Ineffective
R02342,3,2,1,53.286,2.0748,0.0414,1.331,1,-11.785,17.119,0,0,0,0,180.2,valve,33.48,3.98,0.7012,0,0,10.031,98.62,Harmful
R02343,3,1,2,7.994,-0.3035,0.6757,0.819,0,9.556,18.392,0,0,0,0,113.9,fan,40.45,5.02,0.801,0,0,-5.809,93.39,Protective
R02344,3,2,1,22.274,1.6978,0.3858,1.021,0,13.566,18.73,0,0,0,0,326.8,pump,33.88,15.4,0.3463,0,0,-5.106,71.16,Protective
R02345,2,3,1,34.526,0.0169,1.7224,2.125,1,1.325,17.395,0,0,0,0,360.1,door,29.22,13.49,0.6369,0,0,11.495,88.27,Harmful
R02346,2,3,1,23.69,1.0056,0.3446,1.144,1,15.819,20.006,0,0,0,0,31.6,valve,24.43,5.59,0.7262,1,1,7.857,93.73,Harmful
R02347,4,2,2,31.22,-0.4765,-1.3299,0.983,1,-20.797,19.092,1,0,0,0,192.0,valve,52.97,5.08,0.6086,0,0,0.741,72.62,Ineffective
R02348,1,4,3,19.537,1.7466,-0.1677,1.036,0,1.138,17.008,0,0,0,0,39.9,fan,18.49,3.27,0.4779,1,1,4.468,80.06,Ineffective
R02349,3,2,1,12.155,-0.8474,0.4885,1.915,1,20.219,19.525,0,0,0,0,465.8,fan,10.27,2.32,0.7254,1,1,5.789,74.39,Harmful
R02350,3,2,1,7.027,-1.5404,0.4182,1.77,0,14.653,18.356,1,0,0,0,73.4,fan,15.41,9.61,0.7639,0,0,4.466,85.22,Ineffective
R02351,4,3,1,13.671,0.1653,-1.1327,1.339,1,21.544,19.907,1,1,0,0,173.2,valve,32.14,3.94,0.9775,1,0,-0.609,91.03,Ineffective
R02352,3,1,2,57.412,2.1223,0.088,1.97,1,-8.851,17.719,1,1,0,0,160.5,valve,38.01,7.26,0.8621,0,1,4.739,97.4,Harmful
R02353,2,3,1,36.647,0.8548,0.7681,2.0,0,13.758,17.005,0,0,1,0,417.9,fan,44.88,17.73,0.42,0,1,2.429,69.47,Inconsistent
R02354,2,1,1,31.893,0.9221,0.2959,0.237,1,-6.402,17.347,0,0,0,0,113.7,valve,38.04,2.89,0.8087,0,1,6.47,83.33,Harmful
R02355,2,4,2,26.138,1.8189,0.0943,1.149,1,8.927,18.762,0,0,0,0,115.1,door,41.74,16.34,0.7883,0,0,10.025,97.31,Harmful
R02356,2,3,1,43.963,-0.2154,1.8063,0.884,0,19.663,19.992,1,0,0,0,174.3,door,15.84,8.87,0.7784,1,0,-3.842,89.71,Ineffective
R02357,1,2,1,12.769,1.2224,-0.67,2.522,1,-11.911,19.416,1,1,0,0,48.1,pump,31.95,9.41,0.6784,1,1,0.884,96.86,Ineffective
R02358,3,2,1,20.187,1.5517,1.1332,0.971,0,-27.836,17.06,0,0,1,1,244.4,pump,45.48,19.51,0.522,1,0,6.465,11.3,Inconsistent
R02359,1,2,1,41.075,-0.3466,0.9212,1.088,0,27.713,19.366,0,0,0,0,29.8,valve,26.21,12.23,0.5199,0,0,-8.716,100.0,Protective
R02360,3,4,1,31.349,0.0336,0.1748,1.706,1,7.322,18.929,1,0,0,0,68.7,damper,22.87,2.66,0.7075,1,1,1.915,90.06,Harmful
R02361,4,3,1,47.355,1.2704,0.3671,1.733,1,-1.606,20.186,0,1,0,0,432.2,pump,23.79,16.29,0.6072,0,0,7.033,74.7,Harmful
R02362,4,1,3,54.341,1.5403,0.3635,2.471,1,-2.43,18.027,0,0,0,0,73.1,door,28.96,11.98,0.9426,1,0,5.763,98.66,Harmful
R02363,1,2,1,50.285,0.0104,0.0819,1.286,0,-31.443,19.876,0,1,0,0,27.9,damper,10.19,15.99,0.7665,1,0,-2.005,91.26,Ineffective
R02364,4,3,1,15.131,0.9034,-0.6945,0.987,0,3.131,19.527,1,1,0,0,72.9,valve,55.21,4.72,0.852,0,0,-3.994,97.01,Ineffective
R02365,1,3,2,10.031,-0.3013,-0.5281,1.903,0,-7.958,19.492,0,0,0,0,616.1,valve,20.3,6.73,0.5789,1,1,-2.924,73.56,Ineffective
R02366,2,1,1,14.319,0.0275,-0.4552,2.239,0,0.787,18.622,0,0,0,0,37.5,pump,52.83,18.39,0.6853,0,0,-11.23,99.74,Protective
R02367,1,3,2,48.094,1.1746,0.0767,2.979,1,0.454,17.051,1,0,0,0,77.5,fan,12.8,9.74,0.4197,0,0,-3.998,92.57,Ineffective
R02368,1,2,1,55.261,1.0874,0.0892,1.931,1,-50.666,17.751,1,0,1,0,299.5,pump,23.96,11.19,0.5601,0,0,4.053,78.16,Inconsistent
R02369,1,2,1,55.9,2.4133,-1.8408,1.574,1,7.349,20.377,0,0,0,0,76.0,damper,37.17,13.58,0.7018,0,1,17.284,95.83,Harmful
R02370,1,4,3,21.402,0.2696,-0.0024,0.573,0,2.835,19.467,0,1,0,0,523.4,valve,17.22,11.51,0.3448,1,0,-3.046,78.22,Ineffective
R02371,4,1,3,51.219,0.4961,-0.1275,2.963,1,4.849,19.313,1,0,0,0,248.8,fan,59.36,15.51,0.8403,1,1,7.646,97.79,Harmful
R02372,1,3,2,34.493,1.328,-1.4668,2.118,1,-2.751,19.103,0,0,0,0,51.3,door,38.08,6.02,0.7718,0,1,4.512,83.48,Harmful
R02373,2,4,2,50.254,1.8089,0.0499,0.662,1,0.734,17.308,0,0,0,0,296.6,fan,50.35,18.58,0.6141,1,0,6.692,86.7,Harmful
R02374,3,1,2,35.16,1.5742,0.019,1.487,1,2.592,18.391,1,0,0,0,185.5,damper,23.89,2.97,0.6805,1,0,4.432,80.6,Harmful
R02375,4,3,1,13.024,1.5188,1.6752,1.769,1,4.114,19.477,0,0,0,0,66.6,pump,19.5,10.99,0.9095,0,0,4.387,92.68,Harmful
R02376,4,2,2,9.357,-0.6981,-0.1392,0.807,1,7.134,17.502,0,0,0,0,65.1,damper,52.37,19.96,0.6979,1,0,9.315,91.67,Harmful
R02377,1,3,2,57.647,-2.5925,0.5678,2.251,0,4.241,20.684,0,0,0,0,167.3,damper,21.04,13.86,0.6905,1,1,-5.457,84.21,Protective
R02378,4,2,2,28.419,1.1753,1.2828,2.021,0,27.746,17.291,1,0,0,0,28.5,valve,29.15,10.68,0.6836,0,1,-0.467,91.54,Ineffective
R02379,3,1,2,24.279,1.2389,-0.2281,0.854,1,-10.89,19.719,0,0,1,0,28.6,fan,47.03,19.15,0.7581,1,1,26.045,99.29,Inconsistent
R02380,1,4,3,24.597,-0.1216,-0.1475,2.971,0,-5.624,18.205,1,0,0,1,128.8,damper,21.68,3.4,0.602,1,1,-2.743,47.65,Ineffective
R02381,2,3,1,25.841,1.4943,2.1287,2.856,1,25.394,20.455,1,0,0,0,118.6,fan,42.74,9.6,0.9033,0,0,-8.54,91.67,Protective
R02382,4,1,3,56.975,1.8273,0.129,0.943,0,-2.319,20.307,0,1,0,0,199.3,valve,57.8,18.26,0.9839,1,1,4.051,96.43,Ineffective
R02383,2,4,2,8.449,2.2135,0.7737,1.437,1,13.975,18.333,0,0,0,0,115.3,damper,36.91,14.24,0.6158,0,0,9.47,89.35,Harmful
R02384,1,3,2,11.548,0.8622,-0.5073,2.705,0,2.033,18.848,0,0,0,0,190.6,pump,23.51,8.63,0.9293,1,1,1.578,98.01,Ineffective
R02385,4,1,3,48.431,-0.0867,1.0871,1.338,1,-3.417,20.836,1,1,0,0,36.5,fan,57.0,19.6,0.8277,1,0,5.831,88.21,Harmful
R02386,4,3,1,35.218,0.0432,0.3604,2.873,1,14.794,19.432,1,0,0,0,61.4,fan,55.82,15.66,0.818,0,0,20.643,92.15,Harmful
R02387,4,2,2,12.07,-2.4864,-1.9321,0.761,0,7.776,17.024,1,0,0,0,69.1,damper,41.22,19.59,0.7623,1,0,-11.354,92.64,Protective
R02388,4,1,3,6.895,0.5335,-0.4552,2.227,0,-23.01,20.109,0,0,0,1,59.2,door,47.55,12.51,0.6924,1,1,-4.585,38.58,Inconsistent
R02389,4,3,1,17.333,1.0086,-1.2832,1.879,0,2.602,18.445,0,0,0,0,236.4,door,47.6,2.15,0.7231,1,0,-8.717,82.36,Protective
R02390,2,1,1,19.345,1.9902,0.5122,1.169,1,-14.926,18.103,1,0,0,0,246.1,fan,32.26,19.49,0.4533,0,1,13.758,82.78,Harmful
R02391,1,3,2,5.782,1.4754,-0.5168,2.21,1,19.067,20.329,0,1,0,0,147.2,fan,23.26,16.83,0.4011,0,1,0.5,78.28,Ineffective
R02392,3,4,1,16.885,-0.2541,0.3781,0.268,0,26.304,20.87,1,0,0,0,60.5,fan,13.33,11.91,0.8244,1,0,-1.999,87.12,Ineffective
R02393,1,2,1,45.608,0.2357,0.4448,0.846,1,28.11,17.248,0,0,0,0,426.0,valve,12.37,4.9,0.1505,1,0,0.71,72.16,Ineffective
R02394,2,4,2,52.049,-0.0254,-0.848,0.932,1,5.363,18.561,0,0,0,0,38.7,door,12.66,17.86,0.7347,1,1,-3.298,88.47,Ineffective
R02395,3,4,1,54.403,0.6366,-0.0925,0.529,1,-6.924,18.119,1,0,0,0,81.9,pump,21.95,13.47,0.8145,1,0,10.363,100.0,Harmful
R02396,4,2,2,26.445,-0.1778,1.0206,0.295,1,4.826,20.591,1,0,0,1,81.6,damper,15.63,2.05,0.8488,0,0,3.149,50.73,Harmful
R02397,2,3,1,22.568,2.556,1.548,1.188,1,-14.096,20.471,0,1,0,0,20.7,door,12.38,10.89,0.6728,1,0,8.205,90.7,Harmful
R02398,2,3,1,59.992,-0.5024,-0.5024,0.811,1,35.182,20.604,0,0,0,0,309.8,damper,39.16,19.68,0.7417,1,1,17.404,88.48,Harmful
R02399,3,1,2,47.314,-0.2971,-1.1974,0.572,0,17.915,17.171,0,0,0,0,30.3,damper,26.99,12.55,0.6657,0,0,-2.987,90.92,Ineffective
R02400,1,4,3,34.554,-2.0362,1.851,0.64,0,4.568,17.2,0,0,0,0,43.0,door,59.97,14.79,0.9238,0,0,-8.113,87.29,Protective
R02401,3,2,1,19.012,0.1966,-0.1098,2.514,0,14.956,19.206,0,0,1,0,365.8,damper,43.38,13.84,0.4769,1,0,-0.903,69.52,Inconsistent
R02402,3,4,1,22.672,-0.1024,-0.0085,0.466,0,-7.376,17.668,1,0,0,0,218.8,pump,56.95,11.34,0.7789,0,0,-9.397,93.03,Protective
R02403,3,4,1,33.345,0.4432,-0.3394,2.23,1,-16.619,17.451,0,0,0,0,326.4,valve,13.24,14.46,0.7391,1,0,-7.136,94.99,Protective
R02404,2,4,2,34.815,-1.0328,0.1152,0.351,0,-33.199,18.041,1,0,0,0,119.9,door,23.09,5.52,0.8924,0,0,-3.695,85.89,Ineffective
R02405,4,2,2,5.752,-0.0975,1.6151,0.314,0,1.246,19.838,0,0,0,0,409.1,pump,49.06,8.08,0.7452,0,0,-0.83,68.05,Ineffective
R02406,2,1,1,57.767,0.2555,0.6544,1.438,1,-3.122,19.687,1,0,0,0,159.7,door,40.91,18.01,0.6213,1,1,23.39,89.88,Harmful
R02407,3,2,1,36.658,0.6631,1.465,1.269,1,7.789,20.141,0,0,0,0,98.2,valve,28.11,6.86,0.9649,1,0,9.446,100.0,Harmful
R02408,2,4,2,37.404,1.8574,-0.071,1.728,0,0.196,17.251,0,0,0,0,70.8,damper,52.04,9.5,0.8075,1,1,-1.749,99.4,Ineffective
R02409,1,2,1,16.631,0.0722,-1.1258,2.167,0,7.108,20.066,0,0,0,0,255.3,damper,35.02,3.86,0.8346,0,0,8.219,92.96,Harmful
R02410,3,4,1,47.074,0.4329,-0.7832,1.067,0,12.166,18.962,0,0,0,0,56.6,valve,55.82,18.75,0.7797,1,1,-22.906,98.07,Protective
R02411,1,2,1,45.55,-0.5645,-1.2178,0.744,0,-21.903,18.252,0,0,0,0,284.2,door,37.37,6.85,0.2016,1,1,-17.68,87.38,Protective
R02412,4,2,2,10.234,-0.8844,0.1178,2.502,0,13.033,19.441,0,0,0,0,56.7,fan,39.39,12.46,0.6757,0,0,-11.82,86.18,Protective
R02413,3,4,1,37.725,-0.123,1.1239,0.663,0,-6.099,20.198,0,1,0,0,246.8,valve,25.49,9.18,0.7705,1,0,1.216,96.93,Ineffective
R02414,2,3,1,41.201,2.4039,0.061,2.436,0,7.764,17.415,1,0,0,0,485.0,damper,14.0,8.24,0.5749,0,0,-3.491,91.45,Ineffective
R02415,2,1,1,50.956,-0.3874,-0.4078,1.844,0,15.333,20.229,0,1,0,1,85.8,fan,10.67,5.03,0.7488,0,0,-2.651,44.04,Inconsistent
R02416,3,2,1,16.335,0.2614,-0.8896,1.01,0,15.436,19.278,0,0,0,0,106.1,pump,24.44,19.93,0.4026,1,0,-2.213,81.24,Ineffective
R02417,2,4,2,53.27,-0.0284,0.7554,1.08,1,1.937,19.48,0,0,0,0,27.1,door,52.51,7.21,0.8001,1,0,9.459,90.31,Harmful
R02418,2,1,1,30.381,-2.8553,-1.3381,1.238,0,2.677,20.516,1,0,0,0,185.7,door,26.9,9.14,0.4792,1,1,-4.361,73.58,Ineffective
R02419,2,1,1,10.309,0.0102,-0.7341,1.855,1,13.379,19.84,0,0,0,1,54.9,valve,51.68,5.47,0.8269,0,0,1.997,0.0,Inconsistent
R02420,2,1,1,10.809,3.1807,1.3002,2.943,1,-22.518,19.334,0,0,0,0,25.5,fan,59.55,13.3,0.6082,1,0,19.76,97.62,Harmful
R02421,4,3,1,15.879,1.3954,0.1223,1.091,1,-14.274,18.344,1,1,0,0,138.1,door,31.55,3.55,0.6279,1,1,2.024,84.44,Harmful
R02422,1,2,1,20.551,2.4409,0.1025,2.837,1,-4.189,19.041,0,0,0,0,95.1,pump,31.78,13.93,0.6723,0,0,12.42,88.56,Harmful
R02423,4,3,1,32.302,0.4523,0.2309,0.774,1,-19.992,20.346,1,0,0,1,223.3,damper,52.57,11.06,0.6245,0,0,5.45,34.67,Inconsistent
R02424,2,1,1,46.181,-1.5568,1.1259,0.516,1,-4.076,20.982,0,0,0,0,227.4,door,38.01,13.65,0.8312,0,0,15.769,89.62,Harmful
R02425,3,2,1,15.27,-0.3087,0.5655,1.69,1,-4.895,20.025,0,0,0,1,184.6,damper,51.6,2.08,0.6836,1,0,7.195,32.43,Inconsistent
R02426,1,3,2,59.596,0.297,-0.8431,2.934,0,1.307,20.161,0,0,0,1,64.7,valve,45.11,14.12,0.7815,1,0,-1.973,23.76,Inconsistent
R02427,2,1,1,13.884,0.1376,-0.8071,1.558,0,-0.853,19.798,0,0,0,0,230.5,fan,28.73,2.82,0.9477,0,1,-7.506,100.0,Protective
R02428,4,3,1,37.966,-0.1104,-0.2951,2.44,0,16.04,20.068,0,0,0,0,50.1,valve,42.28,18.51,0.8383,0,1,-18.737,93.33,Protective
R02429,2,1,1,56.092,0.2698,0.7022,1.523,1,8.595,17.973,0,0,0,1,70.3,pump,11.4,16.28,0.3874,1,0,-1.614,33.44,Inconsistent
R02430,1,4,3,50.788,1.7397,0.3645,2.58,1,-1.065,18.695,0,0,0,0,114.9,pump,35.07,4.23,0.7818,1,1,2.653,99.05,Harmful
R02431,3,2,1,40.634,-0.6013,-0.2245,2.476,0,-4.999,19.224,1,0,0,0,195.2,door,14.48,12.01,0.5214,0,0,-6.888,89.82,Protective
R02432,1,3,2,44.352,1.1078,0.4463,2.121,1,-0.713,19.198,1,0,0,0,46.2,pump,37.58,19.22,0.5737,0,1,6.941,94.6,Harmful
R02433,2,1,1,12.381,0.0953,-0.1362,1.923,0,-0.448,19.389,0,0,0,0,49.9,door,50.61,6.37,0.6937,0,0,-8.24,100.0,Protective
R02434,2,4,2,5.531,-0.4685,-0.8804,1.651,0,37.781,20.894,0,0,0,1,104.6,door,18.01,3.31,0.9462,1,0,-2.677,32.08,Inconsistent
R02435,3,2,1,28.878,-0.0813,1.5071,2.879,1,-21.863,20.421,1,0,0,1,135.9,pump,29.77,9.61,0.8904,1,1,7.516,54.07,Harmful
R02436,3,2,1,9.924,0.3727,-0.0823,1.761,1,-13.894,20.311,0,0,0,0,30.8,damper,37.31,4.49,0.7944,0,0,14.551,100.0,Harmful
R02437,3,2,1,24.676,2.6736,0.5292,1.144,1,-16.094,20.321,0,0,0,0,51.2,pump,20.1,16.0,0.5877,0,0,7.951,82.83,Harmful
R02438,4,2,2,17.306,1.9124,-1.6603,2.67,1,4.039,20.173,1,0,0,1,85.4,fan,11.65,18.42,0.453,1,1,-0.671,10.27,Inconsistent
R02439,1,3,2,55.399,1.8204,0.1848,2.048,1,3.445,19.717,0,0,0,0,33.4,damper,10.07,10.09,0.8627,0,0,2.233,100.0,Harmful
R02440,2,3,1,53.403,-0.8865,-1.1996,1.763,0,-8.596,18.026,0,0,0,0,175.1,valve,22.77,19.96,0.8977,1,0,-16.498,90.81,Protective
R02441,1,3,2,50.042,-1.5377,-1.079,2.11,0,13.442,20.423,1,0,0,0,55.5,damper,25.34,5.42,0.6374,1,1,-8.31,94.96,Protective
R02442,1,3,2,44.267,1.8965,2.8222,1.177,1,5.545,18.119,0,0,0,0,256.1,damper,33.24,18.52,0.8188,1,0,12.461,85.82,Harmful
R02443,1,3,2,13.474,1.7048,0.6495,1.378,1,14.072,19.9,1,0,1,0,69.3,fan,52.42,7.82,0.5698,1,0,-9.273,81.69,Inconsistent
R02444,3,2,1,7.66,0.9372,1.626,0.748,1,18.052,17.444,1,1,0,0,86.5,door,30.82,18.23,0.4094,1,1,11.387,79.76,Harmful
R02445,4,3,1,40.964,0.4295,1.2553,2.594,1,-31.966,19.189,0,1,0,1,365.4,valve,14.17,18.28,0.5347,1,0,3.782,20.94,Inconsistent
R02446,4,1,3,40.324,-1.5639,0.8832,2.064,0,10.284,18.275,1,1,0,1,128.1,valve,26.33,8.28,0.4916,1,0,2.564,25.87,Inconsistent
R02447,3,1,2,25.318,0.7674,-0.2991,2.508,0,-19.351,19.818,0,0,0,0,77.3,door,25.3,2.37,0.7375,0,0,-2.015,89.93,Ineffective
R02448,4,3,1,30.998,1.0861,1.5064,1.089,0,3.741,20.421,1,0,0,0,109.6,pump,38.49,7.45,0.9705,1,0,-8.535,95.03,Protective
R02449,1,4,3,31.903,0.1209,1.2467,2.987,1,-1.093,17.062,0,1,0,0,136.9,pump,42.43,9.85,0.8239,1,0,5.223,90.9,Harmful
R02450,4,3,1,18.196,0.0374,0.4413,1.2,1,-0.453,17.457,0,0,0,0,444.4,valve,10.03,19.71,0.8802,1,1,5.493,88.14,Harmful
R02451,4,3,1,22.279,1.1411,0.1633,1.19,0,-18.069,20.702,1,1,0,0,101.6,valve,36.99,14.41,0.7009,0,1,-5.132,84.22,Protective
R02452,1,4,3,28.011,-0.7419,-0.2367,2.89,0,15.457,17.957,1,0,0,1,44.4,valve,22.31,13.43,0.9698,1,0,-7.737,31.45,Inconsistent
R02453,2,1,1,38.175,1.6791,-0.0478,2.034,0,-19.357,19.923,1,0,0,0,166.3,damper,48.08,13.61,0.6698,1,1,-19.702,95.59,Protective
R02454,4,2,2,57.57,0.6909,0.3564,2.814,1,11.258,20.25,1,0,0,0,48.9,door,26.87,9.13,0.5699,0,0,9.024,87.5,Harmful
R02455,2,3,1,34.617,-0.4866,0.2815,1.945,0,-21.478,19.962,1,0,0,0,229.8,valve,55.79,14.41,0.7652,1,1,-13.266,79.81,Protective
R02456,4,2,2,45.214,0.8451,2.14,0.89,1,-0.268,17.128,0,0,0,0,21.5,valve,29.87,7.03,0.6578,1,0,6.248,92.77,Harmful
R02457,4,3,1,49.385,0.4134,-0.8052,1.294,1,27.066,19.942,1,1,1,0,61.2,damper,27.52,15.54,0.5446,1,1,3.557,78.61,Inconsistent
R02458,2,3,1,11.243,1.0262,1.0424,2.605,0,35.424,20.846,0,0,0,0,83.8,damper,16.72,13.73,0.4053,1,1,-1.168,73.17,Ineffective
R02459,1,4,3,40.922,1.6858,0.0318,1.57,1,-24.281,18.475,0,0,0,0,113.7,door,18.74,15.43,0.7492,0,1,-0.15,96.19,Ineffective
R02460,2,4,2,31.516,0.9881,1.1697,2.185,0,-10.568,19.841,0,0,0,0,138.5,pump,43.7,4.72,0.6235,0,0,-1.607,70.99,Ineffective
R02461,1,4,3,36.484,0.9845,0.0666,0.666,1,-7.84,18.106,1,0,0,0,178.0,pump,38.57,11.94,0.8107,1,0,13.056,92.45,Harmful
R02462,2,3,1,7.113,0.3436,0.8128,1.319,1,33.826,20.99,0,1,0,0,426.1,pump,37.51,5.45,0.9187,1,1,6.838,94.57,Harmful
R02463,3,2,1,54.842,0.7909,0.2412,2.55,1,-1.025,17.833,0,0,0,0,142.7,damper,16.65,7.61,0.8842,0,0,8.034,100.0,Harmful
R02464,2,4,2,57.403,-0.5257,-1.8306,2.835,0,16.12,18.222,0,0,0,0,21.5,fan,15.29,16.25,0.707,0,1,-8.377,80.42,Protective
R02465,1,3,2,5.192,1.3666,1.639,1.108,0,4.496,17.672,0,0,0,0,61.1,valve,31.91,9.51,0.4072,1,0,3.103,81.24,Ineffective
R02466,2,4,2,16.704,1.8023,-0.5428,0.683,1,-17.988,20.821,0,0,0,1,294.7,pump,57.67,2.9,0.2731,1,0,6.056,31.66,Inconsistent
R02467,3,1,2,14.911,0.7085,0.4839,0.266,1,-27.897,19.286,0,0,0,1,183.9,fan,31.02,18.06,0.7235,1,0,4.27,29.14,Inconsistent
R02468,1,4,3,47.972,-0.1265,-0.6524,0.557,1,-9.196,17.988,1,0,1,0,59.2,fan,55.19,3.93,0.8178,1,1,-0.324,87.2,Inconsistent
R02469,1,2,1,37.894,2.3408,-0.937,2.54,1,34.753,17.538,1,1,0,0,197.3,fan,58.38,10.95,0.6966,1,0,12.567,100.0,Harmful
R02470,4,3,1,14.753,0.0367,-0.3049,1.476,0,3.864,20.499,0,0,0,0,235.1,fan,15.55,10.56,0.9842,1,0,-0.398,87.6,Ineffective
R02471,1,4,3,49.768,0.6698,-0.1935,1.017,1,15.816,17.251,0,0,0,0,61.2,valve,56.22,9.18,0.613,1,1,5.658,89.65,Harmful
R02472,2,3,1,24.441,2.3497,-0.7688,2.372,1,-21.274,19.573,1,0,0,0,312.7,valve,46.07,2.09,0.6806,1,1,5.91,89.45,Harmful
R02473,1,2,1,30.347,0.2901,0.3646,2.422,1,-4.878,19.441,0,0,0,0,61.8,valve,14.76,6.57,0.9281,0,0,3.039,100.0,Harmful
R02474,1,3,2,26.302,-0.4189,-1.5819,1.214,0,11.683,20.087,0,0,0,0,131.0,fan,46.39,4.8,0.6312,0,0,-8.221,86.22,Protective
R02475,2,1,1,33.676,-0.3308,0.0255,2.724,0,-16.368,19.727,0,0,0,0,104.5,fan,34.66,4.94,0.7042,0,0,-6.513,78.59,Protective
R02476,3,2,1,31.408,-1.4166,-0.2273,1.497,0,-0.96,20.346,0,0,0,0,88.1,pump,16.99,4.28,0.7586,1,1,-9.68,90.17,Protective
R02477,1,4,3,20.102,0.2157,-2.5804,0.931,0,-13.196,17.152,0,0,0,0,318.1,damper,21.91,16.83,0.2552,0,0,-5.465,63.35,Protective
R02478,1,4,3,28.351,-0.8623,-0.6231,2.719,0,12.397,18.721,0,0,0,0,416.1,fan,45.42,3.82,0.8523,0,0,-6.687,86.46,Protective
R02479,1,3,2,54.959,0.2293,0.8684,0.628,1,5.978,17.324,1,0,0,0,150.5,damper,25.96,7.99,0.6138,1,0,7.376,89.15,Harmful
R02480,3,1,2,32.659,-0.8044,-1.1635,2.989,0,10.251,18.621,0,0,0,0,363.6,damper,57.6,12.44,0.6389,1,1,-8.546,79.25,Protective
R02481,4,1,3,55.401,-0.6871,0.4118,1.917,0,13.066,19.243,0,0,0,0,163.3,damper,51.01,2.74,0.5778,1,0,3.878,82.66,Ineffective
R02482,1,3,2,35.257,-0.0389,0.8327,2.763,1,-3.415,19.375,0,0,0,0,274.8,fan,37.7,11.45,0.6417,1,1,5.587,76.99,Harmful
R02483,2,3,1,47.285,0.1472,-1.1177,0.701,0,15.048,20.699,1,1,0,0,44.6,damper,41.29,10.35,0.4333,1,0,-6.096,100.0,Protective
R02484,2,3,1,21.148,-0.2556,-0.1123,1.29,0,-8.848,20.687,0,0,1,1,109.6,fan,55.95,17.45,0.6243,0,0,-0.287,50.18,Inconsistent
R02485,2,1,1,48.473,-0.052,0.725,2.645,0,9.386,18.239,0,0,1,0,207.9,valve,26.03,4.09,0.7588,0,0,-11.821,80.79,Inconsistent
R02486,1,4,3,19.538,3.1538,-0.4764,2.544,1,-29.564,19.796,1,0,0,0,198.6,valve,50.45,3.05,0.5863,1,1,3.472,77.69,Harmful
R02487,1,3,2,6.075,0.6444,0.1942,2.641,1,-11.195,19.851,0,0,1,0,34.8,pump,32.44,4.65,0.7904,1,0,-4.698,97.19,Inconsistent
R02488,3,4,1,13.84,0.5049,1.0502,0.985,0,34.737,20.829,0,0,0,0,41.7,pump,53.57,10.57,0.437,0,1,-3.974,71.35,Ineffective
R02489,2,3,1,6.191,1.5187,-0.4576,1.929,1,9.165,17.336,0,1,0,1,171.9,damper,13.26,3.89,0.699,1,0,6.948,10.76,Inconsistent
R02490,2,3,1,57.088,0.7371,0.8592,1.291,1,9.17,19.469,0,0,0,0,39.9,door,45.9,13.08,0.5397,1,0,23.554,93.62,Harmful
R02491,2,1,1,59.999,1.0738,-0.6792,1.098,1,-12.358,18.629,0,0,1,0,42.0,door,50.43,16.28,0.7131,0,0,21.821,98.65,Inconsistent
R02492,4,1,3,46.923,0.8207,0.239,1.656,1,-16.413,18.389,1,1,0,0,75.3,valve,40.66,12.0,0.6076,0,0,-6.613,90.52,Protective
R02493,3,4,1,10.947,0.1026,0.3467,2.202,0,-3.965,19.47,0,0,1,0,43.8,valve,24.68,8.45,0.7095,0,1,-8.466,91.66,Inconsistent
R02494,2,1,1,54.442,-0.6865,-2.5045,1.652,0,-1.007,18.118,0,1,0,0,68.5,valve,17.4,10.04,0.7535,0,1,-8.044,100.0,Protective
R02495,1,4,3,45.908,-0.5942,-0.6343,0.845,0,28.717,17.143,1,1,0,0,57.1,pump,46.95,6.36,0.5472,0,0,-6.739,79.62,Protective
R02496,4,3,1,23.273,0.8169,0.8293,2.461,1,15.284,20.111,0,0,0,0,148.5,fan,16.41,17.34,0.8319,0,1,9.507,87.71,Harmful
R02497,4,1,3,32.625,-1.1719,0.6258,2.938,1,1.634,17.347,1,1,0,0,70.2,valve,52.22,7.82,0.7293,1,1,4.728,100.0,Harmful
R02498,1,3,2,41.397,2.2961,-0.1224,1.216,1,0.986,18.313,0,1,0,0,320.8,valve,35.06,17.46,0.8417,0,0,1.085,88.2,Harmful
R02499,4,1,3,6.323,2.9609,-0.7046,2.578,1,11.372,19.38,0,0,0,0,137.0,door,29.1,19.39,0.4537,0,1,8.638,86.96,Harmful
R02500,3,2,1,32.585,0.0704,0.5285,2.619,0,-19.782,19.495,1,0,0,0,60.3,door,21.83,6.6,0.443,0,0,-6.147,85.51,Protective
R02501,1,2,1,45.282,1.4655,0.0776,0.929,1,-28.82,19.665,1,0,1,0,355.1,valve,10.82,17.44,0.902,0,0,8.246,100.0,Inconsistent
R02502,4,3,1,15.352,1.8811,0.9453,2.175,1,11.151,20.978,1,0,0,0,209.6,valve,55.26,17.06,0.7351,1,0,-4.33,85.08,Ineffective
R02503,1,3,2,29.408,-1.4247,0.2802,2.828,0,1.08,18.606,0,0,0,1,34.0,pump,40.22,13.0,0.7886,1,0,-7.141,59.68,Protective
R02504,1,4,3,34.289,0.8283,-0.5474,2.272,0,-19.682,17.55,1,0,0,1,340.7,fan,45.04,17.01,0.9684,0,1,-0.241,7.68,Inconsistent
R02505,1,3,2,45.456,0.3736,1.4726,0.284,1,-31.423,17.552,0,0,1,0,32.3,valve,58.68,9.66,0.4553,1,0,7.521,87.66,Inconsistent
R02506,2,3,1,58.045,2.1907,-0.6943,1.893,0,13.408,19.041,1,0,0,0,48.8,valve,20.93,12.85,0.7619,1,1,-4.464,100.0,Ineffective
R02507,3,2,1,51.655,0.6117,1.5905,2.38,1,-7.823,18.535,0,0,0,0,400.3,door,13.14,9.3,0.8337,1,0,8.448,93.23,Harmful
R02508,2,4,2,39.184,0.8082,1.2213,1.931,0,6.004,20.653,0,0,0,0,40.4,pump,34.24,19.98,0.4608,1,1,-7.312,89.39,Protective
R02509,1,3,2,37.1,-0.2784,0.9501,0.28,0,-3.956,19.044,0,0,0,0,219.9,pump,31.05,11.57,0.4208,1,1,-5.353,86.29,Protective
R02510,1,3,2,38.175,2.9967,0.2194,0.536,1,-0.514,18.808,0,1,0,0,37.0,fan,13.19,6.27,0.5395,1,0,9.442,83.11,Harmful
R02511,4,2,2,34.985,0.2876,2.9471,2.445,1,-8.884,20.449,0,0,0,0,54.8,door,33.62,14.06,0.4834,0,1,10.968,91.61,Harmful
R02512,4,2,2,8.265,1.9651,0.5518,1.567,1,-1.148,20.184,0,1,0,0,138.8,pump,37.07,15.64,0.6851,0,0,5.544,100.0,Harmful
R02513,4,1,3,43.406,0.5267,0.1411,2.882,0,8.656,19.856,0,0,0,0,82.0,fan,15.84,17.5,0.6906,1,0,1.434,86.03,Ineffective
R02514,1,2,1,44.399,1.2043,0.3779,1.362,1,-4.136,19.109,1,0,0,0,270.9,pump,44.76,2.23,0.4816,0,0,4.76,92.68,Harmful
R02515,4,1,3,33.186,0.129,-1.2298,2.501,0,-4.992,17.939,0,0,0,0,65.3,valve,27.29,15.45,0.7275,1,1,-4.688,92.71,Ineffective
R02516,3,4,1,52.871,0.133,1.6951,0.299,1,9.113,19.27,0,1,0,0,23.6,fan,38.22,11.55,0.2914,1,0,6.891,84.77,Harmful
R02517,3,2,1,41.984,-1.7861,-0.1724,2.555,1,10.113,17.463,1,0,0,0,101.3,valve,41.85,15.08,0.7528,0,0,-17.703,74.39,Protective
R02518,1,2,1,24.947,1.8744,1.3196,2.605,1,-17.062,19.147,0,1,0,0,122.4,door,27.91,11.49,0.8604,0,1,5.21,85.36,Harmful
R02519,4,1,3,6.083,0.3112,1.5596,1.214,1,-0.434,20.406,0,0,0,0,184.3,damper,46.77,7.93,0.8779,0,0,4.105,92.59,Harmful
R02520,2,3,1,8.254,1.9696,1.0033,1.066,1,-7.856,19.06,1,0,0,0,85.6,damper,42.76,2.63,0.7961,1,1,9.594,100.0,Harmful
R02521,1,4,3,24.349,0.2517,-0.792,2.748,0,0.206,17.274,1,1,0,0,59.2,damper,12.88,7.77,0.6036,0,1,2.776,85.05,Ineffective
R02522,1,3,2,30.416,1.1003,-0.4411,2.378,0,21.51,17.125,0,0,0,0,44.4,pump,16.71,13.81,0.3168,0,1,-0.273,76.87,Ineffective
R02523,2,3,1,14.178,1.6019,-2.2771,1.874,1,5.385,20.442,0,0,0,1,138.6,door,12.24,2.17,0.9572,1,0,2.495,54.93,Harmful
R02524,1,3,2,15.413,-2.5647,-0.2165,1.422,0,32.464,17.897,0,0,0,0,713.1,pump,53.48,18.59,0.533,1,0,-6.396,87.01,Protective
R02525,2,3,1,17.662,1.4149,1.2027,2.754,1,3.294,19.103,0,0,0,0,160.8,damper,27.46,9.19,0.8722,0,1,12.059,100.0,Harmful
R02526,2,3,1,47.928,-0.4437,-0.3375,2.292,0,-2.497,20.107,0,0,0,0,24.7,valve,36.54,3.13,0.8609,0,1,-8.479,94.37,Protective
R02527,4,1,3,47.421,1.965,-0.1901,1.367,1,-0.295,18.013,0,0,0,0,94.0,valve,36.42,17.88,0.9184,1,0,5.049,95.98,Harmful
R02528,1,4,3,26.062,0.4912,-0.3977,1.591,0,2.139,19.95,1,0,0,0,35.9,pump,33.65,5.25,0.471,0,1,-0.813,70.74,Ineffective
R02529,3,4,1,14.48,1.403,1.6154,0.476,1,4.843,17.301,1,0,0,1,55.2,valve,29.98,3.05,0.8418,1,0,10.166,13.26,Inconsistent
R02530,4,2,2,11.1,0.5278,0.3456,2.47,1,-14.88,19.994,0,0,0,0,116.2,pump,27.27,3.41,0.7969,1,0,4.887,85.41,Harmful
R02531,4,3,1,9.792,-1.0126,1.7579,2.557,0,-3.497,17.256,1,0,0,0,132.0,valve,22.96,11.5,0.5431,1,1,-4.217,83.95,Ineffective
R02532,4,3,1,26.52,0.3671,-0.1707,1.196,1,-10.866,18.109,1,0,0,0,121.6,fan,21.82,7.15,0.5401,1,0,5.851,94.62,Harmful
R02533,1,3,2,7.505,-0.9999,0.6172,1.067,1,15.444,18.027,0,0,0,0,206.7,door,42.3,17.15,0.7782,0,0,4.808,87.68,Harmful
R02534,4,1,3,23.35,0.2097,-0.0334,0.906,1,-28.885,20.566,1,0,0,0,130.4,damper,45.13,11.82,0.5166,0,0,-0.227,76.97,Ineffective
R02535,4,2,2,57.884,-1.5642,1.9745,0.686,0,2.354,19.138,0,0,0,0,178.3,door,22.18,7.01,0.5951,1,1,-5.758,83.16,Protective
R02536,2,3,1,32.913,-0.6377,0.5797,2.854,1,-22.773,20.372,1,0,0,0,288.3,valve,16.84,12.52,0.9514,0,0,5.153,90.22,Harmful
R02537,2,4,2,50.245,0.9165,2.5281,2.325,1,6.484,19.329,0,0,0,0,60.3,valve,48.6,18.99,0.604,1,0,-2.862,87.49,Ineffective
R02538,3,4,1,12.11,0.434,-0.5201,1.414,0,-5.984,20.228,0,0,0,0,78.4,door,13.69,17.52,0.3964,1,0,-3.582,82.54,Ineffective
R02539,2,4,2,19.744,-0.1318,1.4276,0.508,0,-27.252,19.205,0,0,0,1,217.1,damper,37.58,4.46,0.5056,0,0,-1.202,36.24,Inconsistent
R02540,2,4,2,57.06,0.3012,0.518,0.59,1,14.133,18.8,0,0,0,0,271.5,fan,34.29,17.69,0.8486,1,1,10.873,83.09,Harmful
R02541,4,3,1,26.095,-1.0474,0.7367,2.187,0,-37.746,19.632,0,0,0,0,144.1,fan,44.82,8.59,0.568,0,1,-16.105,96.1,Protective
R02542,4,2,2,40.662,0.4828,-0.8197,0.769,1,-0.471,18.146,1,0,0,0,79.4,door,49.81,8.92,0.6295,0,1,3.863,82.98,Harmful
R02543,2,1,1,58.687,-0.0222,0.7484,1.174,1,10.368,20.675,1,0,0,0,74.3,fan,56.1,11.07,0.847,0,0,36.646,97.31,Harmful
R02544,4,2,2,35.293,0.7372,-0.6691,2.88,1,20.651,20.633,0,0,0,1,168.8,pump,23.69,15.83,0.958,0,0,-0.228,50.45,Ineffective
R02545,2,1,1,21.794,-1.6215,0.1571,1.827,0,-24.152,17.291,0,0,0,0,173.6,valve,11.92,9.61,0.7971,1,0,-1.481,83.99,Ineffective
R02546,4,2,2,34.257,0.6013,-1.6184,2.463,0,-7.74,20.667,0,0,0,0,331.5,fan,38.47,13.9,0.8477,0,1,-9.627,96.7,Protective
R02547,3,2,1,8.005,0.233,0.3059,0.491,1,16.255,17.727,0,0,0,0,31.2,fan,29.15,5.06,0.6547,1,0,6.87,96.19,Harmful
R02548,2,4,2,11.18,1.1763,1.4956,1.125,1,17.269,19.725,0,0,0,0,72.6,door,32.2,7.31,0.8263,0,1,8.88,100.0,Harmful
R02549,1,4,3,5.394,1.6872,0.9476,2.708,1,19.211,20.292,0,0,0,0,111.9,valve,52.04,19.06,0.8488,1,1,2.09,100.0,Harmful
R02550,3,1,2,53.632,1.1279,-0.834,2.469,1,38.424,17.965,0,0,0,0,80.3,valve,28.05,9.56,0.8994,1,0,4.013,81.99,Harmful
R02551,2,4,2,41.92,1.5991,-1.4984,2.226,1,-7.63,17.451,0,0,0,0,157.0,damper,36.97,15.07,0.5669,1,0,3.892,89.55,Harmful
R02552,1,3,2,21.408,-2.1666,0.3969,1.845,0,5.586,20.025,0,0,0,0,373.1,valve,16.78,3.43,0.7529,0,0,-6.271,86.71,Protective
R02553,1,4,3,17.164,0.3071,1.9812,0.953,1,-5.188,18.77,1,1,0,0,151.1,fan,49.63,2.55,0.4782,1,1,7.368,76.21,Harmful
R02554,4,2,2,42.569,1.0031,-1.0639,1.839,0,-29.627,18.947,1,0,0,0,123.7,door,34.49,2.95,0.6302,0,1,-4.804,82.89,Ineffective
R02555,1,2,1,55.574,1.3092,2.4974,0.342,1,-1.35,20.047,1,0,0,0,155.4,pump,26.3,14.63,0.9479,0,1,10.49,87.89,Harmful
R02556,4,3,1,21.453,2.6485,0.3935,0.766,1,-29.915,18.015,0,0,0,0,120.6,pump,31.86,3.02,0.2975,0,0,8.728,83.21,Harmful
R02557,4,3,1,22.686,2.5044,-1.5587,1.651,1,-7.812,17.389,0,0,0,1,31.6,door,21.99,12.84,0.8946,1,0,13.445,42.59,Inconsistent
R02558,1,2,1,51.983,0.1996,-1.6609,0.206,0,-22.022,20.831,0,0,0,0,90.4,door,38.12,6.51,0.7549,0,0,-13.898,92.06,Protective
R02559,3,2,1,54.136,0.548,1.1699,0.85,1,6.583,19.799,1,0,0,0,104.2,valve,21.28,4.53,0.6907,1,0,3.093,77.01,Harmful
R02560,3,1,2,55.272,-0.1584,0.5296,0.626,1,-11.678,19.609,1,0,0,0,157.9,door,27.93,14.47,0.5343,1,0,5.539,83.44,Harmful
R02561,2,3,1,21.123,0.3242,1.8822,1.167,1,-26.778,18.332,1,1,0,0,793.0,damper,14.33,11.79,0.7063,1,0,3.268,63.83,Harmful
R02562,3,1,2,11.617,-0.5082,-1.2981,2.603,0,12.985,20.983,0,0,0,0,25.4,door,25.01,18.04,0.6452,0,1,-2.504,100.0,Ineffective
R02563,2,1,1,29.2,-0.6932,0.0185,2.853,0,-9.056,17.89,1,0,0,1,82.9,fan,29.08,15.09,0.7424,0,0,-9.403,39.54,Inconsistent
R02564,2,3,1,21.267,-0.1183,0.4068,0.662,1,-6.482,17.712,1,0,0,0,252.2,damper,48.91,7.81,0.8221,1,1,15.663,96.27,Harmful
R02565,2,1,1,53.613,1.2016,0.257,0.847,1,-14.666,18.273,0,0,0,0,113.0,fan,42.43,4.28,0.8859,0,0,14.125,84.1,Harmful
R02566,4,2,2,7.015,2.4966,0.0174,2.571,1,17.236,19.956,0,0,0,0,39.7,door,15.9,13.47,0.4343,1,1,2.748,91.88,Harmful
R02567,3,4,1,39.863,1.7333,0.0373,0.683,1,4.058,17.948,0,0,0,0,152.4,pump,40.1,8.25,0.8532,1,0,10.271,94.67,Harmful
R02568,2,4,2,54.84,-0.4224,0.0746,2.276,0,-9.196,18.251,0,1,0,0,188.8,fan,32.13,4.98,0.9016,1,0,-1.474,91.9,Ineffective
R02569,4,2,2,58.717,1.814,0.7026,0.439,1,-28.711,19.119,0,0,0,1,129.8,valve,30.78,12.31,0.7897,1,1,5.889,46.49,Harmful
R02570,4,3,1,40.757,0.2467,0.1526,2.015,0,37.66,19.6,0,0,0,1,21.8,damper,15.2,13.91,0.6125,0,0,-0.205,4.4,Inconsistent
R02571,4,3,1,57.246,-0.1407,1.106,0.944,0,29.691,17.597,0,0,0,0,129.0,pump,39.23,7.14,0.3794,0,0,-1.166,82.64,Ineffective
R02572,3,4,1,9.161,-0.2031,-1.3013,2.299,0,21.647,19.619,1,0,0,0,106.6,fan,18.73,14.99,0.687,1,1,4.538,87.46,Ineffective
R02573,2,1,1,24.76,0.6001,-1.4117,1.654,1,-10.548,18.524,0,1,0,0,402.8,valve,23.96,3.23,0.6396,1,1,-0.815,77.42,Ineffective
R02574,4,2,2,5.479,0.5511,0.917,0.701,0,-7.514,18.385,1,0,0,1,108.6,pump,50.98,15.13,0.726,0,1,1.34,16.76,Inconsistent
R02575,2,3,1,58.965,0.9397,-0.5435,1.326,1,6.01,17.316,0,0,0,0,41.4,fan,12.87,3.9,0.9403,1,0,9.548,94.27,Harmful
R02576,2,1,1,54.65,0.0716,0.0205,1.64,1,-13.408,20.896,1,0,0,0,109.6,fan,48.98,14.43,0.8447,0,1,25.527,91.22,Harmful
R02577,2,4,2,6.543,-0.8769,-0.7121,2.989,0,-14.841,19.772,0,0,0,0,33.1,door,29.48,9.83,0.8785,1,0,-7.929,99.44,Protective
R02578,4,2,2,5.997,1.1059,-0.2335,1.545,1,21.878,17.4,0,0,0,1,125.5,fan,24.23,4.73,0.6276,1,0,1.286,38.2,Inconsistent
R02579,3,2,1,25.183,1.2287,-1.0583,0.623,1,-0.827,18.465,1,0,0,0,137.5,door,35.22,2.38,0.9977,1,1,-3.031,76.45,Ineffective
R02580,2,3,1,19.22,0.4869,-0.1695,1.755,1,-16.798,17.32,0,0,0,0,46.1,damper,23.28,17.22,0.6762,1,0,3.652,86.84,Harmful
R02581,2,3,1,51.581,-0.332,1.0493,0.817,1,14.29,19.166,1,0,0,0,38.2,pump,52.15,17.84,0.8094,0,0,24.06,93.57,Harmful
R02582,2,1,1,13.827,1.151,-0.1039,2.663,0,-8.608,19.801,0,1,0,0,96.7,pump,12.24,8.66,0.7388,0,1,-3.081,90.8,Ineffective
R02583,3,4,1,48.486,0.9386,0.4045,2.535,0,-29.69,17.226,0,0,0,0,135.2,door,43.54,13.87,0.7269,1,0,-12.826,100.0,Protective
R02584,2,3,1,35.495,-2.0874,-0.5961,0.56,0,-17.022,20.689,1,0,0,0,94.5,valve,50.29,17.65,0.454,1,1,-20.031,77.65,Protective
R02585,3,4,1,25.757,2.1396,1.3028,1.847,1,-7.747,18.497,0,0,0,0,140.0,door,20.73,3.61,0.8385,0,0,8.061,82.63,Harmful
R02586,2,1,1,13.015,0.591,-0.1084,2.15,1,3.299,17.939,1,0,0,0,80.9,valve,48.55,11.11,0.7033,0,0,-4.063,96.97,Ineffective
R02587,2,3,1,59.873,0.99,-1.7086,0.905,1,2.576,17.519,0,0,0,0,255.0,valve,32.55,9.65,0.6735,1,1,8.593,87.11,Harmful
R02588,4,1,3,38.989,1.9382,0.7166,1.954,1,18.417,17.583,1,0,0,0,27.9,door,59.45,5.88,0.6457,1,1,5.938,97.04,Harmful
R02589,2,4,2,29.166,1.5525,0.6674,1.496,0,-3.555,20.399,0,0,0,1,900.0,door,28.84,6.51,0.7175,1,0,3.297,0.0,Inconsistent
R02590,1,2,1,25.412,0.9029,-0.6592,1.55,0,-6.985,18.92,0,0,0,0,94.5,fan,26.1,18.52,0.7225,0,0,-7.615,86.32,Protective
R02591,2,4,2,54.815,0.141,1.0992,1.744,0,18.676,20.194,0,0,0,0,219.9,pump,54.65,14.51,0.5607,0,0,-3.174,87.89,Ineffective
R02592,3,1,2,50.166,-1.4756,-0.9507,1.796,0,14.681,17.908,0,0,0,0,20.7,door,42.98,13.24,0.7778,1,1,-15.168,89.37,Protective
R02593,1,3,2,49.615,-1.2262,1.0707,2.187,1,-3.202,18.272,0,0,0,0,33.2,valve,48.59,13.65,0.9679,1,0,5.102,100.0,Harmful
R02594,2,4,2,38.891,0.7782,1.6448,1.467,0,4.38,18.65,0,0,0,1,392.7,pump,30.79,9.44,0.8617,0,0,8.805,2.29,Inconsistent
R02595,1,4,3,53.838,1.242,-0.0633,2.223,0,-7.13,18.818,1,0,0,0,33.4,valve,34.61,16.18,0.9394,0,1,6.954,100.0,Harmful
R02596,3,1,2,21.46,-0.9146,-0.3265,1.561,0,-17.432,17.391,0,0,0,0,55.8,door,59.11,15.42,0.692,1,0,-8.73,88.15,Protective
R02597,3,1,2,43.704,0.5302,0.2943,2.056,1,32.959,17.18,0,0,0,0,117.6,pump,37.01,9.85,0.8247,1,1,7.807,95.85,Harmful
R02598,4,1,3,27.245,-0.6573,1.5283,0.937,0,-8.128,20.984,1,0,0,0,152.4,pump,47.33,4.64,0.9062,1,0,-0.962,87.86,Ineffective
R02599,2,3,1,38.0,0.2161,0.8028,1.717,1,4.425,19.666,1,0,0,0,126.2,fan,58.97,3.75,0.7092,0,1,16.517,87.27,Harmful
R02600,4,1,3,59.898,0.975,2.0442,1.51,0,-22.73,17.219,0,0,0,1,102.5,fan,46.33,16.31,0.7785,1,1,2.18,34.04,Inconsistent
R02601,1,2,1,59.149,0.1184,0.1793,1.046,0,11.047,20.09,1,1,0,0,233.0,pump,45.73,14.65,0.8782,0,0,-6.916,86.93,Protective
R02602,4,1,3,33.194,-0.3292,-0.7538,0.374,0,-18.088,18.444,0,1,0,0,329.0,fan,15.78,10.1,0.7696,1,1,-6.499,86.64,Protective
R02603,3,4,1,36.562,3.4575,-0.1835,1.629,1,25.169,20.186,1,1,0,0,277.6,valve,20.59,4.45,0.9571,0,0,9.475,100.0,Harmful
R02604,4,1,3,54.353,-0.6344,0.4616,0.227,1,26.961,20.799,0,0,0,0,149.8,door,49.1,15.92,0.8769,0,0,12.564,87.58,Harmful
R02605,4,1,3,59.21,0.4479,-2.1413,1.292,0,8.485,17.106,0,1,0,0,454.0,damper,59.14,8.46,0.8061,1,1,-1.213,91.03,Ineffective
R02606,3,1,2,47.823,-1.149,-0.575,1.238,0,1.723,20.857,0,0,0,1,209.9,fan,31.69,15.98,0.6701,0,1,-11.641,33.62,Inconsistent
R02607,2,3,1,8.585,-0.2574,-0.5528,1.975,0,-2.811,17.663,0,1,0,0,71.0,valve,48.08,14.59,0.3577,0,1,-0.404,71.15,Ineffective
R02608,3,4,1,22.745,0.9486,0.6398,2.965,1,-0.713,18.189,0,0,0,1,68.3,fan,10.56,18.74,0.7308,0,0,4.939,22.26,Inconsistent
R02609,4,1,3,54.311,0.7446,1.8418,2.602,0,6.139,19.508,0,0,0,0,42.4,door,16.21,3.22,0.8354,0,1,4.309,100.0,Ineffective
R02610,4,1,3,47.259,-0.3612,-0.0452,2.93,0,1.346,19.864,1,0,0,0,148.5,pump,13.93,13.58,0.5286,1,0,-5.86,93.49,Protective
R02611,4,1,3,45.823,0.4331,-1.5227,2.863,1,14.726,17.681,0,0,0,0,52.2,door,15.3,16.27,0.8417,1,1,-0.876,97.24,Ineffective
R02612,1,3,2,41.736,0.5209,-0.5139,0.408,1,-13.774,17.547,1,0,0,0,280.5,valve,12.89,7.25,0.2823,1,0,2.672,71.85,Harmful
R02613,3,1,2,27.84,-1.18,0.1623,0.989,0,22.921,18.146,0,0,1,0,164.0,door,11.24,15.26,0.7591,0,0,1.614,92.24,Inconsistent
R02614,1,4,3,27.178,1.4323,0.493,1.032,1,-6.34,18.302,1,0,0,1,202.6,pump,43.53,7.36,0.7416,0,1,9.402,28.45,Inconsistent
R02615,3,1,2,49.491,0.1813,1.5245,0.399,0,-11.188,18.273,0,1,0,0,54.2,pump,31.99,13.43,0.9245,0,0,-5.289,88.21,Protective
R02616,4,2,2,21.158,0.3352,0.8601,2.571,0,5.439,17.685,0,1,0,0,181.2,damper,37.11,14.25,0.3664,0,0,-0.667,63.73,Ineffective
R02617,1,4,3,42.666,0.7305,1.3301,2.707,1,6.398,20.883,0,0,0,0,37.4,door,27.04,18.11,0.7268,1,1,0.978,81.17,Ineffective
R02618,3,4,1,44.941,0.6071,0.1829,1.894,1,-26.05,20.192,0,0,0,0,97.0,door,30.05,19.12,0.4227,0,1,7.937,78.15,Harmful
R02619,4,3,1,51.451,1.0756,0.9991,2.695,0,-7.217,20.92,0,0,0,0,27.1,fan,17.99,19.94,0.7988,0,0,-11.096,91.8,Protective
R02620,4,3,1,22.594,0.9218,-0.9959,2.2,0,-32.581,17.415,0,0,0,0,165.1,pump,42.11,14.49,0.7635,0,1,-13.448,87.06,Protective
R02621,2,4,2,45.804,1.3148,0.8683,1.434,0,-10.136,17.302,0,1,0,0,26.5,valve,16.67,12.42,0.8482,1,1,3.104,95.04,Ineffective
R02622,1,4,3,10.857,0.2726,-0.3824,0.62,0,-9.49,19.144,0,0,0,0,90.9,damper,54.06,14.29,0.8751,1,1,-6.171,87.76,Protective
R02623,4,1,3,12.593,1.2527,-1.548,2.884,0,4.462,19.458,1,1,0,0,72.1,damper,24.12,15.45,0.6301,1,0,-4.011,90.28,Ineffective
R02624,4,3,1,27.953,-0.5161,0.4932,2.138,0,-11.817,19.541,0,0,0,0,346.3,damper,23.05,16.68,0.6362,1,1,-6.86,80.64,Protective
R02625,3,1,2,8.037,-0.3009,1.2975,1.192,0,-8.266,17.373,0,1,0,0,92.9,fan,19.85,7.24,0.6848,0,0,1.047,85.99,Ineffective
R02626,4,1,3,57.123,1.9951,-0.0066,0.56,1,19.558,20.375,0,0,0,0,261.4,damper,15.37,14.76,0.8075,1,1,4.232,89.2,Harmful
R02627,1,2,1,54.604,1.6434,1.9628,2.437,1,30.963,18.959,0,0,0,0,343.2,pump,22.54,5.46,0.4905,0,0,6.709,75.22,Harmful
R02628,3,2,1,7.691,0.5095,-1.2559,2.446,1,-13.814,18.473,0,0,0,0,73.9,damper,59.88,3.86,0.1838,0,1,6.639,87.86,Harmful
R02629,1,3,2,51.107,-1.1463,-1.2968,1.72,0,15.289,19.018,0,0,0,0,33.6,fan,11.21,16.28,0.6571,0,0,-3.77,87.13,Ineffective
R02630,4,1,3,32.988,0.596,0.2533,3.0,1,5.817,17.162,0,0,0,0,48.2,fan,34.65,12.44,0.6783,1,1,1.989,89.97,Harmful
R02631,3,1,2,43.608,-0.7849,-0.4708,1.282,0,-26.082,17.86,1,0,0,0,110.4,door,27.72,10.57,0.6659,1,0,-1.743,99.96,Ineffective
R02632,4,3,1,53.781,1.6245,-0.7671,2.838,0,-11.868,20.994,0,0,0,1,44.6,damper,48.91,9.17,0.841,0,0,-3.071,25.36,Inconsistent
R02633,3,1,2,36.734,1.56,0.5337,1.965,1,-45.417,19.21,0,0,0,0,95.7,door,40.76,6.6,0.9009,1,0,11.614,100.0,Harmful
R02634,1,2,1,11.398,0.0341,-0.1286,2.262,1,4.853,17.314,0,0,0,0,98.1,damper,11.5,12.55,0.8667,1,0,2.578,90.93,Harmful
R02635,1,2,1,5.142,-1.145,-0.459,2.768,0,-16.152,18.171,0,0,1,0,130.7,damper,14.01,3.53,0.8329,1,1,-6.656,100.0,Inconsistent
R02636,2,3,1,32.331,0.0217,0.6784,2.527,1,2.009,17.739,0,0,0,0,91.8,valve,42.9,14.54,0.8513,1,0,7.423,90.8,Harmful
R02637,3,2,1,57.208,-0.6588,-0.7675,1.008,0,38.564,20.699,1,0,0,0,169.1,fan,44.51,10.78,0.6035,0,0,-21.994,78.21,Protective
R02638,1,4,3,36.494,0.6333,0.294,2.628,1,23.897,20.225,1,0,0,0,140.3,fan,41.88,13.35,0.6236,0,0,4.928,95.32,Harmful
R02639,4,3,1,25.512,1.9145,-0.2455,1.711,1,-11.505,19.188,0,0,0,0,113.0,pump,42.76,2.57,0.6524,0,0,2.913,100.0,Harmful
R02640,1,3,2,6.701,-1.0665,-1.3056,0.326,0,-15.132,20.807,0,0,0,1,400.2,damper,51.77,8.74,0.9297,1,0,-4.011,46.16,Ineffective
R02641,2,1,1,55.324,3.0895,1.1637,2.087,1,19.395,18.491,1,0,0,0,101.0,door,29.13,9.19,0.803,0,0,15.815,90.57,Harmful
R02642,1,3,2,22.994,-0.1433,2.1078,1.599,1,-15.072,20.46,0,0,0,0,239.4,damper,25.93,12.4,0.9813,1,0,1.945,84.59,Harmful
R02643,2,4,2,43.763,-0.609,1.4646,1.703,1,14.867,18.87,1,1,0,0,213.5,pump,51.04,18.23,0.8638,1,1,-1.969,93.75,Ineffective
R02644,2,3,1,43.183,2.4883,0.7317,1.352,1,41.038,20.395,0,0,0,0,240.1,damper,26.67,14.9,0.6906,1,1,17.424,99.07,Harmful
R02645,1,3,2,18.964,1.2213,-0.7415,0.379,0,10.131,20.603,0,0,0,1,30.3,pump,57.94,16.51,0.8449,0,1,-8.084,41.59,Inconsistent
R02646,3,1,2,8.508,0.6177,0.1131,0.705,1,17.76,18.852,0,0,0,0,31.0,damper,46.03,15.66,0.8811,1,0,9.177,94.07,Harmful
R02647,4,1,3,26.175,1.1813,1.457,2.318,1,16.02,17.712,1,0,0,0,311.5,pump,45.11,5.52,0.8584,0,1,6.956,86.6,Harmful
R02648,4,2,2,22.442,1.2066,-1.8815,0.856,1,-8.356,17.769,1,0,0,0,144.1,damper,55.37,11.24,0.7221,1,1,1.756,92.02,Harmful
R02649,2,1,1,43.514,0.9367,0.0367,1.958,1,4.353,18.155,0,0,0,1,85.4,door,48.33,15.23,0.8398,1,0,10.305,51.84,Harmful
R02650,4,2,2,50.088,-0.4965,1.1341,1.717,1,-14.347,17.892,0,0,0,0,62.0,valve,12.15,11.64,0.6316,0,0,0.231,91.4,Ineffective
R02651,4,2,2,17.234,-2.582,-1.2383,0.82,0,19.349,18.553,1,0,0,0,28.8,fan,32.9,19.09,0.5052,1,0,-13.484,94.58,Protective
R02652,4,1,3,34.053,-0.0447,0.8234,0.986,1,-16.277,19.027,1,1,0,0,325.9,pump,28.9,11.33,0.9126,1,0,6.425,93.88,Harmful
R02653,2,3,1,7.233,1.7162,0.277,1.274,0,10.515,17.348,0,1,0,0,377.1,door,31.27,11.86,0.9022,1,0,-1.861,90.21,Ineffective
R02654,4,1,3,16.784,2.6554,-1.0543,2.665,1,16.976,20.639,0,0,0,0,35.8,damper,24.08,4.16,0.3817,1,0,-3.378,76.23,Ineffective
R02655,3,4,1,46.897,0.5382,0.487,2.836,1,-7.375,17.01,0,0,0,0,25.7,pump,21.07,3.42,0.3869,0,1,3.202,87.31,Harmful
R02656,1,4,3,48.637,-0.158,-0.2174,1.283,1,-10.815,17.553,1,0,0,0,436.3,damper,37.15,3.06,0.887,1,0,-0.28,81.0,Ineffective
R02657,2,1,1,47.702,0.1781,0.3161,0.329,0,-2.545,17.034,0,0,0,0,365.3,valve,47.15,4.69,0.6865,1,0,-10.071,89.56,Protective
R02658,3,1,2,12.831,0.339,0.5698,1.883,0,-13.386,20.946,0,0,0,0,220.0,fan,19.21,14.09,0.7328,1,1,-0.618,93.96,Ineffective
R02659,1,3,2,35.307,1.4007,0.7989,1.369,1,2.346,18.643,0,0,0,0,47.3,damper,23.8,5.21,0.9375,1,0,0.782,87.61,Ineffective
R02660,2,4,2,28.249,-2.627,-0.0274,1.578,0,-13.755,17.784,1,0,0,0,82.5,pump,43.24,3.94,0.5724,0,0,3.929,81.36,Ineffective
R02661,4,2,2,59.532,3.9578,0.6889,1.437,1,-12.668,17.475,0,0,0,1,142.4,door,43.41,13.03,0.7868,1,0,10.611,44.73,Inconsistent
R02662,1,3,2,40.974,1.0325,-1.2761,2.033,0,8.204,18.482,0,0,0,0,115.5,damper,14.31,17.45,0.9105,1,0,-2.54,90.77,Ineffective
R02663,2,4,2,56.436,-0.2979,-0.1308,1.052,0,9.263,20.904,1,0,0,0,285.7,fan,13.88,2.59,0.5534,1,0,-3.166,78.59,Ineffective
R02664,1,4,3,12.994,0.0815,-0.3965,2.699,1,-4.403,19.195,0,1,0,0,114.1,pump,34.87,11.11,0.5571,1,1,5.278,91.76,Harmful
R02665,3,1,2,29.798,1.7873,1.4315,1.379,1,-24.696,18.417,0,0,0,0,182.8,pump,51.84,5.45,0.5089,1,1,5.472,88.33,Harmful
R02666,1,3,2,47.438,1.2954,1.0832,1.157,1,17.563,18.458,0,0,0,0,36.8,damper,21.1,18.46,0.6625,0,1,8.396,95.77,Harmful
R02667,4,2,2,25.232,-0.0079,0.5804,2.784,0,-6.726,17.469,1,0,0,0,179.6,fan,59.92,9.53,0.649,0,0,-6.609,91.97,Protective
R02668,1,2,1,39.788,1.2583,2.1135,1.203,1,30.935,19.068,1,0,0,0,297.5,damper,59.95,13.65,0.747,1,0,25.657,99.54,Harmful
R02669,4,1,3,33.144,-0.2127,-0.43,0.433,0,-1.986,18.697,1,1,0,0,41.7,valve,40.15,9.83,0.7997,0,0,-0.514,92.44,Ineffective
R02670,4,1,3,59.556,1.2019,-0.149,0.635,1,2.037,19.915,0,0,0,0,120.6,fan,58.03,16.72,0.9013,0,0,16.047,99.6,Harmful
R02671,4,2,2,14.563,0.6264,-0.4536,2.2,0,-6.476,17.768,0,0,0,0,160.5,valve,29.64,10.87,0.5918,1,0,0.698,70.16,Ineffective
R02672,4,3,1,56.444,1.1433,-1.2022,1.775,1,3.651,17.549,0,0,0,0,72.5,damper,35.08,19.03,0.6576,1,0,15.326,80.16,Harmful
R02673,1,4,3,27.086,0.1909,-1.6236,1.697,0,52.149,19.326,0,0,0,0,311.2,fan,45.16,8.46,0.6676,1,1,-6.04,89.38,Protective
R02674,4,3,1,30.74,2.1929,1.0211,0.43,1,-5.235,19.968,1,0,0,0,318.7,fan,13.53,14.99,0.6867,1,1,9.212,85.42,Harmful
R02675,3,4,1,34.073,-0.7971,-0.9951,0.659,1,19.145,18.99,1,1,0,0,217.7,fan,48.45,3.6,0.5916,0,0,0.991,84.86,Ineffective
R02676,4,3,1,19.595,0.0021,-0.6749,1.309,1,1.36,20.16,0,1,0,0,68.2,pump,56.83,4.92,0.8052,1,0,-0.496,92.54,Ineffective
R02677,4,3,1,58.001,-0.0734,-0.2017,1.454,0,17.607,20.364,0,0,0,1,115.1,damper,38.51,11.53,0.6987,1,0,5.686,33.41,Inconsistent
R02678,3,1,2,55.132,0.0701,-0.0122,1.254,1,-28.978,20.667,0,0,0,0,240.4,damper,20.95,6.67,0.459,0,1,6.966,74.36,Harmful
R02679,2,3,1,58.51,-0.496,0.7857,1.608,0,29.173,18.513,0,0,0,0,340.2,damper,16.51,3.06,0.3006,1,0,-1.126,74.65,Ineffective
R02680,1,3,2,59.831,1.1877,-0.0395,2.254,0,5.115,20.617,1,0,0,0,142.3,fan,20.89,6.46,0.808,1,0,-6.386,100.0,Protective
R02681,1,4,3,41.839,0.651,-0.3985,1.98,1,-4.016,19.836,1,1,0,1,50.4,damper,20.07,6.88,0.814,1,0,1.233,49.97,Harmful
R02682,2,1,1,29.843,-1.0292,1.3716,1.912,1,13.55,19.5,1,1,0,0,342.5,door,53.01,13.22,0.7496,0,1,-4.987,84.95,Ineffective
R02683,4,2,2,51.79,0.3767,1.1288,1.762,1,2.159,19.215,1,0,0,0,22.3,valve,16.85,4.99,0.5427,0,1,2.745,87.51,Harmful
R02684,3,1,2,6.309,0.8581,-1.011,0.763,1,-17.218,17.079,0,0,1,0,289.2,pump,58.5,18.71,0.7271,1,0,-3.196,81.66,Inconsistent
R02685,2,4,2,50.892,0.8397,0.6523,1.893,1,-36.349,19.241,1,0,0,0,254.1,valve,48.94,7.17,0.7352,0,0,18.671,98.09,Harmful
R02686,1,2,1,32.351,0.456,-0.8151,0.644,0,27.391,20.116,1,0,0,0,91.8,fan,46.62,19.34,0.8949,1,1,-15.294,93.53,Protective
R02687,3,1,2,42.027,1.2744,-0.3414,2.196,1,-3.343,20.953,0,1,0,0,229.8,pump,40.87,9.62,0.5695,1,1,3.911,95.64,Harmful
R02688,3,4,1,25.573,0.6612,2.2695,1.466,1,-9.194,18.732,0,0,0,0,296.0,valve,12.24,15.18,0.7868,0,0,8.206,85.86,Harmful
R02689,4,3,1,25.274,-1.293,0.0243,1.828,0,-8.028,20.961,1,0,0,1,215.3,damper,45.94,14.21,0.5664,1,0,-5.512,21.74,Inconsistent
R02690,3,2,1,6.744,0.3589,0.1825,2.616,1,21.967,17.684,1,0,0,0,73.4,fan,29.13,7.06,0.819,1,0,4.717,93.05,Harmful
R02691,3,1,2,28.308,-0.7228,-0.015,1.245,0,-7.352,20.833,0,0,0,0,412.9,pump,16.18,9.98,0.9289,0,0,0.403,90.91,Ineffective
R02692,4,2,2,27.459,-0.3851,0.7742,0.479,0,9.665,19.359,0,1,1,1,261.1,valve,51.6,6.13,0.8339,0,1,-0.126,7.95,Inconsistent
R02693,2,1,1,17.364,1.4912,-0.3016,2.696,1,-5.019,19.65,0,0,0,0,59.9,pump,26.67,17.92,0.4546,1,1,9.152,85.2,Harmful
R02694,4,2,2,18.603,1.2041,-0.1308,1.222,1,-18.822,19.295,0,0,0,0,47.9,valve,40.12,17.95,0.9103,0,0,5.745,92.29,Harmful
R02695,2,1,1,37.128,0.724,0.5567,1.338,0,13.519,20.931,1,0,0,0,25.1,pump,17.82,8.48,0.8952,1,1,3.448,96.3,Ineffective
R02696,1,3,2,22.477,-0.4841,-1.6164,1.029,0,16.545,17.177,0,0,0,0,83.2,pump,16.4,9.36,0.7651,0,0,-4.122,89.6,Ineffective
R02697,2,3,1,50.664,1.4084,0.8908,1.376,0,-10.19,18.642,0,0,0,0,195.8,door,32.33,7.45,0.8328,0,0,-5.374,79.53,Protective
R02698,1,2,1,11.126,0.5728,-1.7052,1.659,0,-0.566,20.501,0,0,0,0,23.5,door,12.15,7.38,0.9519,1,1,-6.352,95.65,Protective
R02699,1,2,1,36.77,0.9122,0.1542,2.561,1,1.455,17.668,0,0,0,0,36.1,door,40.72,3.57,0.8424,1,1,9.869,100.0,Harmful
R02700,4,2,2,13.802,1.4033,-1.1988,2.216,1,6.677,19.278,1,1,0,0,108.4,door,13.94,13.52,0.5953,0,0,-0.77,86.22,Ineffective
R02701,4,2,2,34.053,-0.7758,-1.1563,1.637,0,29.569,19.094,1,0,0,0,24.4,door,36.14,15.83,0.5854,0,0,-4.122,85.2,Ineffective
R02702,1,3,2,35.39,-2.2088,1.1977,2.339,0,-4.858,20.23,0,1,0,0,204.5,damper,28.03,8.13,0.6218,1,1,-3.137,71.25,Ineffective
R02703,4,1,3,40.326,-0.7067,0.9445,2.574,0,-4.951,20.673,0,1,0,1,76.8,pump,26.18,11.03,0.2821,1,0,3.84,38.44,Inconsistent
R02704,1,4,3,28.508,1.5475,1.5513,0.363,1,-2.63,18.035,0,0,0,0,213.8,valve,48.46,2.4,0.6937,1,0,4.903,89.74,Harmful
R02705,2,4,2,33.021,-0.0198,-1.549,1.858,0,-14.133,19.773,1,0,0,0,128.6,damper,33.71,13.34,0.9762,1,0,-8.61,100.0,Protective
R02706,3,2,1,14.952,0.6632,-0.6511,0.321,1,-25.832,19.191,1,1,0,0,88.2,fan,19.68,7.85,0.5633,1,1,3.143,65.29,Harmful
R02707,2,4,2,30.466,-0.0478,0.7399,1.063,1,2.006,19.651,0,0,0,0,47.3,fan,29.36,4.66,0.6801,0,0,-2.164,100.0,Ineffective
R02708,3,1,2,25.517,-1.1558,1.1153,2.335,1,7.909,17.802,0,0,0,0,86.0,door,29.31,2.2,0.6075,0,0,0.376,92.48,Ineffective
R02709,4,2,2,41.637,2.2248,-0.3995,2.416,1,0.037,18.091,1,0,0,0,288.7,pump,36.45,9.68,0.4917,0,0,7.124,79.79,Harmful
R02710,1,2,1,28.915,-0.3079,-0.6789,2.675,0,-0.941,19.199,1,0,0,0,154.7,door,42.33,14.06,0.6027,0,1,-6.06,81.25,Protective
R02711,1,2,1,47.864,0.3705,-0.7313,1.595,1,-13.481,17.012,1,0,0,0,71.3,valve,25.32,6.32,0.8945,0,1,7.763,100.0,Harmful
R02712,4,2,2,28.43,-0.7716,1.5582,0.436,0,3.786,19.866,0,0,0,0,186.6,fan,25.71,5.02,0.9396,1,0,-7.584,95.25,Protective
R02713,3,2,1,17.967,2.0545,-0.075,0.555,1,2.548,17.646,1,1,0,0,193.1,valve,49.71,13.03,0.7954,1,0,5.208,80.04,Harmful
R02714,3,4,1,20.053,1.6814,0.4313,0.884,1,7.123,20.725,0,0,0,0,803.3,door,19.02,12.68,0.5921,1,1,3.772,78.04,Harmful
R02715,2,4,2,7.491,-0.1672,0.4836,1.242,1,4.855,20.442,0,0,0,0,633.8,pump,42.71,7.49,0.7526,0,0,3.919,82.18,Harmful
R02716,2,1,1,34.696,1.9645,1.5056,1.674,1,5.907,19.493,0,0,0,0,208.2,damper,59.41,17.31,0.8689,0,0,30.686,100.0,Harmful
R02717,3,2,1,50.698,-0.2451,-1.0525,2.009,0,19.782,20.564,0,0,1,0,75.3,pump,49.11,12.75,0.9221,0,0,-19.469,99.11,Inconsistent
R02718,3,1,2,47.301,0.1895,1.5683,0.655,1,8.583,20.949,0,0,0,0,170.9,pump,23.35,16.67,0.7885,1,0,9.535,100.0,Harmful
R02719,1,2,1,29.078,0.5064,-0.8787,0.729,1,7.209,20.1,0,0,0,0,75.5,damper,11.68,18.63,0.7162,0,0,1.686,100.0,Harmful
R02720,3,4,1,15.787,0.0167,1.5657,0.684,1,-26.138,19.507,1,0,0,0,236.3,valve,24.45,14.15,0.8205,0,0,3.7,87.31,Harmful
R02721,3,1,2,52.492,-0.5209,-1.3153,2.314,1,15.802,18.797,1,0,0,1,546.7,door,10.16,7.26,0.7295,0,0,-5.323,12.05,Inconsistent
R02722,1,4,3,8.123,1.5761,0.2954,1.046,1,-4.468,20.254,1,0,0,1,33.6,valve,39.27,14.19,0.936,1,1,1.199,11.55,Inconsistent
R02723,2,3,1,26.957,-0.3207,1.5254,0.667,0,1.188,19.818,1,0,0,0,167.6,door,32.94,9.58,0.822,1,0,8.654,80.74,Harmful
R02724,4,3,1,52.114,1.4172,1.0973,1.408,1,-19.094,18.891,0,1,0,1,96.9,pump,40.06,5.27,0.9622,1,1,9.198,57.65,Harmful
R02725,3,2,1,26.625,1.0872,0.8212,0.893,1,31.348,19.0,1,0,0,0,110.6,fan,49.56,5.14,0.9179,1,0,9.746,100.0,Harmful
R02726,1,2,1,11.483,0.4485,-1.1484,1.234,0,-37.113,17.916,0,1,0,0,22.4,valve,21.58,4.77,0.8983,0,0,-5.335,99.85,Protective
R02727,1,3,2,19.627,-2.146,-0.8348,2.507,0,22.322,20.154,1,1,0,0,170.2,valve,28.61,10.37,0.8801,0,1,-2.351,94.56,Ineffective
R02728,3,4,1,38.002,-0.0668,1.7444,1.135,1,6.377,20.513,0,1,0,0,57.3,pump,33.06,12.7,0.7322,0,1,5.203,98.27,Harmful
R02729,2,1,1,13.362,0.4694,0.3723,0.69,0,-28.579,17.066,0,0,0,0,94.3,door,48.46,19.54,0.6866,1,0,-13.374,83.02,Protective
R02730,4,2,2,41.021,-1.3748,0.7902,0.851,0,30.546,17.448,1,0,0,0,45.9,damper,32.76,14.12,0.8278,1,0,-6.19,92.16,Protective
R02731,3,4,1,29.099,1.1731,0.4738,0.296,1,7.706,20.965,1,0,0,0,259.9,pump,20.55,6.18,0.9915,0,0,3.851,95.46,Harmful
R02732,4,1,3,23.391,-0.5907,0.1183,2.723,1,-35.375,17.712,0,0,0,1,54.1,door,54.79,17.03,0.8191,1,1,-1.649,27.34,Inconsistent
R02733,1,3,2,18.251,-0.0836,0.6667,2.152,0,-6.337,19.946,0,0,0,0,46.4,valve,13.14,19.71,0.754,1,0,-1.868,92.89,Ineffective
R02734,2,3,1,50.283,1.51,0.1594,1.497,0,8.018,18.923,0,0,0,0,328.0,fan,41.97,9.43,0.4762,1,0,-8.856,67.94,Protective
R02735,1,2,1,26.817,0.6746,-0.27,1.77,0,25.699,19.085,1,0,0,0,50.5,door,25.28,17.84,0.8357,0,1,-11.111,89.55,Protective
R02736,3,4,1,45.616,-1.0507,-1.014,0.911,1,-6.139,17.434,0,0,0,1,175.7,damper,34.39,15.4,0.9082,0,0,7.836,48.66,Harmful
R02737,1,3,2,29.22,0.7484,0.8539,1.33,0,-39.704,17.551,1,0,0,0,172.6,pump,58.34,7.69,0.6086,0,0,-2.727,78.24,Ineffective
R02738,2,1,1,10.053,2.6222,0.84,1.096,1,21.885,19.312,0,0,0,0,135.2,pump,39.7,2.12,0.4796,1,1,6.125,76.03,Harmful
R02739,2,4,2,29.228,2.697,-0.7063,2.509,0,7.473,18.511,0,0,0,0,220.6,pump,43.63,14.57,0.8266,1,0,-3.832,93.55,Ineffective
R02740,1,2,1,32.923,0.3751,1.0793,2.282,0,-33.488,20.19,0,0,0,0,28.5,pump,42.58,19.38,0.5818,1,0,-9.898,77.88,Protective
R02741,1,3,2,30.181,-0.5644,0.6438,0.995,1,5.14,20.888,0,0,0,0,429.6,valve,45.93,4.44,0.8431,1,0,0.371,77.11,Ineffective
R02742,3,2,1,49.893,1.2347,0.6634,2.334,1,6.728,20.249,0,1,0,0,144.3,fan,32.2,18.47,0.5107,0,0,13.342,79.8,Harmful
R02743,4,1,3,55.097,1.496,0.7839,0.463,0,-4.871,18.624,1,0,0,0,255.6,pump,10.86,5.73,0.8285,1,0,2.584,100.0,Ineffective
R02744,1,2,1,48.273,-0.2871,0.5687,0.767,0,-12.409,18.929,0,0,0,0,136.1,valve,54.49,11.75,0.651,0,1,-18.092,96.68,Protective
R02745,2,3,1,37.053,1.8431,0.6937,0.498,1,-9.146,17.627,0,0,0,0,24.1,door,38.07,11.95,0.4938,0,1,11.015,74.94,Harmful
R02746,1,4,3,34.78,-0.9396,-0.2886,0.867,0,-4.88,19.783,1,0,0,0,113.9,damper,55.67,5.97,0.7703,1,1,-6.786,88.28,Protective
R02747,4,1,3,40.454,1.1724,2.3837,0.833,1,5.321,18.789,0,0,0,0,579.6,fan,46.82,2.43,0.5466,1,0,7.917,81.82,Harmful
R02748,2,4,2,20.831,-1.6896,-0.3338,2.722,1,11.825,20.43,0,1,0,0,167.4,fan,47.66,5.13,0.7142,1,0,-1.331,99.9,Ineffective
R02749,4,3,1,49.652,-0.1503,1.146,1.117,1,-32.217,19.608,1,0,1,0,182.0,pump,42.63,9.03,0.33,1,1,14.259,73.08,Inconsistent
R02750,1,3,2,52.127,-0.1061,-0.1839,1.195,0,3.84,17.682,0,0,0,0,75.5,fan,58.08,5.41,0.6264,1,0,-8.588,91.7,Protective
R02751,1,3,2,19.697,0.4366,0.8547,0.479,1,7.319,18.644,0,0,0,0,53.3,pump,49.72,14.08,0.5442,1,0,4.127,81.12,Harmful
R02752,3,4,1,54.655,-1.4006,1.1334,0.385,0,2.537,19.708,0,0,0,0,256.7,damper,31.77,10.78,0.8228,1,0,-13.418,96.66,Protective
R02753,3,4,1,51.68,0.3003,0.0884,0.814,1,-6.073,20.432,0,0,0,0,107.9,fan,23.67,8.37,0.5201,1,0,14.533,82.69,Harmful
R02754,4,1,3,28.347,0.2297,0.5018,0.577,0,21.297,18.403,0,0,0,0,47.4,damper,29.76,6.19,0.8025,1,0,3.36,92.57,Ineffective
R02755,4,3,1,54.995,-0.1862,0.1656,1.165,0,20.166,19.678,1,0,0,1,48.9,door,19.09,13.92,0.5508,0,1,-2.635,34.78,Inconsistent
R02756,4,1,3,11.624,0.8609,-0.2413,0.721,1,-5.493,17.694,0,0,0,1,26.0,fan,21.91,18.05,0.7559,1,0,-0.296,40.35,Inconsistent
R02757,3,4,1,6.539,1.532,1.6581,0.699,1,-1.246,20.619,1,0,0,0,188.5,door,18.12,13.71,0.5799,1,0,9.983,88.03,Harmful
R02758,2,1,1,24.133,0.4568,1.1112,2.013,1,11.578,19.301,1,0,0,0,340.2,door,12.85,9.36,0.7123,1,1,2.744,86.95,Harmful
R02759,2,4,2,36.099,2.1592,-0.0345,2.838,1,19.239,20.074,0,0,1,0,43.2,fan,29.65,2.5,0.6022,1,0,-2.611,85.96,Inconsistent
R02760,1,3,2,24.329,-1.0893,1.0036,0.235,0,-12.233,18.587,0,0,0,0,59.5,damper,47.97,16.22,0.5133,1,1,-13.229,82.91,Protective
R02761,2,1,1,56.814,1.828,-0.9314,2.176,0,-15.693,20.762,0,0,0,1,22.6,pump,13.46,11.44,0.6424,1,0,-3.128,54.51,Ineffective
R02762,2,4,2,19.009,1.913,0.3711,2.046,1,4.112,19.88,0,0,0,0,156.4,valve,42.09,3.18,0.7058,1,1,3.319,84.85,Harmful
R02763,1,4,3,20.467,-0.456,-0.5292,1.838,0,-16.854,17.615,1,0,0,0,378.8,damper,58.99,15.09,0.1904,1,1,-6.561,77.16,Protective
R02764,1,3,2,39.916,0.5107,1.1513,2.138,1,-29.175,19.201,0,0,0,0,108.3,valve,32.72,6.14,0.5947,1,1,3.893,95.9,Harmful
R02765,3,2,1,5.213,1.0067,-0.0797,1.624,1,-12.306,18.087,0,0,0,0,76.1,damper,23.83,7.38,0.9637,0,0,8.354,94.37,Harmful
R02766,2,1,1,45.016,1.3987,1.1585,2.795,1,6.257,20.333,0,0,0,0,57.3,fan,41.11,13.72,0.9461,1,1,21.945,97.55,Harmful
R02767,4,2,2,25.761,1.8945,0.9945,0.643,1,23.304,20.131,1,1,0,0,162.4,fan,44.19,5.4,0.684,1,0,9.205,75.47,Harmful
R02768,2,3,1,58.776,-1.4406,-0.4752,1.526,0,-10.631,18.978,0,0,0,0,22.4,door,24.66,7.79,0.8907,1,0,-14.153,95.31,Protective
R02769,4,3,1,43.028,1.2374,2.2297,2.029,1,-1.864,18.208,0,0,0,0,88.1,pump,29.95,14.56,0.4387,0,0,7.999,82.81,Harmful
R02770,3,4,1,7.872,-2.2165,-0.8452,2.744,0,2.333,20.411,0,0,0,0,20.3,door,56.97,7.67,0.7473,0,1,-8.852,95.31,Protective
R02771,1,2,1,10.095,0.6227,-1.009,1.565,1,-9.729,20.402,1,0,0,0,71.4,door,36.33,3.65,0.5283,1,0,1.318,91.57,Harmful
R02772,1,3,2,9.849,1.3539,0.7561,2.936,0,-10.907,19.021,0,0,0,0,145.5,fan,59.34,3.8,0.6276,1,1,-0.268,89.92,Ineffective
R02773,3,2,1,57.394,-0.6176,-1.7494,2.038,1,5.025,19.869,0,0,0,0,176.6,valve,35.44,11.74,0.8514,1,1,9.163,100.0,Harmful
R02774,3,4,1,42.623,-0.7992,1.8918,2.158,1,-17.961,18.142,1,0,0,0,29.5,damper,18.19,19.97,0.2963,0,0,4.41,81.94,Harmful
R02775,2,1,1,28.518,1.0208,0.5018,2.491,1,-11.511,18.395,1,0,0,0,499.0,damper,49.94,11.42,0.9835,1,0,9.724,81.32,Harmful
R02776,3,2,1,16.027,2.1874,-1.027,2.255,1,-3.039,20.776,0,0,0,0,29.2,damper,52.94,19.59,0.6905,1,0,15.949,100.0,Harmful
R02777,4,3,1,53.05,1.1254,-0.5485,1.663,1,4.837,19.945,1,0,0,1,59.3,fan,11.52,18.32,0.8529,0,0,3.133,49.21,Harmful
R02778,2,4,2,16.086,-1.1046,-1.2341,2.363,1,-22.729,17.288,0,1,0,0,23.6,valve,21.68,17.79,0.5468,0,0,-0.465,81.8,Ineffective
R02779,1,2,1,43.867,-1.7831,0.2829,0.3,0,-1.962,18.831,1,0,1,1,51.1,fan,32.52,10.05,0.7604,0,0,-5.642,56.46,Inconsistent
R02780,2,4,2,46.983,0.8977,-0.9269,2.812,1,-19.363,18.583,1,0,1,0,285.1,fan,56.02,12.17,0.8215,0,0,-3.953,81.14,Inconsistent
R02781,4,1,3,21.206,-1.2792,0.4021,2.505,0,-10.263,17.924,0,0,0,0,351.7,damper,54.22,13.43,0.6641,0,0,-2.438,81.53,Ineffective
R02782,4,3,1,32.77,0.0367,-0.4048,1.985,0,11.829,20.98,0,0,0,0,48.1,pump,42.68,2.15,0.8918,1,0,-0.159,85.24,Ineffective
R02783,4,2,2,17.264,0.996,-0.0754,0.393,1,-1.108,17.543,0,1,0,0,438.7,valve,48.18,2.79,0.592,1,0,2.694,76.16,Harmful
R02784,4,2,2,25.841,-0.5898,0.4093,1.026,0,25.036,18.257,0,0,0,0,76.0,door,17.23,19.27,0.7664,0,0,-4.584,82.05,Ineffective
R02785,1,3,2,58.082,2.6148,1.0235,0.91,1,-1.083,20.395,0,0,0,0,379.1,door,38.38,9.92,0.8671,0,0,12.071,91.92,Harmful
R02786,2,1,1,43.123,0.4905,1.0458,0.92,0,14.52,17.529,1,0,0,1,23.7,damper,49.12,17.04,0.8008,1,0,-3.669,28.61,Inconsistent
R02787,1,3,2,51.564,1.1116,-0.7338,2.082,0,11.922,18.505,0,0,1,0,70.7,door,21.77,4.21,0.531,0,1,-0.407,78.52,Inconsistent
R02788,1,4,3,34.733,0.8206,-0.1298,2.653,0,-0.198,19.537,0,0,0,0,215.1,damper,16.27,6.64,0.8612,0,0,-0.281,82.51,Ineffective
R02789,4,3,1,18.147,0.6499,-0.2353,2.109,1,-19.735,18.348,0,1,0,0,37.7,fan,39.99,2.94,0.456,0,1,3.175,81.6,Harmful
R02790,4,3,1,44.208,-0.2944,0.063,1.289,0,-1.577,18.635,0,1,0,0,31.0,door,55.99,15.72,0.7708,1,0,-14.919,91.31,Protective
R02791,1,3,2,32.531,0.5024,-0.3783,2.914,1,-7.992,19.2,0,0,1,0,310.5,damper,58.68,6.66,0.9605,0,1,1.64,97.41,Inconsistent
R02792,3,2,1,14.727,1.4811,-0.0241,2.615,1,-8.571,20.811,1,0,1,0,41.2,damper,31.3,16.24,0.8172,0,0,18.333,84.57,Inconsistent
R02793,3,4,1,27.684,0.1496,-0.019,2.119,1,2.337,20.484,0,0,0,0,159.3,pump,33.37,16.02,0.8521,1,1,12.509,99.41,Harmful
R02794,1,2,1,39.916,2.525,0.6934,1.313,1,-21.744,17.448,0,0,0,0,196.6,door,41.31,3.85,0.6976,1,0,7.966,84.71,Harmful
R02795,4,2,2,45.443,-0.8459,-0.097,2.115,0,-13.108,19.278,0,1,1,0,220.7,pump,11.88,7.14,0.9279,1,0,4.316,89.66,Inconsistent
R02796,4,3,1,18.377,0.1145,0.4063,1.342,0,-15.181,19.613,0,0,0,0,196.9,fan,37.13,11.64,0.5098,1,1,-2.663,74.46,Ineffective
R02797,3,4,1,53.18,0.5709,0.293,0.635,1,-3.813,18.303,0,1,0,0,64.6,damper,41.38,16.52,0.5288,1,0,9.317,84.38,Harmful
R02798,3,1,2,25.875,-0.5508,-0.6798,1.933,0,-11.522,18.057,0,0,0,0,578.1,valve,16.25,16.36,0.7151,1,0,1.111,71.22,Ineffective
R02799,2,3,1,19.913,2.0723,0.0913,2.155,0,-10.536,19.391,0,0,0,0,134.3,door,51.46,11.7,0.822,1,1,-9.708,92.85,Protective
R02800,4,2,2,15.732,-0.5391,-1.0172,1.178,0,2.032,18.66,0,1,0,0,33.2,fan,36.77,14.51,0.4624,0,0,2.363,93.4,Ineffective
R02801,2,3,1,49.229,-0.4047,0.4692,2.802,0,-6.685,20.62,0,0,0,1,68.2,valve,53.42,18.91,0.7849,0,0,-20.18,72.74,Protective
R02802,4,3,1,24.479,0.1359,0.1145,2.592,1,0.072,17.654,1,0,0,0,178.8,door,37.72,9.39,0.7705,1,0,13.081,89.72,Harmful
R02803,1,4,3,31.587,0.841,0.6045,1.832,1,-16.735,17.164,1,0,0,0,51.9,valve,25.41,4.36,0.9355,0,0,2.189,98.82,Harmful
R02804,1,4,3,17.255,-0.2013,0.12,0.369,0,-12.426,20.598,0,0,0,0,198.1,damper,28.73,4.45,0.4042,1,1,-1.568,82.25,Ineffective
R02805,4,3,1,42.735,-0.3193,2.0015,0.248,1,30.612,20.584,0,0,0,0,123.2,door,57.75,8.75,0.5892,1,0,19.48,99.21,Harmful
R02806,2,3,1,47.957,-0.5244,0.2816,1.992,0,-10.461,18.667,0,0,0,0,144.8,fan,32.56,4.09,0.6708,0,1,-10.475,88.61,Protective
R02807,2,4,2,23.668,0.5097,-0.0268,2.479,0,-31.596,20.016,0,0,0,0,49.1,damper,35.42,17.86,0.7058,0,0,-1.998,85.37,Ineffective
R02808,4,1,3,56.979,0.927,-0.7924,1.601,0,5.132,20.383,0,0,0,0,23.3,fan,47.93,11.73,0.5097,1,0,-7.513,85.73,Protective
R02809,1,3,2,6.684,0.824,1.2024,0.266,1,-10.62,18.02,1,0,0,0,226.5,pump,50.76,15.84,0.6957,1,0,-3.508,78.43,Ineffective
R02810,3,1,2,12.312,-0.041,-0.3702,0.606,0,3.658,19.618,0,0,0,0,24.0,door,56.01,19.88,0.7641,1,1,-11.23,100.0,Protective
R02811,2,1,1,37.383,-0.461,-1.6255,0.791,0,-1.343,19.949,0,1,0,0,30.6,door,44.64,9.27,0.5051,1,0,1.274,90.15,Ineffective
R02812,1,2,1,43.577,0.2976,0.2049,1.958,1,8.248,18.43,0,1,0,0,27.5,fan,24.9,16.44,0.4761,0,0,11.041,93.31,Harmful
R02813,4,3,1,18.788,-0.1196,0.5915,1.561,1,-1.494,20.784,0,0,0,0,158.5,door,17.47,15.22,0.9255,1,1,5.566,89.53,Harmful
R02814,1,3,2,35.474,-0.7566,-0.4185,0.486,1,-3.398,20.869,0,0,0,0,193.0,valve,32.96,6.58,0.7041,0,1,-0.806,91.7,Ineffective
R02815,1,4,3,22.511,0.0976,0.2818,1.605,1,17.219,18.947,1,0,0,0,253.3,fan,14.72,4.08,0.5871,1,1,-1.281,83.16,Ineffective
R02816,3,1,2,35.475,0.8041,-0.1715,2.635,0,-33.272,17.304,0,1,0,0,164.1,fan,55.7,2.18,0.6809,1,0,2.302,75.54,Ineffective
R02817,4,2,2,41.263,-0.5244,-0.1559,1.43,0,-19.882,20.676,1,0,0,0,806.7,fan,58.99,16.88,0.5795,1,1,-9.443,63.2,Protective
R02818,1,4,3,58.504,0.454,1.6346,0.619,1,-12.376,19.092,1,1,0,0,25.7,valve,36.06,19.64,0.9119,1,1,0.56,99.39,Ineffective
R02819,3,2,1,30.063,0.4345,-0.9116,1.818,1,-25.393,17.555,0,1,0,0,88.9,pump,11.94,8.97,0.6707,0,0,-8.065,100.0,Protective
R02820,3,4,1,40.652,2.0447,2.4338,2.802,1,-7.191,19.928,0,0,1,0,51.6,valve,24.8,11.61,0.5644,0,0,20.564,94.26,Inconsistent
R02821,4,2,2,36.792,-0.1284,0.3672,0.525,1,-8.671,19.749,0,0,1,1,664.8,fan,29.42,5.53,0.6061,1,0,15.969,3.58,Inconsistent
R02822,1,2,1,22.466,1.0771,0.9802,0.638,1,14.621,17.559,0,0,0,0,28.0,damper,29.53,15.99,0.2682,1,0,8.65,91.63,Harmful
R02823,4,2,2,18.919,-0.1685,0.0278,1.787,0,-1.324,18.099,1,0,1,0,75.6,pump,45.15,2.38,0.7512,1,1,9.106,87.88,Inconsistent
R02824,3,2,1,59.333,-0.0321,-1.826,1.152,0,-3.195,20.457,1,1,0,1,333.7,valve,59.07,4.43,0.8753,1,0,2.308,17.66,Inconsistent
R02825,4,3,1,16.377,0.1444,-1.1566,2.708,0,-5.698,20.878,0,0,0,0,64.7,door,11.23,18.91,0.9167,1,0,-8.094,88.41,Protective
R02826,2,3,1,48.465,-0.0428,-0.6243,2.196,0,-15.78,18.621,1,0,0,1,119.3,pump,58.28,7.49,0.7114,1,0,-11.203,55.01,Protective
R02827,4,2,2,13.062,1.593,1.3937,0.612,1,13.362,17.538,0,0,0,0,107.6,fan,55.85,11.73,0.7982,1,0,9.081,87.77,Harmful
R02828,3,1,2,49.239,-0.1293,-1.4843,2.638,0,18.151,18.408,1,0,0,0,59.0,pump,52.81,10.02,0.8168,0,1,-7.842,100.0,Protective
R02829,1,3,2,15.215,2.5444,-0.4557,1.998,1,-18.182,19.03,1,0,0,0,33.9,fan,31.81,5.19,0.9283,0,1,6.573,83.17,Harmful
R02830,4,1,3,58.194,0.8445,0.5649,1.582,1,24.301,18.202,1,0,0,0,122.0,fan,29.58,14.71,0.6999,0,0,6.046,82.85,Harmful
R02831,4,1,3,42.729,-0.9035,0.8729,0.918,1,-10.065,19.445,0,0,0,0,177.4,valve,33.97,18.26,0.787,1,0,11.556,100.0,Harmful
R02832,2,4,2,9.957,1.4383,0.8427,2.019,1,-11.288,17.032,0,0,0,0,227.8,door,42.68,12.2,0.5789,1,1,9.769,91.25,Harmful
R02833,3,1,2,43.125,1.1921,-0.584,2.716,1,7.092,20.266,1,1,0,0,329.2,door,23.15,6.78,0.5822,1,0,-1.335,82.88,Ineffective
R02834,2,1,1,38.199,0.8325,-1.198,0.308,1,8.431,20.379,0,0,0,0,91.9,pump,30.01,17.29,0.4376,1,1,7.73,87.51,Harmful
R02835,3,1,2,23.565,0.5404,0.9391,1.25,1,-1.069,20.134,0,0,0,0,70.7,valve,57.98,7.31,0.9128,1,1,5.663,98.42,Harmful
R02836,4,2,2,19.34,-2.2146,1.3331,2.82,0,-5.194,18.214,0,0,0,0,124.7,pump,13.68,16.69,0.6772,0,0,0.398,100.0,Ineffective
R02837,4,2,2,44.532,-1.1468,0.0547,1.272,1,17.585,19.529,1,0,0,0,87.2,door,20.12,17.43,0.7657,1,0,-1.577,94.0,Ineffective
R02838,1,4,3,45.775,2.4475,-0.7447,0.3,1,-9.349,18.461,1,0,0,0,38.7,door,12.07,17.31,0.6989,1,0,3.816,94.75,Harmful
R02839,4,2,2,22.996,-0.6855,-0.5299,0.484,0,-1.032,18.557,0,0,0,0,366.0,pump,39.66,14.98,0.6224,1,0,-10.824,78.9,Protective
R02840,2,4,2,53.192,0.8656,0.2941,2.134,0,25.407,19.836,1,0,0,0,61.0,fan,35.98,19.27,0.78,1,0,-8.011,93.73,Protective
R02841,3,4,1,19.785,-0.803,0.1669,2.16,1,-20.056,20.374,1,1,0,0,188.5,damper,13.27,18.1,0.8921,1,0,2.34,83.38,Harmful
R02842,4,3,1,8.843,-1.1469,1.3072,0.522,0,-6.88,20.324,0,1,0,0,144.9,damper,33.1,18.81,0.7099,0,0,-8.526,91.2,Protective
R02843,2,1,1,37.993,1.4786,1.325,0.814,1,15.377,17.924,0,0,0,0,70.4,damper,19.77,9.72,0.565,0,0,4.167,90.85,Harmful
R02844,2,3,1,10.889,0.6975,0.5843,1.779,1,7.92,19.632,0,0,0,0,95.1,door,42.3,6.37,0.7368,1,0,8.274,93.31,Harmful
R02845,2,4,2,20.217,1.3377,-1.5543,2.122,1,13.41,18.068,0,0,0,0,111.1,pump,50.42,19.95,0.5936,0,1,7.629,96.15,Harmful
R02846,4,1,3,32.895,0.7864,-0.2923,0.639,1,-19.843,19.514,0,0,0,0,382.2,valve,15.35,4.51,0.6293,1,0,-2.781,91.9,Ineffective
R02847,2,1,1,20.75,-0.3077,-0.648,1.478,0,4.817,18.469,0,0,0,0,79.6,damper,47.75,12.49,0.9235,1,1,-14.762,100.0,Protective
R02848,2,3,1,16.825,0.12,-0.3466,1.774,1,-4.278,20.16,1,0,0,0,51.8,door,32.05,14.44,0.8059,0,0,9.684,86.04,Harmful
R02849,2,3,1,43.675,-1.294,0.0908,0.339,0,34.086,20.75,0,0,0,0,143.8,damper,35.65,8.42,0.8459,1,1,-11.243,99.01,Protective
R02850,1,2,1,35.085,1.3027,0.1114,0.827,0,12.141,18.16,0,0,0,0,60.7,pump,32.47,7.03,0.7216,0,1,-5.341,95.84,Protective
R02851,2,4,2,51.187,1.4673,-1.7741,2.773,0,-0.335,20.475,0,0,0,1,61.7,damper,45.83,4.67,0.6672,0,0,-3.892,36.05,Inconsistent
R02852,1,2,1,36.968,-0.2387,1.2046,2.664,1,4.288,19.96,0,1,0,0,50.6,fan,45.61,2.73,0.9757,0,0,-2.346,96.96,Ineffective
R02853,1,3,2,31.59,-0.3041,0.4161,1.103,1,0.814,19.264,0,0,0,0,131.6,valve,39.35,19.59,0.8906,1,1,3.881,95.04,Harmful
R02854,3,2,1,19.369,-0.4478,0.2576,2.63,0,10.485,19.1,0,0,0,0,80.8,fan,21.31,9.89,0.8319,0,0,-4.603,88.9,Ineffective
R02855,1,4,3,48.564,0.2404,0.6448,1.971,0,-12.845,18.277,0,0,0,0,67.5,door,29.0,7.22,0.6387,1,0,-2.246,99.02,Ineffective
R02856,3,4,1,15.828,0.6182,-0.367,2.949,1,20.478,17.813,0,0,0,0,328.7,damper,50.71,5.33,0.5159,1,0,9.371,81.22,Harmful
R02857,4,1,3,18.323,1.2995,1.6589,2.905,1,-19.871,17.334,0,0,0,0,35.7,door,25.65,6.17,0.3244,0,0,10.66,94.25,Harmful
R02858,3,4,1,51.287,-0.1492,-0.2418,1.927,0,3.076,19.85,0,0,0,0,73.4,pump,55.9,11.47,0.6368,1,0,-14.267,81.35,Protective
R02859,2,1,1,45.766,-0.2146,1.4125,1.51,0,-12.364,17.89,0,0,0,0,48.8,pump,24.4,6.4,0.8358,0,0,-10.03,96.05,Protective
R02860,1,3,2,38.708,2.3131,-0.9939,0.598,0,0.642,18.982,0,0,0,1,322.9,fan,37.52,6.89,0.8686,0,1,-0.423,19.87,Inconsistent
R02861,4,2,2,7.141,-0.6252,1.3382,1.685,0,14.82,20.559,0,0,0,0,207.9,damper,40.57,19.77,0.6192,0,0,0.051,74.03,Ineffective
R02862,4,3,1,11.999,2.4399,-0.504,1.315,1,-25.685,19.684,0,0,0,0,214.9,fan,18.43,12.67,0.5528,1,1,10.999,89.15,Harmful
R02863,3,1,2,32.498,2.2469,2.9488,2.008,1,-2.542,17.677,0,0,0,0,150.3,valve,34.63,3.84,0.4303,1,0,3.453,90.39,Harmful
R02864,1,2,1,46.049,0.4041,-1.0518,0.451,0,-21.596,19.938,0,0,0,0,67.0,damper,23.06,15.57,0.5576,1,1,-11.342,82.31,Protective
R02865,1,3,2,30.526,-2.0261,0.9566,2.538,0,-4.191,17.859,0,0,0,0,103.3,fan,21.95,3.42,0.7048,0,1,-4.449,90.55,Ineffective
R02866,2,1,1,5.951,0.8311,0.0376,2.908,1,-21.636,20.12,1,0,0,0,43.3,damper,34.38,7.74,0.7301,0,0,8.613,86.72,Harmful
R02867,1,2,1,15.135,-0.6147,0.615,0.786,0,2.427,17.311,0,0,0,0,116.1,valve,24.9,8.11,0.3473,1,1,-6.561,90.38,Protective
R02868,4,2,2,37.382,0.8201,0.3595,1.972,1,-6.393,17.567,1,1,0,1,340.3,valve,39.66,14.48,0.9186,0,0,4.342,35.28,Inconsistent
R02869,1,3,2,43.182,-0.263,-0.6912,2.445,1,11.207,20.737,0,0,0,0,58.3,pump,45.45,3.36,0.882,1,1,-6.519,81.74,Protective
R02870,2,3,1,6.839,0.6563,-2.8968,1.752,0,18.428,18.121,0,0,0,1,45.7,door,46.41,12.41,0.3152,1,1,-7.578,51.45,Protective
R02871,4,1,3,7.383,1.785,2.9076,2.819,1,0.16,17.603,0,0,0,0,80.6,damper,20.45,11.51,0.6044,1,0,3.056,91.85,Harmful
R02872,4,2,2,19.372,1.97,0.473,1.633,1,13.405,17.86,0,1,0,0,200.4,door,26.83,8.04,0.2826,0,1,3.587,82.0,Harmful
R02873,1,3,2,9.593,-0.4822,-3.0435,0.958,0,20.737,18.444,0,0,0,0,84.7,damper,58.49,10.67,0.6769,0,1,-13.729,91.98,Protective
R02874,2,3,1,34.807,-0.2594,0.7026,1.52,1,-13.832,20.35,0,0,0,0,73.4,valve,55.79,10.39,0.894,1,1,14.499,100.0,Harmful
R02875,3,1,2,11.804,1.1517,1.0896,1.566,1,21.525,17.61,1,1,1,0,86.0,door,56.02,19.54,0.3761,1,0,-2.398,82.83,Inconsistent
R02876,3,1,2,40.652,1.6561,-0.8151,0.91,0,-0.554,17.063,0,1,0,0,173.8,fan,40.42,14.08,0.8235,0,0,-1.959,89.23,Ineffective
R02877,4,2,2,47.747,0.8694,-0.3084,2.403,1,-14.676,20.46,1,0,0,0,26.3,fan,37.96,7.33,0.8669,1,0,11.061,100.0,Harmful
R02878,4,3,1,58.378,0.3523,-0.1198,1.93,0,4.477,18.199,0,0,0,0,184.8,valve,36.61,16.33,0.8304,1,0,-13.883,94.59,Protective
R02879,4,1,3,57.162,0.5651,1.6026,1.237,1,-1.081,17.308,0,0,0,0,135.4,pump,46.51,10.1,0.771,0,0,7.056,88.68,Harmful
R02880,1,3,2,20.035,0.2965,0.5,1.381,1,-21.105,17.111,1,1,0,0,202.6,fan,12.32,3.73,0.5729,1,1,-0.422,84.0,Ineffective
R02881,1,2,1,6.618,0.5583,1.3632,1.241,0,-16.516,20.598,0,0,0,1,153.9,pump,18.03,4.54,0.7759,1,0,3.275,6.3,Inconsistent
R02882,3,2,1,23.118,0.6939,1.5312,1.454,1,24.56,19.093,0,0,0,0,139.1,fan,23.54,12.2,0.8475,0,1,8.603,100.0,Harmful
R02883,1,2,1,43.966,0.3035,-0.3288,1.679,0,4.179,19.442,0,0,0,0,40.2,valve,42.19,4.94,0.7548,0,1,-8.004,85.89,Protective
R02884,2,1,1,8.289,0.4075,-1.6705,1.127,0,22.227,19.464,1,0,0,0,339.1,damper,23.22,17.0,0.8414,1,0,-2.932,88.61,Ineffective
R02885,1,2,1,24.784,0.2475,-0.3267,2.491,0,-6.249,19.089,0,0,0,0,143.3,fan,17.02,4.92,0.7651,0,0,1.738,93.74,Ineffective
R02886,4,1,3,21.392,1.3579,0.9265,2.799,1,-12.024,20.077,0,0,0,0,151.4,door,14.86,8.67,0.9065,1,1,2.788,81.33,Harmful
R02887,1,3,2,17.064,-0.053,0.4599,1.664,1,-25.25,20.624,1,0,0,0,46.5,door,54.81,12.01,0.6394,1,1,-4.724,87.8,Ineffective
R02888,1,4,3,43.837,-1.014,0.5344,2.192,0,14.52,19.564,1,0,1,0,234.6,damper,43.78,19.95,0.7004,1,1,-2.715,87.6,Inconsistent
R02889,1,2,1,41.25,0.7574,1.2634,2.806,1,6.159,20.376,0,0,0,0,219.5,pump,31.06,2.85,0.9242,0,0,4.043,88.31,Harmful
R02890,1,2,1,34.452,-0.1186,0.4309,0.737,0,-6.113,17.038,0,0,0,1,22.9,door,14.92,13.39,0.9078,1,0,-8.564,26.14,Inconsistent
R02891,3,2,1,55.093,-0.6223,-0.3753,0.731,0,-11.89,18.921,1,0,0,0,430.8,pump,41.8,10.96,0.6728,1,1,-10.773,86.56,Protective
R02892,2,3,1,10.673,1.041,0.9199,0.403,1,16.903,19.416,0,1,1,0,111.7,pump,41.03,10.14,0.9121,1,1,4.098,100.0,Inconsistent
R02893,4,1,3,13.233,1.7082,2.6355,1.438,1,-2.659,17.805,1,0,0,0,23.1,pump,10.36,6.28,0.9051,1,0,10.463,99.26,Harmful
R02894,2,1,1,26.09,1.0875,-1.5899,1.127,0,-2.498,17.641,1,0,0,0,141.6,valve,26.06,2.14,0.7206,1,0,-4.34,78.62,Ineffective
R02895,3,4,1,41.074,1.3123,0.3873,1.769,0,-9.012,17.545,0,0,0,0,37.2,fan,48.31,16.54,0.7138,1,0,-18.882,87.99,Protective
R02896,3,2,1,37.124,-0.5148,2.232,1.463,1,-6.112,18.139,0,0,0,0,108.1,fan,53.22,15.56,0.541,0,1,23.521,81.55,Harmful
R02897,3,2,1,9.072,-1.263,-1.2746,0.733,0,8.252,20.294,0,0,0,0,255.2,valve,22.69,4.0,0.5931,0,0,2.748,75.52,Ineffective
R02898,4,3,1,57.713,-0.3896,0.9011,1.295,0,-21.247,17.111,0,0,0,0,89.1,valve,32.32,11.84,0.2916,0,0,-10.318,70.08,Protective
R02899,1,2,1,21.779,0.8803,1.5347,0.281,1,1.211,19.41,1,0,1,0,169.3,pump,48.65,8.05,0.6931,0,1,-2.886,90.07,Inconsistent
R02900,3,4,1,24.743,0.5616,-1.0768,1.705,1,14.334,17.273,1,0,0,0,133.3,fan,39.82,3.94,0.7133,0,1,6.688,85.53,Harmful
R02901,4,2,2,39.3,-0.6526,0.6124,0.959,0,-1.271,19.373,1,0,0,0,167.7,damper,27.66,10.27,0.8032,0,0,-5.569,96.18,Protective
R02902,4,2,2,56.984,-0.4044,-0.3713,0.515,0,15.813,18.009,1,0,1,0,58.4,damper,58.58,2.08,0.7731,1,1,-6.386,100.0,Inconsistent
R02903,3,2,1,41.448,0.3833,-0.1604,0.384,0,20.109,17.629,1,0,0,0,290.7,pump,35.52,10.45,0.8733,1,0,7.733,75.08,Harmful
R02904,3,1,2,57.513,-0.5296,0.075,2.2,1,13.554,18.863,0,1,0,0,84.4,valve,41.3,4.56,0.6611,0,1,5.38,100.0,Harmful
R02905,4,3,1,15.318,2.2434,1.2127,0.893,0,-8.059,17.924,0,0,0,0,169.1,damper,35.18,8.35,0.6509,1,0,-2.827,91.57,Ineffective
R02906,3,2,1,39.035,-0.079,-0.2121,2.045,0,-0.532,18.513,0,0,0,0,31.8,pump,16.43,8.78,0.6974,1,0,-1.353,95.71,Ineffective
R02907,4,3,1,50.588,0.9508,-0.5633,2.483,0,5.187,19.532,1,0,0,0,30.8,door,37.29,3.3,0.8458,1,0,-7.632,99.53,Protective
R02908,1,2,1,32.996,0.22,-0.0464,1.6,1,-7.046,20.745,0,0,0,0,20.8,pump,24.0,13.12,0.8136,1,0,7.749,93.78,Harmful
R02909,2,3,1,24.92,1.3743,0.059,0.573,1,-7.547,19.471,1,0,0,0,87.0,door,11.2,11.2,0.9763,1,1,5.539,88.25,Harmful
R02910,1,2,1,59.162,0.9001,-0.6795,1.921,1,-8.45,19.028,0,0,0,0,43.7,valve,18.1,13.88,0.8579,1,1,7.092,94.5,Harmful
R02911,1,3,2,12.754,1.6568,-0.0721,0.401,1,38.153,19.228,0,0,0,0,47.9,door,56.3,16.84,0.8225,0,0,6.011,74.51,Harmful
R02912,2,3,1,27.601,0.6014,0.5177,2.488,1,-4.066,18.888,0,0,0,1,162.5,pump,50.03,7.83,0.7316,1,0,9.453,60.62,Harmful
R02913,1,4,3,53.036,1.4516,0.3044,2.332,0,16.03,19.251,0,1,0,0,52.2,pump,11.11,11.11,0.8369,1,0,-1.307,89.71,Ineffective
R02914,2,3,1,54.526,-0.6921,1.604,1.326,1,-13.041,19.281,0,0,0,0,215.0,valve,40.48,15.97,0.4717,1,1,16.121,83.69,Harmful
R02915,2,1,1,58.921,0.8494,0.141,0.953,0,25.527,18.969,0,0,0,1,211.9,valve,39.43,8.37,0.9468,1,0,2.161,8.46,Inconsistent
R02916,3,2,1,53.667,0.9187,-0.0745,2.187,1,-5.679,20.153,0,0,0,0,154.3,pump,33.54,12.0,0.8821,1,1,18.534,100.0,Harmful
R02917,4,1,3,7.803,-1.1183,-1.111,1.788,0,0.795,18.563,0,0,0,0,32.2,door,17.2,12.1,0.9629,1,1,-1.356,98.54,Ineffective
R02918,4,1,3,56.137,2.7521,0.6945,0.606,1,-27.491,17.434,0,0,1,0,327.8,pump,56.78,6.65,0.7115,1,1,-4.225,93.49,Inconsistent
R02919,2,4,2,28.549,1.7487,-0.2174,2.326,0,16.749,19.572,1,0,0,0,75.9,damper,36.0,11.59,0.7547,0,0,-5.956,100.0,Protective
R02920,2,4,2,40.839,-2.1739,-0.1843,1.135,0,19.998,20.184,0,1,1,0,214.3,fan,46.64,6.37,0.6449,1,0,-4.783,74.5,Inconsistent
R02921,4,1,3,26.685,0.0768,0.1625,2.703,0,-17.809,20.12,0,1,0,0,21.1,door,52.48,4.67,0.8387,1,0,-2.542,93.82,Ineffective
R02922,1,3,2,49.752,1.5057,0.9194,2.523,1,17.622,18.009,1,0,1,0,540.1,damper,58.14,16.36,0.8078,1,1,6.857,80.24,Inconsistent
R02923,3,4,1,36.676,1.2417,0.6697,0.972,1,-20.059,19.588,0,0,0,0,64.2,door,15.47,17.52,0.506,0,1,3.967,79.48,Harmful
R02924,2,3,1,51.505,1.4155,-0.2705,0.915,0,9.481,20.994,1,0,0,0,61.5,fan,29.21,16.45,0.738,0,0,-19.678,97.74,Protective
R02925,1,4,3,15.657,2.1076,-0.4014,1.314,1,-4.32,17.418,1,1,0,0,53.5,damper,36.27,13.13,0.7545,1,1,1.106,92.41,Harmful
R02926,3,2,1,15.174,0.1652,-0.7128,2.453,0,20.044,19.091,1,0,0,0,238.6,fan,38.91,3.34,0.7408,0,0,11.127,89.84,Harmful
R02927,2,3,1,29.221,3.0771,1.2483,0.566,1,3.738,18.222,0,1,0,0,468.2,damper,55.51,11.55,0.7594,1,0,15.612,82.21,Harmful
R02928,1,4,3,5.261,1.7368,-0.0236,1.085,1,13.972,20.165,1,0,0,0,32.0,fan,34.07,19.13,0.6109,0,0,3.657,90.54,Harmful
R02929,3,1,2,43.107,-0.4514,-1.446,2.046,0,18.566,18.299,0,0,1,0,29.3,door,48.32,18.31,0.824,1,1,-15.339,91.69,Inconsistent
R02930,1,3,2,21.283,-0.6523,1.0596,0.294,0,-4.365,19.934,0,0,0,0,163.7,valve,32.49,16.52,0.8942,1,0,-7.016,100.0,Protective
R02931,3,4,1,35.651,1.1433,-1.0424,0.357,0,-0.434,17.642,0,0,0,0,52.5,damper,29.21,14.5,0.831,0,0,-7.279,96.92,Protective
R02932,1,3,2,8.85,0.007,0.4352,2.334,1,-16.668,17.268,0,0,0,0,29.9,damper,23.0,11.1,0.8989,1,0,-0.723,86.24,Ineffective
R02933,2,4,2,14.385,-0.5097,0.3912,1.663,0,-4.5,17.416,0,0,0,0,61.6,fan,25.18,9.9,0.5865,1,0,-4.338,90.0,Ineffective
R02934,4,2,2,39.257,-0.3396,-0.0968,1.761,0,28.906,18.041,1,0,0,0,240.8,damper,41.82,12.64,0.8782,0,1,-9.661,90.45,Protective
R02935,1,2,1,21.811,1.1557,-2.0781,0.897,1,11.337,20.398,0,0,0,0,25.6,fan,12.77,10.52,0.7297,0,0,2.455,96.1,Harmful
R02936,4,1,3,16.81,0.6065,0.7905,1.689,1,-15.669,17.602,0,1,0,1,47.6,fan,25.62,9.43,0.4498,1,0,2.885,34.96,Inconsistent
R02937,3,1,2,17.587,-0.517,1.7265,1.726,1,24.472,17.134,0,0,0,0,71.1,door,43.74,12.77,0.744,1,1,6.514,93.55,Harmful
R02938,4,1,3,16.815,1.0621,0.6865,1.359,0,5.835,20.414,0,0,0,0,44.8,pump,14.48,18.51,0.4666,1,1,4.137,89.58,Ineffective
R02939,1,2,1,39.257,0.3956,-1.724,2.9,1,12.456,18.5,1,0,0,0,237.1,damper,37.02,5.94,0.4569,0,0,4.029,89.78,Harmful
R02940,3,1,2,14.223,1.9199,2.0272,0.338,0,7.358,19.355,1,0,0,0,28.6,damper,32.96,4.44,0.7898,1,1,-4.972,94.42,Ineffective
R02941,4,3,1,24.949,1.104,-0.9259,1.362,1,6.296,17.335,1,0,0,0,31.2,damper,13.26,4.83,0.5811,1,0,3.291,90.41,Harmful
R02942,4,2,2,42.834,1.1672,-1.1784,2.601,0,-29.966,20.629,1,0,0,0,322.2,damper,13.82,14.59,0.7768,1,0,2.543,99.34,Ineffective
R02943,1,2,1,33.252,0.5309,0.6819,0.778,0,16.604,19.018,1,0,0,0,139.0,damper,40.04,17.66,0.5822,1,0,-15.82,90.61,Protective
R02944,4,3,1,37.85,2.1151,0.8528,2.818,1,-33.815,17.358,0,1,0,0,168.5,door,36.4,15.8,0.4073,0,1,9.71,54.75,Harmful
R02945,1,3,2,18.8,1.3703,0.4803,1.391,1,15.24,19.535,0,0,0,1,83.6,valve,46.04,9.27,0.6752,1,0,1.506,11.21,Inconsistent
R02946,3,2,1,56.299,1.0352,-0.1694,0.638,1,1.493,18.462,0,0,0,0,831.0,fan,41.21,12.17,0.89,1,1,15.366,78.41,Harmful
R02947,2,3,1,27.763,1.8932,1.7309,0.461,1,12.532,18.414,0,0,0,0,46.5,valve,34.61,2.83,0.8467,1,1,6.122,100.0,Harmful
R02948,3,1,2,20.783,3.286,0.3607,1.116,1,2.376,18.633,1,0,1,0,154.9,fan,31.59,10.36,0.787,0,1,12.194,100.0,Inconsistent
R02949,3,4,1,54.738,-0.3698,-1.6658,2.775,0,15.656,19.032,1,0,1,1,29.3,fan,25.92,15.42,0.2862,0,0,4.127,13.69,Inconsistent
R02950,1,3,2,41.041,1.5949,1.6323,2.829,1,0.242,19.477,0,0,0,0,119.6,pump,12.01,16.26,0.5249,0,0,8.973,80.16,Harmful
R02951,3,4,1,38.767,0.7948,0.6193,1.777,1,4.214,17.586,0,0,0,0,31.3,valve,13.91,13.01,0.8438,0,1,8.36,97.46,Harmful
R02952,4,3,1,53.77,1.3061,1.515,0.531,1,6.071,20.017,1,0,1,0,102.5,fan,38.9,16.98,0.5659,1,1,41.085,84.37,Inconsistent
R02953,2,3,1,8.22,0.8422,0.9725,1.478,1,28.18,17.109,1,0,0,0,46.5,pump,38.98,8.21,0.7681,0,0,4.956,93.28,Harmful
R02954,2,4,2,51.072,-2.2577,2.2916,1.37,0,9.004,19.797,1,0,0,0,22.6,valve,12.26,3.58,0.6305,0,0,0.939,88.49,Ineffective
R02955,4,1,3,42.283,0.5998,0.09,0.847,1,-19.753,17.733,1,0,0,0,44.9,damper,31.74,11.29,0.7558,1,0,8.515,95.6,Harmful
R02956,1,4,3,24.8,1.7996,0.4161,0.413,1,-8.46,18.787,0,0,0,0,89.6,fan,57.47,19.87,0.817,1,1,9.868,100.0,Harmful
R02957,2,4,2,19.099,0.0348,1.1198,1.268,1,8.97,19.246,0,0,0,0,143.8,pump,19.4,18.03,0.7569,0,1,1.909,88.8,Harmful
R02958,3,2,1,10.764,0.8209,-0.4038,1.241,0,18.896,19.59,0,0,0,0,214.0,damper,48.41,17.77,0.6602,0,1,-8.771,84.09,Protective
R02959,2,4,2,56.759,0.0836,0.7026,2.171,0,-10.833,20.164,0,0,0,0,505.0,pump,35.41,12.91,0.6375,1,0,-7.188,81.92,Protective
R02960,4,2,2,12.805,0.6085,-2.5474,1.304,1,33.598,19.065,0,0,0,0,122.3,damper,48.89,19.17,0.5386,1,0,-7.085,86.41,Protective
R02961,2,3,1,19.269,0.8058,-0.1728,0.237,0,2.634,20.521,1,0,0,0,176.2,pump,23.59,12.07,0.6252,1,1,-0.354,100.0,Ineffective
R02962,4,2,2,43.011,0.581,-0.203,0.256,0,6.309,20.82,1,0,0,0,79.4,pump,59.22,9.85,0.9373,0,0,-3.429,94.5,Ineffective
R02963,1,3,2,44.058,0.3205,-0.2392,2.125,0,-18.811,20.904,0,1,0,0,106.8,fan,28.0,13.86,0.5261,1,0,-2.391,90.05,Ineffective
R02964,3,4,1,13.842,1.8159,-0.4769,2.05,1,16.732,18.278,0,0,0,0,291.5,fan,41.34,11.97,0.4579,0,0,10.993,75.72,Harmful
R02965,3,1,2,49.777,0.1031,0.8061,0.649,0,-6.687,17.129,0,0,0,0,53.2,valve,44.18,14.56,0.6509,0,0,-4.475,87.56,Ineffective
R02966,1,2,1,33.066,-1.7447,-0.6044,2.625,0,-11.188,19.863,0,0,0,1,264.2,damper,43.03,8.8,0.774,1,1,-5.169,5.78,Inconsistent
R02967,1,2,1,51.665,0.4219,0.6003,2.055,1,-4.758,18.008,1,0,0,0,190.6,door,36.48,19.52,0.4668,0,1,21.04,84.37,Harmful
R02968,3,4,1,9.801,-1.0044,0.3628,0.631,1,20.742,20.071,1,0,0,0,92.4,fan,43.83,18.96,0.8396,1,0,14.242,84.87,Harmful
R02969,3,1,2,7.356,1.4574,0.9004,1.005,1,6.986,17.02,1,0,0,1,95.3,fan,43.97,16.45,0.5701,1,1,5.955,12.59,Inconsistent
R02970,3,4,1,40.034,1.6962,1.831,2.926,1,-13.336,20.109,0,0,0,0,39.0,valve,46.88,2.62,0.5889,1,1,12.678,96.91,Harmful
R02971,1,2,1,13.251,1.7417,0.5951,1.342,1,-7.956,17.281,1,0,1,0,169.7,door,46.31,6.74,0.4168,1,0,0.112,86.15,Inconsistent
R02972,3,1,2,33.872,0.3891,0.7414,0.863,0,21.143,20.517,1,1,0,0,130.0,valve,43.66,18.84,0.6447,1,1,9.305,87.33,Harmful
R02973,4,1,3,5.776,0.8679,0.0449,1.668,0,-3.546,19.605,1,0,0,0,195.4,valve,55.53,16.6,0.717,0,0,-4.085,100.0,Ineffective
R02974,1,2,1,47.896,-0.7766,-0.106,0.776,1,8.406,17.647,0,0,0,0,36.2,door,54.91,6.55,0.8529,1,0,14.493,90.23,Harmful
R02975,2,4,2,54.474,0.6924,0.2584,2.417,1,12.077,19.031,0,0,0,0,28.9,pump,12.13,12.3,0.5894,0,0,-1.87,100.0,Ineffective
R02976,2,3,1,51.139,-1.5149,-0.3835,2.424,0,-51.282,19.021,0,1,0,0,333.4,door,59.05,2.48,0.8406,0,0,-5.175,83.85,Protective
R02977,4,3,1,57.709,0.4417,0.9682,2.442,1,18.966,20.516,0,0,0,0,87.9,damper,49.71,16.92,0.8821,1,0,25.351,98.68,Harmful
R02978,2,4,2,54.67,2.4163,0.5067,1.928,1,-12.785,19.129,0,0,0,1,88.7,fan,39.67,10.9,0.8735,0,0,13.154,42.01,Inconsistent
R02979,2,1,1,29.421,0.9932,-0.8943,2.143,0,-5.409,19.202,1,0,0,0,160.7,pump,40.42,10.83,0.866,0,1,11.093,95.35,Harmful
R02980,3,2,1,26.909,1.4623,0.178,1.1,1,23.09,18.276,0,0,0,0,43.2,damper,29.44,4.52,0.54,1,0,5.898,96.42,Harmful
R02981,1,4,3,54.29,0.6184,-1.1259,2.661,1,21.704,19.914,0,0,0,0,21.0,fan,31.52,2.61,0.694,1,0,2.15,88.52,Harmful
R02982,4,2,2,55.982,-1.0936,-0.2846,0.604,0,7.392,17.201,0,1,0,0,309.5,pump,28.95,18.99,0.8385,0,0,-1.507,99.48,Ineffective
R02983,4,2,2,58.506,0.087,-0.0987,0.913,0,10.927,20.872,1,0,0,0,70.3,pump,57.46,15.16,0.7606,1,0,-7.517,91.53,Protective
R02984,3,2,1,47.257,1.9107,2.2084,2.98,1,14.669,19.425,0,0,0,0,290.0,door,39.9,6.72,0.7459,0,0,12.883,82.37,Harmful
R02985,3,4,1,16.109,0.3099,1.2485,2.889,0,21.452,20.383,0,0,0,0,164.7,fan,17.94,2.44,0.926,1,1,3.595,100.0,Ineffective
R02986,3,2,1,56.972,-1.6857,-1.1341,1.621,0,23.361,20.124,0,0,0,0,401.9,door,48.52,13.45,0.6101,1,0,-28.136,76.38,Protective
R02987,4,1,3,57.093,0.9046,0.6018,1.598,1,1.616,17.873,0,1,0,0,38.0,fan,44.72,17.64,0.6434,0,0,1.252,76.91,Harmful
R02988,4,1,3,41.637,-2.0133,0.1193,0.527,0,-11.06,18.156,0,0,0,0,132.0,pump,41.67,10.47,0.8951,1,0,-5.828,82.41,Protective
R02989,2,3,1,52.15,1.6042,0.1696,2.047,1,-3.827,18.112,1,1,0,0,131.4,fan,23.2,13.99,0.8528,0,1,7.1,97.61,Harmful
R02990,2,3,1,35.865,0.107,0.2333,0.287,1,1.908,17.902,0,1,0,0,275.4,valve,40.93,19.16,0.7283,0,1,6.981,80.68,Harmful
R02991,3,4,1,56.927,-0.4231,0.0461,1.08,1,-0.796,17.064,0,0,0,1,41.4,door,50.82,10.71,0.327,0,0,-3.754,0.98,Inconsistent
R02992,1,4,3,10.167,1.6179,2.2727,1.371,1,-15.183,20.308,1,1,0,0,381.1,fan,18.36,16.62,0.8644,1,1,3.121,85.73,Harmful
R02993,4,1,3,52.518,1.3594,-0.0162,2.703,1,6.552,19.151,0,1,0,1,223.4,door,37.37,8.25,0.215,1,1,-0.72,28.34,Inconsistent
R02994,4,3,1,8.053,0.1324,0.2409,2.912,0,-23.517,19.365,0,1,0,0,119.2,fan,20.45,2.22,0.7397,1,1,-4.055,95.21,Ineffective
R02995,3,1,2,23.651,2.9917,-2.129,2.927,1,1.281,18.967,0,0,0,0,130.2,damper,37.62,17.35,0.7592,1,0,7.771,95.46,Harmful
R02996,2,1,1,12.443,0.535,0.7236,2.437,0,2.243,17.497,0,0,1,0,86.2,fan,42.1,19.09,0.6529,0,0,-19.074,92.85,Inconsistent
R02997,2,4,2,31.352,0.155,1.5843,1.012,1,1.729,18.744,0,0,0,0,77.1,fan,50.54,3.04,0.5154,1,1,4.294,83.74,Harmful
R02998,2,3,1,17.774,0.4192,-1.152,0.327,0,12.768,18.175,0,1,0,0,86.3,damper,34.92,13.69,0.6904,1,0,-5.815,83.96,Protective
R02999,3,4,1,57.364,0.5139,-0.1119,1.392,1,10.779,20.568,0,0,0,0,22.4,door,56.52,14.74,0.302,1,1,-20.734,73.84,Protective
R03000,4,2,2,35.763,2.0668,0.8515,1.033,1,33.34,19.805,1,0,0,0,39.7,door,55.57,17.59,0.731,1,1,-12.686,95.11,Protective
R03001,3,2,1,54.375,0.181,-0.0805,2.035,0,-7.766,17.651,0,1,0,0,106.7,fan,50.84,14.14,0.8225,1,0,-10.936,90.21,Protective
R03002,4,1,3,20.293,0.2799,0.3664,1.239,0,4.19,19.808,1,1,0,0,402.3,valve,37.76,16.79,0.6449,1,0,-2.599,88.16,Ineffective
R03003,4,2,2,6.429,-0.6424,0.1128,2.694,1,3.229,19.193,0,1,0,0,67.1,fan,19.47,15.21,0.8158,1,0,1.287,92.45,Harmful
R03004,3,2,1,47.661,0.8614,2.2633,1.247,1,2.523,17.327,0,1,0,0,95.3,door,42.54,8.88,0.9858,0,1,10.525,100.0,Harmful
R03005,2,1,1,43.631,-0.1563,-0.7697,1.258,0,-18.973,17.278,0,0,0,1,341.3,damper,45.3,4.41,0.5634,0,1,-1.377,13.06,Inconsistent
R03006,3,1,2,35.002,-1.1242,2.5916,2.326,0,-17.752,17.59,0,0,0,0,463.2,door,34.73,18.1,0.3823,0,1,-5.014,88.89,Protective
R03007,2,3,1,49.844,0.5785,1.6419,1.852,1,0.097,20.242,0,0,0,0,124.2,damper,58.35,19.13,0.9108,1,1,35.359,93.98,Harmful
R03008,3,4,1,51.205,0.3358,0.7321,0.915,0,-23.638,20.32,0,1,0,0,220.5,fan,14.85,2.43,0.7955,1,1,-4.76,94.57,Ineffective
R03009,4,2,2,37.335,0.7957,-0.6405,2.095,1,-5.013,19.433,1,0,0,0,80.5,door,52.71,14.68,0.7858,1,1,14.176,81.07,Harmful
R03010,2,4,2,58.126,-0.6121,1.3097,1.776,1,-9.713,17.063,0,0,0,1,335.1,fan,55.19,3.76,0.9218,1,0,6.102,24.93,Inconsistent
R03011,3,4,1,44.584,-0.3732,0.5039,0.491,0,-4.47,18.268,0,0,0,0,27.9,pump,41.41,14.75,0.6341,1,0,-13.044,90.96,Protective
R03012,1,2,1,42.228,-0.568,-2.2196,1.508,0,16.985,18.604,1,0,0,0,202.2,pump,54.39,5.85,0.5158,1,0,8.683,88.77,Harmful
R03013,3,1,2,24.878,0.9935,-1.0046,2.772,1,-16.175,18.138,0,0,0,0,108.7,damper,20.61,19.6,0.8561,0,0,10.312,89.92,Harmful
R03014,2,1,1,5.124,0.8855,0.7576,0.793,1,13.047,19.325,1,1,1,0,467.6,pump,27.26,15.38,0.8715,0,0,-3.248,80.38,Inconsistent
R03015,2,3,1,18.252,0.3884,0.2667,1.361,1,-8.569,17.249,1,0,0,0,77.5,pump,19.07,14.64,0.438,1,1,-1.719,78.66,Ineffective
R03016,3,1,2,47.016,-0.5507,-0.6165,0.973,0,-6.701,17.08,0,0,0,0,58.6,pump,25.68,5.94,0.6743,1,0,-7.34,96.11,Protective
R03017,1,2,1,44.043,0.8672,1.4789,1.703,1,6.983,19.351,0,0,0,0,107.9,pump,18.27,6.29,0.9595,1,0,7.476,97.41,Harmful
R03018,3,4,1,23.206,1.763,-0.4838,2.93,1,-4.112,18.058,1,0,0,0,228.1,damper,18.19,12.0,0.8849,0,1,9.659,94.35,Harmful
R03019,3,1,2,39.407,1.0786,-0.0552,1.068,1,-13.387,19.746,1,0,0,0,86.3,damper,11.54,4.89,0.7745,1,0,-0.29,94.5,Ineffective
R03020,2,3,1,15.741,1.3231,-0.747,2.532,0,-5.554,20.11,1,0,0,0,28.6,valve,47.23,7.72,0.5649,1,1,-7.493,92.28,Protective
R03021,1,2,1,19.5,1.9332,0.9102,2.547,1,-26.65,19.444,0,0,0,0,71.2,fan,25.11,18.48,0.5724,0,0,11.813,87.65,Harmful
R03022,2,1,1,57.107,1.3967,-1.8195,0.926,0,5.718,20.959,0,1,0,0,291.7,fan,40.55,10.19,0.4191,0,0,-4.814,81.46,Ineffective
R03023,1,2,1,27.725,2.1686,-0.0977,2.363,1,-46.528,19.572,0,1,0,0,506.9,fan,44.72,8.15,0.872,1,1,11.853,87.88,Harmful
R03024,2,3,1,18.474,2.3629,-1.3228,2.967,1,13.32,20.091,0,0,0,0,38.8,fan,43.56,17.44,0.7454,1,0,16.063,79.76,Harmful
R03025,3,2,1,31.791,-0.3531,0.0871,2.871,1,9.229,19.564,0,0,0,0,78.8,damper,56.54,14.03,0.542,1,0,18.107,90.94,Harmful
R03026,1,3,2,26.286,1.4474,1.123,1.896,1,24.022,20.222,1,0,0,1,117.3,damper,45.99,10.12,0.8852,1,0,4.517,19.79,Inconsistent
R03027,3,4,1,45.124,2.0183,1.1409,0.625,1,32.731,18.562,0,0,0,0,317.7,fan,40.8,15.86,0.7446,0,1,24.978,87.01,Harmful
R03028,1,3,2,57.916,2.199,-0.3276,0.534,1,14.037,18.737,1,0,0,1,237.7,pump,16.62,5.82,0.4993,0,0,3.811,33.69,Inconsistent
R03029,4,2,2,37.546,0.0293,0.9333,0.947,1,-9.411,18.341,0,0,0,0,55.8,valve,11.06,3.91,0.69,0,0,4.136,88.71,Harmful
R03030,3,4,1,37.513,1.4574,0.2148,1.884,1,32.589,19.306,1,0,0,0,37.1,damper,46.26,7.21,0.6648,1,0,14.037,89.86,Harmful
R03031,2,4,2,25.066,0.8752,1.7611,1.281,1,-17.909,18.499,0,0,0,0,27.2,damper,53.37,7.69,0.8142,0,1,4.065,78.83,Harmful
R03032,3,1,2,36.055,2.6471,0.27,2.157,1,-28.541,20.951,1,1,0,0,41.6,valve,39.94,18.2,0.5491,0,0,3.597,87.53,Harmful
R03033,1,2,1,22.563,-0.5873,-2.573,2.406,1,27.787,19.412,1,0,0,0,56.1,pump,59.53,19.44,0.5111,1,0,11.671,85.39,Harmful
R03034,1,4,3,5.06,0.0307,1.2947,0.705,1,9.023,18.343,0,0,1,0,166.7,fan,54.4,2.98,0.4871,1,1,3.869,86.42,Inconsistent
R03035,4,2,2,52.635,-1.9106,-0.5591,2.735,0,-28.137,19.033,1,1,0,0,44.7,damper,56.94,18.05,0.8209,1,0,-8.374,92.48,Protective
R03036,4,3,1,28.619,0.0446,-0.3742,0.37,0,-20.33,20.122,0,0,0,0,29.3,valve,46.54,16.89,0.9019,1,0,-14.548,95.02,Protective
R03037,1,2,1,32.065,2.1638,0.2359,0.942,0,8.269,20.224,0,0,0,0,130.5,pump,58.18,5.4,0.8083,0,1,-7.687,91.97,Protective
R03038,2,3,1,9.593,0.7557,-1.0247,2.481,1,-13.049,19.548,0,0,0,0,51.8,door,40.02,10.53,0.6128,1,0,-4.225,76.78,Ineffective
R03039,1,4,3,51.041,0.001,-0.0253,0.714,0,-10.892,17.009,1,0,0,0,134.8,pump,33.44,10.73,0.357,0,1,-6.396,76.12,Protective
R03040,2,1,1,14.369,0.4502,0.4345,0.816,0,29.496,20.474,1,0,0,0,103.4,pump,12.29,5.71,0.3443,1,0,4.116,82.07,Ineffective
R03041,2,3,1,27.584,0.6837,0.7641,2.932,1,32.223,20.639,0,0,0,0,65.4,pump,56.09,8.88,0.8592,0,1,9.977,85.21,Harmful
R03042,2,1,1,51.215,1.166,-0.1989,2.755,1,2.201,20.487,0,0,0,0,162.6,pump,29.74,4.9,0.4711,1,1,4.062,82.01,Harmful
R03043,3,4,1,30.178,0.2922,0.8919,2.476,0,-2.257,19.684,0,0,0,0,40.0,valve,14.85,12.08,0.8665,1,1,-3.275,90.5,Ineffective
R03044,1,3,2,56.213,-0.9456,-1.0975,0.687,0,13.537,17.108,0,0,0,0,337.6,pump,45.62,8.11,0.6962,1,1,-6.803,78.77,Protective
R03045,4,1,3,16.512,-0.194,-0.7255,0.914,0,-8.424,20.803,0,0,0,0,182.4,damper,26.65,10.31,0.9194,1,0,2.363,97.69,Ineffective
R03046,3,1,2,44.338,0.6419,-0.236,0.858,0,-33.458,17.271,0,0,0,0,201.7,door,37.19,10.92,0.8792,1,0,8.014,83.22,Harmful
R03047,4,3,1,58.79,0.8286,0.1955,0.73,0,-41.423,17.598,0,0,0,0,278.5,damper,59.82,11.46,0.6765,1,0,-16.41,81.83,Protective
R03048,1,4,3,35.229,1.1985,-0.4245,2.917,0,-1.104,19.512,1,1,0,0,235.1,pump,42.74,5.31,0.4193,0,0,2.627,68.33,Ineffective
R03049,3,2,1,43.07,1.1354,1.6286,0.665,1,13.228,18.847,1,0,0,0,78.5,fan,11.25,2.23,0.6903,1,1,2.035,86.87,Harmful
R03050,4,1,3,26.627,1.1558,0.6953,2.291,1,0.24,20.019,0,1,0,0,138.5,pump,12.78,12.32,0.8614,0,1,1.51,79.23,Harmful
R03051,1,4,3,46.324,0.6502,-0.0243,0.343,0,12.149,19.533,0,0,0,0,62.1,fan,38.98,7.47,0.608,1,0,-4.437,89.35,Ineffective
R03052,4,2,2,54.988,0.2052,0.6601,1.723,1,13.648,17.017,0,1,0,0,99.5,valve,12.54,3.16,0.9027,0,0,0.974,100.0,Ineffective
R03053,2,4,2,43.668,0.1642,1.1329,0.398,1,20.791,19.571,0,0,1,0,90.2,damper,10.31,8.76,0.7859,1,0,11.873,90.54,Inconsistent
R03054,4,3,1,56.476,0.6752,0.6408,0.373,1,2.794,20.433,0,0,0,0,293.0,fan,26.06,19.8,0.8349,0,0,23.874,90.13,Harmful
R03055,2,4,2,37.376,-0.475,-1.4095,0.845,1,4.138,20.409,0,0,0,0,236.2,pump,12.84,13.12,0.707,1,0,-1.601,81.41,Ineffective
R03056,4,2,2,36.743,1.2069,1.4895,2.792,1,-0.552,17.63,0,0,0,0,890.7,pump,52.85,15.01,0.8265,0,0,9.32,71.22,Harmful
R03057,1,3,2,21.755,0.9491,0.0197,1.989,0,-3.876,18.389,1,1,0,0,411.9,pump,28.65,17.19,0.5821,0,1,0.163,83.53,Ineffective
R03058,2,4,2,44.03,0.09,1.0849,2.024,1,-23.58,17.478,0,0,0,0,211.1,pump,34.0,14.18,0.8961,1,1,4.576,86.33,Harmful
R03059,2,1,1,53.507,0.3351,-0.5059,1.033,0,17.58,20.006,1,0,0,0,150.3,valve,47.94,9.93,0.7991,1,1,-18.62,84.85,Protective
R03060,1,3,2,40.547,0.1709,-1.4267,2.226,1,-5.756,19.51,0,0,0,0,383.6,door,26.55,17.62,0.8982,0,0,7.599,74.12,Harmful
R03061,2,4,2,17.817,-1.1166,-2.3789,2.108,0,-6.616,18.938,1,0,0,0,117.9,door,26.13,7.49,0.9593,0,1,0.152,88.56,Ineffective
R03062,2,3,1,34.926,1.9556,-1.0444,1.493,0,-8.124,18.199,1,1,0,1,117.7,fan,23.43,6.58,0.8481,0,0,2.301,35.72,Inconsistent
R03063,1,3,2,46.577,-1.1022,0.4173,2.111,0,-20.106,20.148,1,0,0,0,126.6,damper,58.82,6.68,0.6139,0,0,-9.02,75.88,Protective
R03064,3,2,1,56.665,-0.4793,1.6979,2.628,1,-1.283,20.166,0,0,0,1,39.6,pump,20.48,8.28,0.3562,1,0,3.561,9.21,Inconsistent
R03065,3,1,2,13.613,1.0147,0.702,2.889,1,7.746,18.965,0,0,0,0,117.0,pump,44.21,15.99,0.5012,1,0,2.632,86.43,Harmful
R03066,4,1,3,12.012,0.1685,-1.1522,2.99,0,-10.579,17.498,1,0,0,0,85.1,door,42.24,3.94,0.8522,1,0,-1.634,88.37,Ineffective
R03067,3,1,2,27.712,0.5672,-0.8841,1.567,0,15.564,18.861,0,0,0,0,63.5,valve,33.07,11.42,0.6574,0,1,-6.634,89.54,Protective
R03068,1,4,3,11.909,2.8012,1.7608,0.292,1,-5.526,20.584,0,0,0,0,126.6,valve,48.11,12.81,0.7183,1,0,5.412,86.14,Harmful
R03069,1,2,1,58.924,-0.8771,-1.4108,0.842,0,-22.99,19.336,0,1,0,0,441.1,fan,19.02,18.75,0.9258,1,1,-8.826,98.1,Protective
R03070,2,3,1,28.337,-0.6784,2.0018,0.751,0,20.605,20.016,1,1,0,0,62.7,door,13.96,8.91,0.4813,1,0,1.539,73.47,Ineffective
R03071,2,4,2,34.349,2.4088,2.276,1.042,1,2.977,18.179,0,0,0,1,97.3,valve,41.95,10.59,0.86,1,1,13.802,61.62,Harmful
R03072,1,3,2,17.49,0.8391,2.0347,1.209,0,12.949,18.373,0,0,0,0,453.6,door,23.05,14.39,0.6385,1,0,-4.628,82.77,Ineffective
R03073,4,1,3,29.702,1.6001,0.7807,2.072,1,13.303,17.468,1,1,0,0,259.8,door,53.72,4.98,0.6649,0,0,6.093,77.97,Harmful
R03074,3,2,1,59.158,0.2101,0.0585,1.672,1,-14.192,18.371,0,0,0,0,63.1,pump,38.54,9.34,0.8573,0,1,14.42,94.11,Harmful
R03075,3,2,1,31.878,1.0259,0.2563,2.019,0,-7.829,17.678,0,0,0,0,66.3,fan,19.22,2.57,0.4165,0,1,-3.12,84.99,Ineffective
R03076,1,3,2,5.485,1.6032,1.3086,2.921,1,15.514,19.156,0,0,0,0,291.6,valve,24.24,2.03,0.4895,0,0,3.426,88.17,Harmful
R03077,4,2,2,18.339,0.0895,-0.7508,0.337,0,27.528,18.575,0,0,0,0,354.6,valve,39.85,9.64,0.8525,0,0,-1.785,89.75,Ineffective
R03078,1,2,1,58.815,-0.6849,-1.2012,0.24,0,0.949,20.343,0,0,0,0,56.4,pump,56.59,16.69,0.7247,1,1,-22.829,79.58,Protective
R03079,2,1,1,59.399,0.0067,-0.3839,2.063,0,-9.408,18.531,0,1,0,0,152.3,damper,29.09,8.91,0.5418,0,0,-5.045,85.3,Protective
R03080,2,1,1,16.577,2.4485,-0.3723,1.73,1,25.235,17.849,0,0,0,0,68.4,fan,12.98,11.96,0.704,0,1,6.259,95.82,Harmful
R03081,4,2,2,38.84,-0.294,1.6409,1.552,1,-9.399,17.337,0,0,0,0,170.9,pump,44.49,10.48,0.6975,0,0,7.918,100.0,Harmful
R03082,2,4,2,9.23,0.0002,-0.2164,2.589,1,4.935,18.01,0,0,0,0,106.8,door,37.82,9.74,0.7547,1,0,3.529,85.42,Harmful
R03083,1,4,3,36.759,-0.7278,-0.0044,0.645,0,-6.417,19.789,0,1,0,0,261.5,fan,47.71,13.02,0.6701,1,1,-4.523,97.49,Ineffective
R03084,2,1,1,11.926,0.3892,1.383,1.806,1,4.036,19.505,1,0,0,0,97.9,damper,35.08,19.09,0.5978,1,0,10.551,88.41,Harmful
R03085,2,3,1,50.026,-0.1157,1.1798,2.809,0,-14.182,19.48,0,0,0,0,78.3,valve,29.93,11.92,0.8856,1,0,-8.425,82.68,Protective
R03086,1,4,3,56.677,1.7586,0.6086,1.448,1,-5.62,20.433,1,0,0,0,23.1,pump,31.51,17.28,0.8801,0,0,9.627,100.0,Harmful
R03087,1,4,3,14.514,1.2614,0.7843,1.824,1,-9.409,18.011,1,1,0,0,900.0,damper,50.59,8.03,0.5948,1,1,4.211,64.0,Harmful
R03088,1,4,3,30.449,-0.0392,-1.117,0.396,0,9.934,18.883,0,0,0,0,51.4,valve,29.49,7.02,0.5539,0,0,-2.553,93.18,Ineffective
R03089,2,4,2,10.612,0.177,0.9231,1.178,0,2.448,17.673,0,1,0,0,64.2,damper,33.2,3.43,0.6835,0,0,4.995,83.22,Ineffective
R03090,2,4,2,23.653,1.424,1.6635,0.316,1,13.203,17.875,1,0,0,0,71.8,damper,22.52,12.51,0.8839,1,1,9.323,100.0,Harmful
R03091,2,3,1,8.58,-1.7817,-1.9704,1.803,0,-12.386,18.484,1,0,0,0,124.0,valve,10.71,15.26,0.8841,1,0,-7.996,95.95,Protective
R03092,3,1,2,19.55,1.8716,2.1629,1.853,1,-3.127,19.828,1,0,0,0,83.6,damper,20.58,13.32,0.7758,1,0,13.826,87.94,Harmful
R03093,1,2,1,59.462,-0.9264,-0.8007,2.862,0,9.375,20.335,0,0,0,0,167.5,damper,50.36,17.31,0.702,1,1,-25.417,82.5,Protective
R03094,4,2,2,7.453,0.3565,0.9946,1.988,1,12.881,18.229,1,1,0,0,156.9,fan,55.77,5.8,0.6668,1,0,11.242,83.16,Harmful
R03095,4,1,3,52.243,1.1404,0.4776,0.208,1,-21.687,18.591,0,0,0,0,53.6,valve,47.08,13.97,0.8345,1,1,-3.102,89.18,Ineffective
R03096,1,3,2,9.26,0.7246,0.3396,2.533,1,4.767,20.551,0,1,0,0,36.7,pump,31.86,10.92,0.8054,1,1,0.901,82.75,Ineffective
R03097,2,4,2,34.095,1.2869,0.1935,1.123,1,-12.199,20.121,1,0,0,0,72.8,damper,44.0,7.69,0.5293,0,1,6.169,77.94,Harmful
R03098,1,2,1,29.867,0.0418,-1.0926,2.2,0,13.64,19.761,0,0,0,1,311.2,damper,16.19,10.77,0.8668,1,1,-3.813,48.35,Ineffective
R03099,2,1,1,56.236,0.5107,0.9238,0.939,1,27.908,18.629,0,0,0,0,45.6,door,14.6,14.99,0.9159,1,1,7.748,93.71,Harmful
R03100,2,4,2,15.948,2.3288,0.114,2.329,1,-39.179,18.364,1,1,0,0,247.8,damper,19.38,18.03,0.82,0,0,6.245,91.5,Harmful
R03101,1,4,3,14.883,1.5081,-0.9094,2.797,1,-9.839,19.894,1,0,0,0,102.9,valve,40.2,12.81,0.6794,1,0,1.955,85.28,Harmful
R03102,1,2,1,46.179,1.1021,-0.635,0.422,1,3.957,17.373,0,0,0,0,135.2,damper,31.02,13.93,0.468,1,0,12.871,91.39,Harmful
R03103,2,1,1,44.915,0.5925,-1.3924,1.724,0,-0.058,19.174,0,1,0,0,26.3,fan,19.15,18.82,0.6153,1,1,-4.664,95.37,Ineffective
R03104,3,4,1,43.455,0.0947,-0.1246,1.713,1,14.095,17.243,0,0,0,0,34.4,damper,37.28,15.33,0.735,0,0,23.498,88.59,Harmful
R03105,2,4,2,6.437,2.0748,0.3851,1.002,0,1.186,19.493,0,1,0,0,100.8,damper,55.58,5.98,0.6539,0,1,6.5,82.97,Harmful
R03106,4,2,2,19.298,-1.1876,-0.8111,1.157,0,-7.946,19.274,0,0,0,0,52.2,damper,37.56,15.8,0.5755,1,0,-5.017,79.85,Protective
R03107,2,4,2,51.194,0.9132,1.3754,2.093,1,-15.305,17.239,0,0,1,0,62.3,pump,35.88,4.31,0.7833,1,0,22.136,87.25,Inconsistent
R03108,4,2,2,38.047,-0.3864,-0.2192,1.019,0,-17.828,18.679,0,0,0,0,24.7,door,27.75,4.41,0.7607,0,1,-10.272,97.07,Protective
R03109,1,4,3,38.121,0.4756,0.1106,0.286,1,-11.141,17.77,0,1,0,0,157.6,fan,10.62,19.12,0.7389,1,0,-2.85,86.88,Ineffective
R03110,3,4,1,21.275,0.3457,0.4168,2.354,1,-8.476,20.192,0,1,0,0,49.3,fan,22.3,4.02,0.6388,0,0,1.992,83.76,Harmful
R03111,4,3,1,19.31,0.0283,1.7952,1.951,1,5.756,20.653,0,0,0,0,134.9,damper,26.51,16.91,0.8007,1,0,5.694,86.93,Harmful
R03112,1,2,1,57.061,1.9883,-0.9713,0.901,1,-2.351,18.259,1,0,0,0,210.7,valve,32.72,14.17,0.8597,1,1,16.187,100.0,Harmful
R03113,4,1,3,45.027,-0.4047,2.0564,2.892,1,-9.763,17.117,0,0,0,1,71.8,door,56.11,15.59,0.5393,1,1,5.572,16.18,Inconsistent
R03114,2,3,1,11.978,1.7836,1.3602,2.716,1,-15.14,20.591,0,0,0,0,31.8,door,25.03,12.1,0.8091,1,0,9.085,97.97,Harmful
R03115,2,1,1,56.574,0.5485,-0.1217,2.9,0,-10.539,20.378,1,0,0,0,75.7,fan,25.65,15.65,0.8246,1,0,-15.898,95.94,Protective
R03116,3,4,1,37.03,0.4191,1.583,1.634,1,-8.46,20.187,1,0,0,0,274.0,pump,26.05,19.18,0.8709,1,0,14.164,91.29,Harmful
R03117,3,1,2,23.335,0.4326,-0.4225,0.858,0,-11.222,18.426,1,0,0,0,90.1,door,20.71,15.36,0.9471,1,0,-8.559,92.69,Protective
R03118,1,3,2,26.843,0.6421,0.6857,0.687,1,10.097,17.319,0,0,0,0,269.1,fan,31.64,7.76,0.7671,1,0,4.977,97.06,Harmful
R03119,4,3,1,44.897,-1.201,-0.6414,2.856,0,20.521,20.899,0,1,0,0,72.8,damper,47.38,18.09,0.47,0,0,4.355,88.26,Ineffective
R03120,3,1,2,25.695,-0.2904,1.3665,2.694,1,-17.641,18.974,0,0,0,0,125.7,damper,46.75,10.61,0.601,0,0,6.244,85.84,Harmful
R03121,4,3,1,36.831,1.4554,-0.3073,2.275,1,16.789,18.426,1,0,0,0,41.6,damper,10.2,4.86,0.6918,1,1,2.593,86.07,Harmful
R03122,2,1,1,44.077,1.4036,0.3486,1.629,1,10.399,20.109,0,0,0,0,108.9,damper,48.42,18.29,0.8782,1,1,21.507,88.72,Harmful
R03123,3,2,1,15.746,0.142,0.5791,1.276,0,2.698,19.683,0,0,0,0,155.3,door,29.65,9.44,0.8099,1,0,-5.079,100.0,Protective
R03124,2,1,1,56.933,-0.4915,0.9482,2.17,0,22.9,17.167,0,1,1,0,37.7,fan,10.98,6.48,0.8419,1,0,10.681,100.0,Inconsistent
R03125,4,1,3,24.59,0.6096,-0.4212,0.227,1,-2.554,20.834,0,0,0,0,167.4,valve,59.55,13.52,0.5728,1,0,8.516,98.38,Harmful
R03126,4,2,2,28.066,-0.4256,0.6531,1.668,0,6.028,19.224,0,1,0,0,29.0,door,53.69,19.92,0.5887,1,0,-5.791,90.76,Protective
R03127,4,2,2,43.418,-1.8469,-1.082,2.1,0,1.856,17.753,0,0,0,0,98.8,fan,27.88,17.19,0.6253,1,1,-11.934,92.17,Protective
R03128,3,4,1,38.483,-0.0387,-2.2503,2.311,0,0.74,17.064,0,0,0,0,99.0,pump,44.1,6.52,0.9109,1,0,-7.859,79.54,Protective
R03129,4,1,3,29.207,1.3225,-0.3481,1.463,1,6.885,19.209,0,0,0,0,143.3,pump,41.89,14.83,0.6056,1,1,0.2,90.87,Ineffective
R03130,2,3,1,40.736,-0.0324,0.7347,2.286,0,0.696,19.376,0,0,0,0,40.9,damper,59.27,6.58,0.8846,1,0,-21.357,100.0,Protective
R03131,2,1,1,54.656,1.6691,-0.1122,0.468,0,6.992,17.398,0,0,0,1,58.3,pump,19.08,11.22,0.8063,0,0,-0.052,45.78,Ineffective
R03132,4,2,2,49.016,-0.2046,-0.135,0.853,1,-10.047,19.18,1,0,0,1,92.5,damper,20.66,4.53,0.6773,0,1,0.098,32.32,Inconsistent
R03133,1,2,1,50.334,0.1389,0.4555,0.605,1,-9.579,18.727,0,0,0,0,254.2,valve,43.5,7.2,0.9359,0,0,13.927,80.88,Harmful
R03134,3,2,1,19.212,0.933,0.4224,1.152,1,-10.115,18.751,0,1,0,0,75.9,door,13.76,19.83,0.5803,1,0,3.504,91.7,Harmful
R03135,1,4,3,28.067,0.1438,0.5219,1.164,0,-5.472,20.901,0,0,0,0,276.7,pump,51.05,10.19,0.6999,1,1,0.011,87.65,Ineffective
R03136,3,2,1,35.46,-1.1012,-1.2117,1.247,1,15.199,18.184,0,0,0,0,50.7,valve,20.7,15.36,0.6719,1,0,3.845,80.16,Harmful
R03137,2,1,1,7.43,1.4027,0.2976,1.504,1,-6.933,20.537,0,0,0,0,62.3,fan,48.35,9.89,0.8641,0,0,-8.047,98.18,Protective
R03138,2,1,1,47.339,1.0483,0.5243,1.422,1,9.787,18.378,0,0,0,0,47.3,fan,17.68,2.03,0.8502,1,1,1.742,93.08,Harmful
R03139,2,3,1,22.79,-2.2194,-1.4654,1.573,0,3.982,17.718,1,1,0,0,122.2,fan,47.02,13.78,0.7758,0,0,-11.678,85.46,Protective
R03140,2,1,1,20.543,-0.2167,-1.4791,2.307,0,-6.621,17.609,0,1,0,0,28.8,fan,14.01,9.54,0.9225,1,1,-7.04,90.29,Protective
R03141,2,4,2,19.261,-0.0085,0.0353,0.598,1,19.638,20.763,0,0,0,0,60.6,damper,15.21,6.71,0.8578,1,0,-0.77,89.26,Ineffective
R03142,2,4,2,20.586,0.3467,0.4085,1.182,1,11.042,17.093,0,1,0,0,27.9,valve,12.43,5.52,0.7371,0,0,-3.39,87.02,Ineffective
R03143,3,1,2,23.591,-1.4381,-0.088,0.2,0,0.027,17.877,1,0,0,0,39.9,door,42.98,10.75,0.6692,1,0,-3.177,79.16,Ineffective
R03144,4,2,2,38.265,1.2162,-0.1563,0.279,1,-1.217,18.362,0,1,0,0,107.5,door,18.28,18.16,0.7786,0,0,3.256,100.0,Harmful
R03145,3,1,2,37.096,2.5618,-0.1973,1.898,1,1.406,19.627,1,0,0,0,268.9,fan,28.17,8.14,0.3355,0,1,-3.712,87.98,Ineffective
R03146,3,2,1,19.064,0.165,-0.4952,2.653,0,-22.943,18.503,0,0,0,1,58.9,door,54.44,12.18,0.4506,1,1,-7.028,20.5,Inconsistent
R03147,4,1,3,16.353,-1.3594,0.6985,1.057,1,-12.374,17.082,0,0,0,0,33.9,door,25.86,2.92,0.6505,1,0,2.745,89.37,Harmful
R03148,4,1,3,50.45,1.0856,1.6446,1.325,1,6.938,19.068,1,0,0,0,266.2,valve,18.22,15.0,0.6806,0,0,3.642,79.92,Harmful
R03149,1,2,1,10.1,0.6054,-1.8204,0.788,1,-23.744,20.538,0,0,0,0,57.1,damper,43.48,16.09,0.6347,0,1,3.489,77.07,Harmful
R03150,3,2,1,33.205,-1.201,0.523,0.6,0,-11.214,20.546,0,0,0,0,61.3,damper,17.94,8.79,0.7422,0,1,-4.215,96.89,Ineffective
R03151,1,3,2,33.631,0.2536,-0.2112,2.675,0,-5.888,20.966,1,0,0,0,248.0,valve,46.45,9.91,0.5486,1,0,-6.262,80.48,Protective
R03152,1,3,2,36.578,1.6798,0.9257,1.802,1,43.555,18.37,1,0,0,1,119.9,damper,32.26,3.25,0.7012,1,0,7.462,65.42,Harmful
R03153,4,2,2,53.711,-0.7685,1.0855,2.174,0,10.106,17.49,0,0,0,0,240.3,pump,56.71,18.57,0.5558,1,0,-14.1,83.86,Protective
R03154,1,3,2,39.315,-1.7437,-0.8551,2.669,0,16.46,17.278,0,1,0,0,60.1,pump,21.61,11.92,0.9401,0,0,-4.685,97.18,Ineffective
R03155,4,2,2,58.55,-2.1117,0.8443,1.848,0,-12.077,20.468,0,1,0,0,71.4,fan,34.33,4.51,0.8946,1,0,-3.529,89.04,Ineffective
R03156,4,1,3,52.924,0.1343,-0.854,0.705,1,5.431,19.993,0,0,0,0,189.2,fan,52.56,15.39,0.8782,1,0,13.594,100.0,Harmful
R03157,4,1,3,16.811,0.6445,0.5276,2.197,1,-26.403,19.51,1,0,0,0,91.6,fan,42.45,16.01,0.4931,0,0,2.578,69.96,Harmful
R03158,3,2,1,18.265,-0.616,-0.3425,2.294,0,-4.959,18.987,0,0,0,0,66.5,damper,20.24,5.62,0.5784,0,0,-7.265,87.81,Protective
R03159,4,2,2,23.963,0.1167,0.4463,1.359,1,7.58,18.829,0,1,0,1,36.3,damper,13.54,10.16,0.9256,1,1,-2.577,51.76,Ineffective
R03160,1,2,1,26.533,1.3679,-0.589,1.927,1,-21.264,18.976,0,0,0,0,273.8,valve,38.05,9.98,0.6467,0,1,6.188,91.15,Harmful
R03161,4,2,2,35.415,1.2628,0.8369,1.557,1,5.897,18.455,0,0,1,0,44.9,valve,38.44,8.71,0.6019,1,1,10.194,88.95,Inconsistent
R03162,1,3,2,17.788,0.0996,1.4863,1.132,0,7.141,18.899,1,0,0,0,80.5,damper,20.73,17.57,0.759,1,1,-4.131,86.2,Ineffective
R03163,2,3,1,17.229,1.6165,-0.5719,2.083,1,-9.038,17.841,0,1,0,0,64.6,damper,49.54,14.73,0.842,0,0,8.99,96.13,Harmful
R03164,1,2,1,25.976,0.1437,0.5896,0.893,1,-12.522,17.471,0,0,0,0,547.1,pump,21.81,17.91,0.6135,1,0,6.616,86.82,Harmful
R03165,2,1,1,41.961,-1.1946,0.7559,1.117,0,-10.729,17.845,0,0,0,0,79.2,fan,58.6,11.54,0.6176,1,0,-26.741,90.9,Protective
R03166,3,4,1,42.847,0.2777,0.1033,1.336,1,-5.204,20.884,1,0,0,0,24.3,damper,45.58,16.57,0.9474,1,1,-17.629,100.0,Protective
R03167,2,3,1,58.686,0.2087,1.7604,1.921,1,-4.752,20.963,0,0,0,0,31.1,damper,40.29,6.26,0.6133,0,0,17.166,96.76,Harmful
R03168,4,2,2,16.133,-1.2513,-0.0297,2.586,1,7.644,20.006,1,0,0,0,53.4,pump,42.75,7.03,0.6857,1,1,-0.788,88.23,Ineffective
R03169,3,1,2,26.607,0.2544,0.2837,1.922,1,-8.016,20.349,0,0,0,0,24.1,door,10.33,10.89,0.7355,0,1,1.528,100.0,Harmful
R03170,3,2,1,58.057,1.0049,-1.0932,2.233,0,24.032,17.414,1,0,0,0,40.4,door,28.04,10.84,0.7186,1,0,-12.205,91.73,Protective
R03171,4,3,1,42.95,1.6009,0.5266,1.019,1,23.923,17.492,0,1,0,0,33.5,valve,53.34,2.78,0.3009,0,0,2.344,81.15,Harmful
R03172,2,3,1,37.575,0.4252,-0.097,1.845,0,3.543,17.371,0,1,0,1,132.1,door,56.08,12.54,0.6761,1,0,-1.281,28.7,Inconsistent
R03173,2,4,2,34.681,0.9316,1.0359,0.491,1,-5.17,17.253,1,0,0,0,31.7,door,19.57,2.28,0.4128,1,0,3.393,82.9,Harmful
R03174,4,1,3,9.153,2.2489,-0.2362,1.497,1,-7.999,19.989,0,0,0,0,163.1,door,54.92,5.47,0.9762,1,0,6.243,100.0,Harmful
R03175,3,1,2,54.136,-0.2602,-0.282,2.132,1,4.751,17.226,0,0,1,0,81.0,damper,28.66,7.65,0.7076,1,0,-0.291,78.63,Inconsistent
R03176,3,4,1,39.403,-0.1648,0.8625,0.703,1,7.376,20.796,1,1,0,0,104.6,damper,44.8,17.08,0.7458,0,0,-5.995,81.47,Protective
R03177,2,3,1,36.442,1.9243,1.7972,2.726,1,-3.015,19.616,0,0,1,0,209.0,damper,53.76,5.53,0.7266,1,0,19.247,95.51,Inconsistent
R03178,1,4,3,34.673,0.8276,1.029,1.368,1,-5.897,17.684,1,0,0,0,119.2,pump,21.12,9.03,0.8855,1,0,1.728,89.97,Harmful
R03179,1,2,1,26.555,-0.7712,1.7474,2.079,0,5.291,20.27,0,0,0,0,263.8,valve,16.8,13.63,0.5741,1,0,-5.823,88.44,Protective
R03180,1,3,2,19.007,1.3519,0.9553,1.516,1,1.036,20.295,1,0,0,0,78.0,pump,33.64,4.69,0.3661,1,1,6.875,92.17,Harmful
R03181,1,2,1,46.543,-0.5385,0.4193,2.25,0,-8.582,19.256,1,0,1,1,41.2,fan,41.14,3.33,0.4694,1,1,-4.349,0.0,Inconsistent
R03182,3,2,1,33.026,-0.0375,1.0793,1.836,1,1.696,17.364,0,1,0,0,287.4,fan,38.39,2.13,0.7819,1,0,-3.354,100.0,Ineffective
R03183,1,4,3,6.867,-0.0654,1.8882,0.543,1,-9.079,18.603,0,0,0,0,49.5,damper,43.99,19.33,0.701,0,1,5.404,84.75,Harmful
R03184,3,1,2,26.95,0.2215,1.1376,2.789,0,-11.275,19.194,0,0,0,0,323.2,door,55.94,2.71,0.7936,0,1,-4.111,90.33,Ineffective
R03185,4,3,1,56.073,1.0058,-0.6849,2.048,1,-0.075,19.975,0,0,0,0,90.2,damper,15.73,13.75,0.8894,1,0,9.799,100.0,Harmful
R03186,4,2,2,25.564,2.3167,1.2006,1.522,1,-8.62,18.194,0,0,0,0,67.6,damper,58.18,2.08,0.8365,1,0,7.962,96.86,Harmful
R03187,2,3,1,27.728,0.5099,0.6654,2.094,1,-10.995,20.493,0,0,0,0,188.2,pump,18.04,16.88,0.8939,1,0,8.07,97.93,Harmful
R03188,1,2,1,39.318,0.4929,0.206,0.931,1,15.686,18.003,0,0,0,0,51.3,door,56.63,14.05,0.8876,1,0,22.097,91.54,Harmful
R03189,4,1,3,49.092,1.3396,-1.8729,2.353,0,-5.883,20.993,1,0,0,0,176.0,fan,47.93,19.64,0.6252,1,1,-5.536,84.26,Protective
R03190,1,2,1,41.765,1.7856,-1.1402,1.351,1,27.65,17.46,1,0,0,1,46.1,damper,50.57,18.85,0.4934,1,1,22.232,50.02,Harmful
R03191,3,4,1,51.753,0.0449,-0.4645,2.454,0,9.4,20.332,0,0,0,0,50.4,door,53.73,19.37,0.5953,1,0,-29.301,93.52,Protective
R03192,3,4,1,11.268,-0.761,-1.0646,0.967,1,-12.311,17.529,0,0,0,0,25.4,door,15.64,3.38,0.4169,0,0,-1.259,75.81,Ineffective
R03193,1,3,2,55.853,-0.0119,0.0562,2.413,1,17.396,20.037,1,0,0,0,106.0,door,43.19,12.54,0.7886,1,0,6.265,96.06,Harmful
R03194,3,4,1,54.716,-0.2541,1.1143,2.739,1,-10.749,20.449,0,0,0,0,116.5,damper,27.3,15.44,0.7629,1,0,11.461,87.83,Harmful
R03195,1,3,2,33.553,0.8365,-0.181,2.946,1,29.6,18.252,1,0,0,0,69.0,valve,29.01,4.23,0.6509,0,1,-0.978,84.83,Ineffective
R03196,1,3,2,39.361,-0.6083,-0.0165,2.375,0,3.393,17.405,0,0,0,0,312.2,door,36.31,5.77,0.5265,1,0,-6.327,90.22,Protective
R03197,4,3,1,16.705,1.5029,-1.17,2.171,0,8.139,21.0,0,0,0,0,203.5,valve,39.94,9.35,0.4145,0,0,-4.485,79.49,Ineffective
R03198,4,2,2,29.637,-0.7714,0.6988,1.656,1,0.464,20.884,0,0,0,0,295.1,door,45.13,17.29,0.9161,0,0,7.948,91.18,Harmful
R03199,2,1,1,16.149,-0.3613,0.9081,0.496,1,3.988,20.027,0,0,0,0,146.8,pump,40.53,16.69,0.6856,1,0,9.293,92.38,Harmful
R03200,4,2,2,6.209,0.1446,-1.5229,1.768,0,-3.437,18.546,0,1,0,0,173.6,fan,21.35,16.69,0.8897,1,0,-4.022,97.62,Ineffective
R03201,4,1,3,58.95,1.3214,-0.3519,1.777,1,-13.887,17.538,0,0,0,0,137.8,damper,28.11,6.95,0.4946,0,0,-0.705,84.08,Ineffective
R03202,4,2,2,19.253,-1.7871,-0.8672,0.381,1,5.095,18.672,0,0,0,0,320.3,valve,53.06,15.78,0.7388,0,0,4.21,86.34,Harmful
R03203,1,3,2,37.621,-0.9354,0.9092,2.134,1,15.372,19.881,0,1,0,0,153.7,valve,45.7,3.7,0.7908,1,1,0.132,85.89,Ineffective
R03204,2,4,2,21.514,0.5364,0.564,0.617,1,-17.86,17.609,0,1,0,0,92.4,door,33.0,19.07,0.5961,1,1,6.217,89.22,Harmful
R03205,3,1,2,25.384,2.156,0.3503,1.871,1,23.107,17.067,0,1,0,0,156.8,damper,21.88,10.93,0.5473,1,0,3.497,87.36,Harmful
R03206,4,2,2,26.877,2.6878,0.2717,1.523,1,9.017,20.616,0,0,0,0,143.3,pump,51.61,14.91,0.813,1,1,6.172,99.18,Harmful
R03207,4,1,3,23.428,-0.5145,0.2228,2.65,0,-6.554,19.8,0,1,0,0,206.5,door,22.48,19.53,0.8214,1,0,-2.879,99.1,Ineffective
R03208,2,3,1,40.057,0.6294,0.7429,0.85,1,-6.822,19.775,1,0,1,0,150.0,pump,55.21,9.47,0.8325,1,0,12.774,87.97,Inconsistent
R03209,1,4,3,57.851,-0.9369,-0.5956,0.679,0,27.962,20.789,0,1,0,0,76.2,valve,31.99,7.46,0.6904,1,1,-6.324,97.88,Protective
R03210,4,3,1,28.575,0.5332,-0.7356,1.743,0,14.081,19.083,0,0,0,0,20.7,door,43.12,7.68,0.6901,1,0,-10.221,84.42,Protective
R03211,2,3,1,58.533,2.3285,0.341,1.489,1,17.101,18.272,1,0,0,0,30.2,valve,21.13,3.67,0.8926,0,0,-4.296,98.51,Ineffective
R03212,2,1,1,41.729,2.056,0.2103,0.652,1,-3.766,20.638,1,0,0,0,111.7,valve,17.66,14.18,0.8395,1,1,-3.365,100.0,Ineffective
R03213,4,3,1,38.392,0.771,2.4607,1.918,1,8.333,20.943,0,0,0,0,28.6,pump,21.85,19.93,0.8358,0,1,8.09,100.0,Harmful
R03214,3,4,1,18.041,-0.9385,-0.4839,2.736,0,5.241,17.082,1,0,0,0,83.0,fan,37.86,17.71,0.8481,0,1,-13.504,98.14,Protective
R03215,2,1,1,8.461,0.8082,0.6897,2.273,1,-2.62,18.323,1,0,0,0,147.8,pump,44.39,19.4,0.7971,1,0,4.677,99.75,Harmful
R03216,1,3,2,51.856,1.2808,0.3659,0.787,0,1.639,18.45,1,0,0,0,246.2,damper,34.08,5.8,0.8439,0,0,-1.632,93.51,Ineffective
R03217,2,1,1,36.569,-0.5005,1.3005,0.868,0,16.651,17.445,0,0,0,0,35.9,damper,49.36,3.25,0.7592,1,0,-7.645,89.82,Protective
R03218,4,2,2,27.793,-1.9154,-0.9112,1.761,0,23.994,17.886,0,1,0,0,50.4,fan,17.58,6.97,0.6506,1,0,-6.962,98.76,Protective
R03219,2,4,2,49.658,0.44,1.7396,2.097,1,-3.772,17.098,1,0,0,1,64.9,pump,56.86,12.97,0.7187,1,0,4.988,35.98,Inconsistent
R03220,3,4,1,22.082,-0.379,-0.2474,2.941,0,-19.696,19.786,0,0,0,1,61.9,fan,40.0,15.18,0.5761,1,1,-6.613,48.11,Protective
R03221,2,3,1,48.099,-1.9213,2.4013,0.493,0,24.654,17.428,1,1,0,0,133.8,door,26.61,16.09,0.7084,1,0,-13.101,86.75,Protective
R03222,4,2,2,23.038,0.132,0.2626,1.73,0,24.842,20.551,0,0,0,0,89.8,fan,37.37,2.84,0.318,0,0,-0.185,81.11,Ineffective
R03223,4,3,1,55.648,1.306,-0.8289,2.965,1,6.006,19.336,1,0,0,1,319.5,valve,32.1,12.93,0.7952,1,1,10.218,38.02,Inconsistent
R03224,3,2,1,19.738,1.7599,-0.2972,0.511,0,26.889,18.425,1,0,0,0,347.2,valve,50.41,6.77,0.8151,1,1,-9.44,92.2,Protective
R03225,4,3,1,12.565,-0.5324,1.7363,2.923,1,4.914,20.236,0,0,0,0,218.8,fan,24.32,6.73,0.7104,0,0,10.331,83.74,Harmful
R03226,3,1,2,43.395,0.6305,-0.0185,1.494,0,-13.636,19.603,0,0,0,0,70.8,door,41.2,16.11,0.8792,1,1,-4.185,82.82,Ineffective
R03227,2,4,2,13.957,1.7668,0.3404,2.209,1,-19.682,20.012,1,0,0,0,306.2,door,46.52,18.1,0.736,1,0,6.222,80.93,Harmful
R03228,3,1,2,57.215,1.3196,1.119,1.391,1,-19.825,20.511,1,0,0,0,166.3,door,58.62,12.76,0.448,1,0,15.632,89.1,Harmful
R03229,4,3,1,41.056,-1.1068,-0.445,2.555,0,0.068,20.231,1,0,0,0,58.9,door,14.53,2.34,0.5402,1,1,-5.866,83.89,Protective
R03230,4,1,3,17.697,-0.2649,0.1893,2.744,1,-6.994,20.117,1,0,0,0,70.1,fan,41.08,7.9,0.6771,1,0,3.146,89.51,Harmful
R03231,1,2,1,16.485,-0.0028,-1.0447,0.667,0,-8.683,19.919,0,0,0,0,175.2,fan,28.15,18.92,0.516,0,1,-4.344,81.95,Ineffective
R03232,3,2,1,55.813,-0.0098,1.6288,2.292,0,-1.604,18.51,1,0,0,0,328.3,door,29.64,13.18,0.8704,1,1,-8.424,82.91,Protective
R03233,1,3,2,38.432,-0.6594,-1.3226,0.258,0,12.87,19.607,0,0,0,0,82.4,damper,31.28,17.02,0.8939,0,1,-9.65,100.0,Protective
R03234,3,1,2,54.155,1.1916,0.0695,0.975,0,-8.205,19.263,0,0,0,0,71.6,pump,26.83,10.6,0.8142,1,0,-0.955,95.27,Ineffective
R03235,3,2,1,11.062,0.3992,0.8799,1.747,1,-10.731,20.854,0,0,0,0,86.5,damper,36.45,10.04,0.6187,1,0,3.913,91.56,Harmful
R03236,2,1,1,55.897,-1.0937,0.3863,1.889,1,-7.215,19.004,1,0,0,0,64.9,pump,22.2,11.97,0.6212,0,1,10.87,100.0,Harmful
R03237,4,1,3,33.603,-0.3241,-1.3539,1.223,0,13.814,17.887,1,1,0,0,32.5,door,52.49,17.18,0.6835,0,1,-5.732,90.13,Protective
R03238,4,2,2,41.763,1.2803,-0.5988,0.957,1,-1.05,18.831,0,0,1,0,349.1,fan,51.78,19.05,0.3694,1,1,18.365,73.3,Inconsistent
R03239,1,3,2,25.508,1.142,0.9225,0.681,1,4.199,18.659,0,0,0,0,40.0,door,14.66,11.62,0.4321,1,0,5.026,85.33,Harmful
R03240,1,4,3,8.253,1.1342,-0.3799,0.871,1,23.295,18.874,1,0,0,0,40.7,damper,13.76,19.23,0.7067,1,0,0.705,82.28,Ineffective
R03241,1,4,3,57.688,2.294,-1.672,0.565,1,42.649,19.324,0,0,1,0,107.8,damper,30.88,16.11,0.7502,1,0,-3.133,92.9,Inconsistent
R03242,4,2,2,59.703,-1.2148,0.287,0.931,0,9.606,20.792,0,0,0,0,39.4,door,43.43,15.97,0.6296,1,0,-11.008,89.5,Protective
R03243,3,2,1,25.05,0.3763,-0.4725,2.5,1,8.12,18.124,0,0,1,0,75.7,door,40.07,19.0,0.7763,0,0,31.912,91.25,Inconsistent
R03244,3,1,2,56.913,2.3451,1.0312,1.005,1,-17.768,20.877,0,0,0,0,338.6,pump,20.36,4.53,0.9226,0,1,2.881,98.11,Harmful
R03245,4,3,1,14.225,-2.0673,-0.3016,2.742,0,5.528,20.118,1,0,1,1,59.2,fan,37.54,2.88,0.5484,1,0,1.911,40.83,Inconsistent
R03246,4,2,2,13.508,-0.1537,-0.3498,0.887,0,0.93,17.732,0,1,0,0,169.1,damper,11.02,4.15,0.5379,1,0,-8.312,86.93,Protective
R03247,1,3,2,9.021,2.0289,0.4522,1.577,1,13.384,18.122,1,0,0,1,131.1,damper,18.27,12.2,0.8918,0,1,0.01,17.51,Inconsistent
R03248,1,3,2,26.52,1.114,-1.2385,0.669,0,-5.878,20.637,1,0,0,0,36.3,door,23.97,17.46,0.4994,1,1,-1.287,89.68,Ineffective
R03249,2,1,1,7.877,1.4601,-0.4255,0.248,1,3.011,20.205,0,0,0,0,82.1,fan,46.54,2.93,0.8285,0,0,5.833,92.14,Harmful
R03250,2,4,2,26.706,0.5854,-0.3599,1.952,0,9.078,17.573,0,0,0,0,159.5,door,47.62,11.16,0.5924,1,1,-1.229,75.45,Ineffective
R03251,3,4,1,12.611,-0.241,-0.7443,1.146,1,28.478,19.338,1,0,0,0,111.3,door,16.14,13.28,0.6378,0,0,5.685,82.59,Harmful
R03252,1,2,1,45.179,2.1732,1.1138,1.166,1,23.457,18.108,0,0,0,0,22.1,damper,18.42,12.97,0.4821,0,0,13.116,84.48,Harmful
R03253,2,4,2,50.835,-0.4001,0.0926,1.342,1,18.991,19.519,1,0,1,0,158.6,fan,19.81,7.23,0.8449,0,0,14.217,97.28,Inconsistent
R03254,1,4,3,42.83,-1.2404,-1.5494,2.378,0,10.907,17.694,0,1,0,0,32.4,door,38.54,6.35,0.5342,1,1,-5.687,90.48,Protective
R03255,1,3,2,16.027,1.1879,-0.159,1.319,1,-6.47,18.408,0,0,0,0,43.8,door,14.27,2.41,0.636,1,1,1.932,99.33,Harmful
R03256,1,3,2,47.177,0.307,0.5012,0.442,1,10.898,18.554,1,0,0,0,118.7,valve,49.38,4.87,0.4886,1,1,5.301,85.0,Harmful
R03257,1,4,3,18.723,0.1067,-0.5461,0.981,0,-11.584,19.151,0,0,0,0,131.8,pump,43.84,2.23,0.8104,0,1,1.392,100.0,Ineffective
R03258,3,1,2,46.772,1.2308,0.7998,1.813,1,-3.093,17.957,0,0,0,0,160.9,door,45.57,10.79,0.9563,1,0,9.635,100.0,Harmful
R03259,2,1,1,36.207,1.6781,0.474,2.982,0,26.676,19.911,0,0,0,1,293.2,door,24.73,13.93,0.7702,0,0,2.634,30.59,Inconsistent
R03260,2,4,2,25.169,1.2337,2.8017,0.601,1,8.07,20.237,1,0,0,0,113.2,damper,37.54,13.0,0.624,1,1,9.614,87.16,Harmful
R03261,2,1,1,9.592,0.1815,1.5506,1.106,1,3.405,19.56,0,0,0,0,175.1,valve,25.27,14.93,0.7652,0,1,9.099,86.88,Harmful
R03262,3,2,1,50.513,1.4765,-1.2364,1.56,1,5.336,20.612,1,1,0,0,382.3,fan,31.56,3.49,0.9326,1,0,7.366,94.56,Harmful
R03263,4,2,2,56.681,-0.0318,0.0398,2.845,1,-1.407,20.162,0,1,0,1,68.0,valve,14.45,12.19,0.7039,1,0,0.238,51.58,Ineffective
R03264,3,4,1,41.625,1.7132,0.1334,0.504,1,-32.337,17.176,0,1,0,0,239.0,fan,19.8,5.67,0.7061,0,0,10.136,92.18,Harmful
R03265,3,1,2,58.05,0.8646,0.9751,2.423,1,-18.966,17.339,0,0,0,0,342.4,fan,14.12,13.62,0.6453,0,0,7.682,69.56,Harmful
R03266,3,4,1,56.376,0.3005,-1.0336,2.224,0,9.259,19.64,0,0,0,0,86.2,damper,40.96,16.54,0.6595,0,1,-23.419,84.21,Protective
R03267,3,1,2,15.703,-0.9807,-0.1313,1.058,1,-13.808,19.888,0,0,0,0,88.1,fan,50.2,13.48,0.6301,0,0,-1.551,81.97,Ineffective
R03268,1,2,1,45.217,-1.4507,-0.8444,2.367,1,-1.614,20.872,0,0,0,0,535.9,damper,58.97,9.11,0.8017,1,1,10.373,83.8,Harmful
R03269,4,2,2,24.212,-1.6014,-0.7023,1.81,0,-18.412,17.013,0,1,0,0,24.8,pump,44.27,8.96,0.8637,1,1,-4.844,88.87,Ineffective
R03270,1,3,2,31.813,2.5458,-0.165,0.68,1,-10.78,17.948,0,0,0,0,48.2,door,52.94,12.06,0.808,0,1,14.764,89.82,Harmful
R03271,2,3,1,13.633,-1.2482,-0.413,1.0,0,-0.064,20.327,0,0,0,0,40.2,damper,27.27,18.06,0.6948,0,1,-9.573,82.71,Protective
R03272,3,4,1,58.613,0.6323,-1.2865,1.119,0,13.858,20.566,0,1,0,0,104.2,pump,50.11,13.82,0.5157,0,0,-9.235,86.69,Protective
R03273,2,4,2,44.938,0.1581,1.382,1.104,1,16.865,18.858,0,0,0,0,56.7,valve,21.31,3.77,0.7621,0,1,4.305,100.0,Harmful
R03274,1,2,1,19.68,-0.34,0.3722,2.29,0,-11.02,18.935,0,0,0,0,56.4,pump,37.71,16.13,0.6616,0,0,-3.95,95.59,Ineffective
R03275,4,3,1,25.431,-0.1447,-1.5488,2.049,0,4.601,20.414,1,1,0,0,187.3,fan,28.87,2.95,0.5414,0,0,-2.853,91.57,Ineffective
R03276,1,4,3,28.237,2.4438,0.426,2.496,1,-21.381,18.84,0,0,0,0,207.1,pump,44.38,8.72,0.8909,1,1,5.989,100.0,Harmful
R03277,1,4,3,46.114,0.4845,-1.6653,1.63,0,0.846,20.15,1,0,0,0,122.0,valve,39.31,8.8,0.5222,1,0,-7.574,91.07,Protective
R03278,4,1,3,55.913,1.185,1.7423,1.181,1,14.3,20.795,0,1,0,0,79.5,valve,48.89,13.23,0.5651,1,1,2.33,90.82,Harmful
R03279,3,2,1,22.679,1.1967,1.5141,0.39,0,-1.006,18.047,1,1,0,0,84.3,fan,21.56,17.05,0.8439,0,0,-4.678,81.97,Ineffective
R03280,1,3,2,30.988,0.1668,0.3443,2.424,1,19.735,18.098,0,0,0,0,132.6,door,54.66,6.97,0.9043,0,0,8.944,100.0,Harmful
R03281,4,2,2,37.626,1.8683,-0.4526,0.409,1,12.554,20.754,0,0,0,0,33.8,fan,25.71,13.42,0.7182,0,1,7.998,88.78,Harmful
R03282,4,1,3,26.634,0.8013,-0.7643,1.044,0,3.62,18.697,0,0,1,1,284.0,fan,13.41,12.41,0.7896,1,0,-15.017,42.46,Inconsistent
R03283,1,3,2,32.73,1.6899,-0.0537,2.073,1,-3.746,17.063,1,1,0,0,52.8,fan,29.75,12.98,0.3274,0,0,7.505,87.41,Harmful
R03284,2,1,1,10.814,-0.255,-0.2068,2.34,0,-8.015,19.01,1,0,0,0,180.8,pump,11.66,2.34,0.5895,1,1,-0.783,84.38,Ineffective
R03285,2,3,1,14.222,-0.5373,1.2705,0.392,0,-21.87,19.467,1,0,0,0,100.1,fan,42.84,11.21,0.7513,1,0,-12.833,92.28,Protective
R03286,1,2,1,27.061,-0.9698,0.8556,1.901,0,-19.427,17.979,0,1,0,0,26.8,door,19.42,18.85,0.5659,1,0,-5.424,77.4,Protective
R03287,1,3,2,55.322,-0.9072,0.871,0.584,0,14.924,19.91,0,0,0,0,75.5,pump,46.99,6.44,0.4755,1,0,-4.378,77.21,Ineffective
R03288,1,3,2,24.215,-1.017,0.0706,2.32,0,22.705,17.932,1,0,0,0,65.7,damper,55.44,16.14,0.9037,1,1,-11.195,96.22,Protective
R03289,1,3,2,18.739,0.2668,-1.2536,2.244,0,-16.216,17.479,0,0,0,0,22.4,fan,39.49,14.98,0.9466,1,1,-11.948,84.19,Protective
R03290,2,4,2,45.857,-0.3283,-0.8701,2.295,0,1.023,17.997,0,0,0,0,28.8,fan,43.22,19.75,0.8501,1,0,-15.891,100.0,Protective
R03291,2,3,1,57.202,1.2314,0.4607,0.379,1,-23.617,19.136,1,0,0,0,303.8,pump,31.38,7.72,0.4628,0,1,12.975,78.72,Harmful
R03292,1,2,1,30.252,0.3879,-1.3011,1.766,0,-14.652,20.423,0,0,0,0,65.0,valve,14.42,17.34,0.6033,1,1,-4.101,90.98,Ineffective
R03293,2,3,1,5.473,-0.2598,0.704,0.874,1,3.897,19.117,0,0,0,0,58.8,pump,31.52,6.97,0.5881,0,0,3.431,77.73,Harmful
R03294,1,2,1,42.848,-0.2898,1.2051,1.588,1,-7.78,20.396,1,0,0,1,178.3,damper,30.51,10.25,0.7367,0,0,-5.483,37.27,Inconsistent
R03295,4,3,1,27.828,0.5713,0.9453,2.97,1,-28.743,17.257,1,0,0,0,102.2,fan,29.3,10.68,0.4514,1,1,5.318,81.63,Harmful
R03296,1,4,3,42.051,0.0249,0.9052,0.453,1,25.783,18.49,0,0,0,0,65.2,door,41.24,14.64,0.724,1,1,5.66,77.51,Harmful
R03297,4,2,2,20.274,-0.0804,-1.4663,1.863,1,-0.737,18.741,1,0,1,0,26.6,valve,35.62,6.46,0.8532,1,1,-3.506,98.0,Inconsistent
R03298,3,4,1,5.132,2.4957,1.7334,0.662,1,-16.566,20.207,1,0,0,0,38.1,door,55.47,8.06,0.7503,1,1,10.127,100.0,Harmful
R03299,4,2,2,23.947,-1.6334,-1.6674,1.628,0,1.921,19.443,0,0,0,0,57.3,fan,47.86,19.56,0.9934,1,1,-11.267,98.37,Protective
R03300,3,2,1,43.764,1.9231,-0.2527,1.659,0,-1.213,20.14,1,0,0,1,44.8,pump,45.64,13.76,0.7652,1,0,-1.842,20.33,Inconsistent
R03301,2,3,1,26.621,0.1889,0.5185,1.477,0,6.327,18.354,1,1,0,0,307.6,damper,55.24,11.9,0.5785,0,1,-4.68,81.13,Ineffective
R03302,3,1,2,17.055,0.8862,0.2586,1.991,0,-5.098,20.736,1,0,0,0,171.2,damper,33.98,3.0,0.6368,0,0,-0.075,81.22,Ineffective
R03303,2,4,2,30.52,0.7683,-1.3778,2.928,0,4.714,20.255,0,0,0,0,78.0,pump,55.95,19.96,0.7585,1,0,-8.466,92.37,Protective
R03304,1,2,1,46.379,0.517,-1.1983,2.455,0,14.155,20.662,0,0,0,0,174.2,fan,30.73,15.78,0.873,0,0,-7.404,93.65,Protective
R03305,2,4,2,11.569,2.4618,0.6871,2.884,1,-19.773,18.051,0,0,0,0,430.7,valve,24.41,19.59,0.5917,0,0,8.199,83.99,Harmful
R03306,2,4,2,43.046,-1.1824,0.4108,0.73,0,-10.399,17.026,0,0,0,0,159.5,valve,49.55,8.05,0.6698,1,1,-6.214,82.28,Protective
R03307,1,3,2,41.704,0.6436,-0.7072,2.981,1,12.589,19.462,0,0,0,0,139.1,door,50.04,4.28,0.8493,0,0,7.411,92.93,Harmful
R03308,1,4,3,25.391,-0.0528,0.7926,1.054,1,-8.271,18.97,0,1,0,0,39.1,fan,30.55,15.43,0.5328,0,1,1.142,83.57,Harmful
R03309,4,2,2,58.368,-0.8961,-1.1153,0.296,1,-1.225,20.116,0,1,0,1,166.6,door,41.71,15.27,0.8558,1,0,2.964,53.04,Harmful
R03310,3,4,1,54.209,-0.7612,0.5244,1.421,0,-7.056,17.39,0,0,0,0,126.5,door,53.34,17.67,0.7831,0,1,-26.739,93.88,Protective
R03311,2,3,1,22.389,1.7725,-0.9838,0.889,0,-6.12,19.382,1,0,0,0,35.4,damper,11.43,2.13,0.6039,0,1,0.095,73.66,Ineffective
R03312,4,2,2,6.71,0.6265,0.4805,2.334,1,-7.394,17.796,0,0,0,0,74.4,pump,48.22,12.57,0.6702,1,1,4.149,97.07,Harmful
R03313,1,4,3,21.957,1.8835,-0.1874,0.443,0,-18.88,19.058,0,0,0,0,136.1,door,27.43,4.56,0.5382,1,1,0.568,87.46,Ineffective
R03314,2,3,1,16.26,2.8858,1.5607,1.734,1,6.888,17.633,0,0,0,0,70.0,door,56.52,10.62,0.7363,0,0,19.331,100.0,Harmful
R03315,4,1,3,35.099,3.7951,0.6421,1.01,1,15.935,20.649,1,0,0,0,35.8,damper,16.95,19.99,0.7411,1,0,11.41,76.23,Harmful
R03316,3,2,1,55.531,2.7055,-0.1991,0.779,1,-2.647,17.733,0,0,0,0,127.7,damper,42.19,15.42,0.7949,0,0,24.834,97.94,Harmful
R03317,2,4,2,52.869,3.1581,0.7596,2.652,1,14.242,19.3,0,0,0,0,107.2,damper,47.95,6.76,0.5837,0,0,4.843,80.1,Harmful
R03318,2,3,1,21.821,0.2252,2.0424,1.643,0,-7.366,17.022,0,0,0,0,93.6,damper,17.25,13.25,0.7413,1,0,2.574,97.29,Ineffective
R03319,1,2,1,28.573,1.0283,1.1401,1.111,1,-8.252,17.626,0,0,0,0,26.8,valve,53.76,10.67,0.5573,1,1,16.013,93.9,Harmful
R03320,1,3,2,7.01,1.0948,0.3408,2.289,1,6.16,18.997,1,1,1,0,136.2,door,30.25,10.16,0.6461,1,1,11.772,100.0,Inconsistent
R03321,1,3,2,34.929,0.8001,-0.4336,2.589,1,6.411,17.164,0,0,0,1,21.0,valve,11.54,3.18,0.4405,0,0,0.834,39.37,Inconsistent
R03322,4,2,2,8.485,0.0497,-0.7165,1.438,0,-1.691,19.171,0,1,0,1,75.2,door,42.84,13.61,0.6204,1,0,2.051,30.81,Inconsistent
R03323,3,4,1,56.623,0.6522,0.58,0.71,0,10.149,17.737,0,0,0,0,149.6,door,10.23,13.03,0.9862,1,0,-0.735,92.7,Ineffective
R03324,2,4,2,52.681,-0.5658,-0.9858,2.984,0,-19.305,19.906,1,0,0,0,202.9,door,56.88,3.63,0.4707,1,1,-7.023,85.09,Protective
R03325,4,3,1,16.78,-1.4776,-0.0973,1.205,0,-4.56,20.473,0,0,0,0,81.1,door,35.64,4.32,0.7999,1,0,-3.363,93.63,Ineffective
R03326,1,2,1,43.465,0.2636,1.3376,0.775,0,14.472,20.034,0,0,0,0,139.9,damper,53.88,10.29,0.6022,0,0,-13.452,79.21,Protective
R03327,1,3,2,36.241,0.1072,0.5504,0.489,1,14.432,17.254,0,0,0,1,65.9,valve,43.39,11.69,0.5006,1,1,2.091,16.59,Inconsistent
R03328,2,3,1,49.075,0.2107,-0.6791,0.547,1,12.54,18.985,0,0,0,0,39.5,damper,56.91,5.44,0.2802,0,0,11.385,98.92,Harmful
R03329,4,2,2,31.161,0.6572,2.5778,2.841,1,15.311,17.445,0,0,0,0,86.3,door,37.09,16.97,0.5752,1,1,9.282,88.11,Harmful
R03330,3,4,1,15.547,0.4279,2.1624,2.851,1,-5.588,18.636,0,0,0,0,75.6,pump,26.27,14.76,0.7826,1,0,5.437,100.0,Harmful
R03331,4,1,3,40.191,1.91,0.9012,1.622,1,-25.578,20.358,1,0,0,0,168.6,door,14.02,6.06,0.601,0,0,4.825,88.48,Harmful
R03332,1,4,3,9.415,0.6333,1.6758,2.138,1,-3.882,17.165,0,0,0,0,109.3,door,22.68,16.47,0.5882,0,0,6.04,81.24,Harmful
R03333,4,1,3,37.152,1.9604,0.133,2.531,1,9.54,18.007,0,0,0,0,76.1,pump,55.28,12.54,0.5599,0,1,7.891,77.73,Harmful
R03334,1,4,3,16.699,1.006,1.1245,1.761,1,11.992,20.306,0,0,0,0,51.9,door,59.17,7.71,0.9283,0,0,7.252,98.56,Harmful
R03335,1,3,2,42.672,0.7115,-0.0235,2.068,1,-7.894,18.624,1,1,0,0,73.7,pump,11.84,16.91,0.6407,0,0,4.066,90.85,Harmful
R03336,3,1,2,50.542,0.9582,-0.9554,2.908,1,-14.52,17.941,0,0,0,0,92.4,fan,22.84,11.22,0.5641,0,1,12.161,84.37,Harmful
R03337,1,3,2,11.024,-1.3916,2.4919,0.683,0,-13.028,20.798,0,0,0,0,73.7,valve,20.15,9.87,0.883,1,1,-2.352,95.68,Ineffective
R03338,4,2,2,27.015,0.2381,-1.5065,0.589,0,-8.155,17.623,1,0,0,0,66.2,pump,35.77,2.29,0.3745,1,1,4.819,75.41,Ineffective
R03339,4,2,2,45.344,1.6492,0.6976,2.308,1,-28.457,20.154,0,0,0,0,59.5,pump,32.94,16.78,0.6781,0,0,3.912,90.08,Harmful
R03340,3,2,1,14.004,1.7909,0.6859,2.169,1,-7.907,17.712,1,1,1,0,72.1,valve,59.07,6.97,0.8065,0,1,-7.34,93.67,Inconsistent
R03341,2,1,1,36.159,-0.5522,0.916,0.721,1,0.718,20.852,1,0,0,0,226.4,fan,27.7,7.23,0.7869,1,1,11.014,84.81,Harmful
R03342,1,2,1,41.951,-0.719,0.3103,1.047,1,-1.468,20.144,1,1,0,1,202.3,valve,39.64,17.04,0.7535,0,0,2.772,45.49,Harmful
R03343,3,2,1,24.514,0.2632,0.3208,2.119,1,-4.954,18.106,0,0,0,0,108.6,damper,49.78,3.55,0.6561,0,0,2.156,79.88,Harmful
R03344,3,4,1,50.759,2.1847,0.5384,1.584,1,-10.339,20.934,0,1,0,1,27.9,pump,10.75,19.18,0.7944,1,0,4.57,39.06,Inconsistent
R03345,4,3,1,33.086,0.121,0.3799,2.702,0,-8.592,17.458,1,0,0,0,228.5,damper,49.52,7.96,0.5505,1,0,-10.491,75.64,Protective
R03346,3,4,1,39.485,-0.8747,-0.1018,2.544,0,-8.327,20.438,0,0,0,0,401.3,door,44.64,8.0,0.6398,0,0,-11.381,83.07,Protective
R03347,1,2,1,12.748,-1.5529,-0.1684,1.564,0,10.582,19.798,0,0,0,0,66.9,door,55.45,14.58,0.9142,0,0,-17.774,100.0,Protective
R03348,1,4,3,6.274,-0.784,-1.4211,2.067,0,-0.014,17.696,0,0,0,1,555.3,door,58.2,8.5,0.8333,1,0,0.447,27.74,Inconsistent
R03349,4,3,1,7.791,-0.8516,1.9137,2.002,0,47.503,19.185,0,1,0,0,72.1,damper,38.33,6.88,0.7302,1,0,-1.717,100.0,Ineffective
R03350,1,2,1,54.716,0.8356,0.4357,0.458,0,-4.985,17.048,0,0,0,1,159.6,damper,46.7,4.87,0.6076,0,1,-2.102,36.3,Inconsistent
R03351,4,2,2,53.545,0.9125,0.1089,1.392,0,6.568,19.293,0,0,0,0,90.5,fan,59.34,7.97,0.3897,1,1,-8.917,82.19,Protective
R03352,1,3,2,49.418,-1.1499,-0.7245,1.432,0,-4.651,19.329,0,0,0,0,38.9,fan,52.17,19.51,0.9797,0,1,-14.52,91.77,Protective
R03353,3,1,2,15.979,0.6532,-1.1036,2.713,0,-5.015,18.634,1,0,0,0,125.3,valve,39.09,4.36,0.8591,1,1,-2.759,95.32,Ineffective
R03354,4,2,2,33.9,0.5508,0.76,2.679,0,23.436,20.298,0,1,1,0,23.4,damper,17.33,18.85,0.4816,0,1,2.449,80.6,Inconsistent
R03355,2,1,1,48.786,-1.2797,-0.2599,0.361,0,14.963,20.723,0,0,0,1,105.5,damper,28.56,12.34,0.7527,1,0,-12.39,54.03,Protective
R03356,1,4,3,42.107,0.7162,1.0211,2.566,1,-26.32,19.135,0,0,0,0,56.2,pump,53.84,14.15,0.8711,1,1,7.188,88.43,Harmful
R03357,4,2,2,11.354,1.1408,-0.9522,1.913,1,-15.338,19.696,1,1,0,0,180.4,door,14.17,16.32,0.8647,1,1,-1.907,84.18,Ineffective
R03358,1,4,3,54.255,0.9632,1.9469,0.245,1,-2.044,17.583,1,1,0,0,161.2,fan,54.34,2.8,0.8874,1,0,2.223,86.83,Harmful
R03359,3,2,1,13.838,-0.9105,1.3014,1.269,1,-7.757,20.992,0,1,0,0,24.0,damper,41.54,19.54,0.5082,0,1,0.905,78.75,Ineffective
R03360,4,1,3,14.449,0.9312,0.3189,2.687,1,-22.625,20.432,1,0,0,0,98.2,damper,50.49,15.67,0.6501,1,1,3.171,91.35,Harmful
R03361,3,2,1,54.555,1.4363,0.8676,1.203,1,1.737,20.796,0,1,0,0,217.1,valve,30.11,16.44,0.9203,0,0,9.515,90.69,Harmful
R03362,1,4,3,31.654,2.3796,1.141,2.094,1,-28.172,20.112,0,0,0,1,118.3,fan,25.34,9.66,0.7557,1,1,6.243,14.45,Inconsistent
R03363,4,1,3,25.509,-0.7688,-1.437,1.784,0,1.901,18.292,0,0,0,0,179.4,door,58.48,12.75,0.8408,1,1,-5.035,81.07,Protective
R03364,1,4,3,35.451,0.2545,2.0778,1.852,1,10.95,17.887,1,1,0,0,212.6,pump,39.48,12.1,0.5945,1,1,2.551,86.37,Harmful
R03365,3,2,1,58.977,0.5911,0.8833,1.546,1,13.091,19.044,1,0,0,0,198.2,door,44.27,3.77,0.953,0,1,15.419,91.52,Harmful
R03366,3,1,2,11.58,1.0912,-0.3041,1.551,1,-2.165,17.33,0,0,0,0,22.3,pump,56.36,5.49,0.6001,1,1,4.223,98.53,Harmful
R03367,2,4,2,46.632,0.897,-0.6966,2.727,1,22.662,19.207,0,1,0,0,89.6,door,33.74,15.84,0.7555,1,0,-1.376,100.0,Ineffective
R03368,2,4,2,23.388,0.5043,0.8871,1.359,0,4.974,18.48,0,0,0,0,68.3,damper,14.11,10.9,0.657,1,1,0.205,92.92,Ineffective
R03369,1,4,3,11.438,-1.2252,0.1112,0.736,0,12.687,19.912,0,0,0,0,149.5,pump,22.42,5.34,0.9269,0,1,-4.643,100.0,Ineffective
R03370,4,3,1,28.206,1.1969,0.8826,1.375,1,-11.044,19.503,0,0,0,0,74.9,damper,41.17,17.43,0.8167,0,0,11.917,91.56,Harmful
R03371,1,4,3,35.181,0.0578,0.4267,2.252,1,22.825,17.986,1,0,0,0,65.6,damper,48.15,5.07,0.8117,0,0,0.245,95.99,Ineffective
R03372,2,4,2,16.328,0.6567,-0.6027,1.531,1,-0.044,19.934,1,0,0,0,151.9,valve,35.3,18.62,0.7562,0,0,1.312,88.0,Harmful
R03373,3,4,1,27.29,1.608,0.4086,2.25,0,23.652,18.244,0,0,0,0,182.8,pump,42.07,15.59,0.8961,1,0,-8.972,94.02,Protective
R03374,3,2,1,39.962,-1.4982,-0.2975,0.871,0,20.372,17.994,1,1,0,0,144.5,pump,44.08,16.68,0.6986,1,1,-6.56,86.86,Protective
R03375,3,4,1,36.705,-0.3795,-0.1217,1.832,0,3.865,18.674,0,0,0,0,170.1,valve,12.09,11.1,0.6476,1,0,-0.567,89.39,Ineffective
R03376,3,4,1,44.774,-0.4746,2.777,2.62,1,6.085,17.631,0,0,0,0,315.6,damper,33.78,11.04,0.6007,1,1,15.814,86.22,Harmful
R03377,3,4,1,51.002,0.0531,0.7691,1.682,0,-2.699,18.301,0,0,0,0,157.2,damper,53.85,4.16,0.6402,0,0,-19.874,88.25,Protective
R03378,4,3,1,27.503,0.9482,0.8268,1.983,0,-12.288,18.039,1,1,0,0,354.3,valve,12.98,18.81,0.4927,1,1,2.365,80.96,Ineffective
R03379,2,4,2,28.263,0.0697,2.6205,2.101,0,8.928,17.087,0,0,0,0,35.7,valve,43.74,9.01,0.8456,1,0,-2.744,100.0,Ineffective
R03380,4,1,3,32.318,0.6833,0.7846,2.271,1,8.161,18.204,0,1,1,0,122.0,valve,37.58,12.27,0.8208,1,1,7.322,92.29,Inconsistent
R03381,4,1,3,36.149,2.1284,0.5197,1.181,1,-24.28,18.867,0,0,0,1,39.7,door,45.96,3.31,0.8394,1,0,-0.774,30.59,Inconsistent
R03382,4,2,2,10.958,1.1305,-0.2792,1.955,1,-1.242,20.319,1,1,1,0,81.8,fan,54.56,5.57,0.6471,0,0,20.553,87.98,Inconsistent
R03383,4,3,1,22.195,1.6196,-0.0526,1.365,1,13.02,17.722,0,1,0,0,244.3,fan,54.42,17.66,0.8613,0,0,17.825,96.48,Harmful
R03384,4,3,1,14.454,0.6153,-2.1471,1.295,0,21.986,18.31,1,0,0,1,81.8,damper,51.13,9.86,0.9401,1,1,-7.793,50.35,Protective
R03385,1,3,2,26.222,-2.0762,1.1904,1.531,1,10.88,17.117,1,0,0,0,302.1,door,31.63,8.92,0.3542,1,1,1.397,84.32,Harmful
R03386,4,2,2,58.534,0.7233,-0.8669,1.342,1,-22.759,17.3,1,0,0,0,30.3,fan,18.9,6.73,0.7035,0,1,-3.23,97.73,Ineffective
R03387,3,2,1,37.05,-1.1781,0.8027,0.272,0,-15.817,18.424,0,0,0,0,83.1,pump,45.93,19.27,0.9346,0,1,-19.296,100.0,Protective
R03388,2,1,1,28.616,-0.0293,0.357,2.278,1,-5.19,19.0,0,0,0,0,90.0,door,47.68,14.16,0.711,0,0,13.425,84.3,Harmful
R03389,3,4,1,36.127,1.3746,0.0281,1.836,0,20.982,19.993,0,0,0,0,29.2,damper,17.44,10.89,0.5461,0,0,-0.609,80.78,Ineffective
R03390,2,1,1,41.799,-0.4748,-0.1424,0.585,0,-9.106,20.053,1,0,0,1,307.8,door,47.04,19.19,0.8625,1,1,-10.14,41.98,Inconsistent
R03391,3,1,2,28.922,1.7926,1.2861,0.932,0,15.879,20.656,1,0,0,0,222.0,valve,47.05,12.35,0.8483,0,0,-4.534,84.96,Ineffective
R03392,4,3,1,29.624,-1.5077,1.1094,1.911,0,-9.347,20.631,0,0,0,0,179.5,valve,37.11,18.75,0.6629,0,0,-9.172,88.98,Protective
R03393,1,2,1,43.577,-0.2837,0.3711,1.65,1,7.989,17.406,0,0,0,0,221.7,valve,52.81,4.87,0.9446,1,1,11.988,100.0,Harmful
R03394,2,3,1,8.347,1.5624,-0.499,2.226,1,-14.1,17.448,0,0,0,0,692.2,damper,55.11,9.39,0.6186,1,0,7.48,73.65,Harmful
R03395,4,3,1,34.704,-0.4414,0.8239,1.57,0,-2.907,18.987,0,0,0,1,63.2,valve,18.92,11.85,0.7748,0,1,-3.095,42.64,Inconsistent
R03396,2,1,1,35.103,1.1073,-0.5746,2.565,1,-16.974,19.358,0,0,0,0,26.4,fan,18.79,5.22,0.8794,1,1,1.864,88.5,Harmful
R03397,4,1,3,46.621,0.6877,-1.1549,0.417,1,21.646,19.392,1,0,0,0,124.3,fan,14.63,13.43,0.9249,1,0,3.693,97.74,Harmful
R03398,1,4,3,59.045,-0.2426,0.3983,1.917,0,-10.423,18.945,0,0,0,0,83.2,damper,56.01,15.27,0.5778,1,0,4.764,88.75,Ineffective
R03399,3,4,1,48.767,0.4958,1.6185,1.24,1,-23.207,20.925,0,0,0,0,139.3,fan,18.23,6.3,0.7589,1,0,4.536,100.0,Harmful
R03400,4,3,1,32.708,0.9795,-0.0051,1.059,1,-24.395,19.036,0,0,0,0,27.6,valve,36.75,9.07,0.6218,1,0,14.074,93.06,Harmful
R03401,4,1,3,14.32,1.4416,0.8045,2.842,1,-1.281,20.741,1,0,0,0,607.1,valve,14.64,18.71,0.7107,0,1,4.158,89.86,Harmful
R03402,1,2,1,37.354,2.4144,-0.0157,2.619,1,-6.871,20.953,0,0,1,0,247.6,valve,39.58,12.6,0.6225,0,1,24.273,93.09,Inconsistent
R03403,4,3,1,50.886,-0.3025,0.622,0.714,0,9.731,18.776,1,0,0,0,235.0,fan,31.16,14.53,0.3826,1,1,-19.501,85.35,Protective
R03404,2,1,1,56.283,0.4064,1.495,0.361,1,-3.527,17.535,0,1,0,0,92.1,pump,21.65,16.32,0.7266,0,0,5.941,85.21,Harmful
R03405,2,3,1,50.392,0.2775,0.1371,2.628,1,17.489,18.304,0,0,0,0,28.0,fan,44.03,5.97,0.7031,1,1,15.261,100.0,Harmful
R03406,2,3,1,15.393,2.2698,-0.6276,0.674,1,-5.781,18.434,0,0,0,0,284.5,damper,33.48,14.94,0.6162,0,0,12.954,79.13,Harmful
R03407,3,1,2,44.192,0.5903,-1.557,2.799,0,15.397,20.553,1,0,0,0,180.9,door,34.46,17.95,0.7967,1,1,-15.204,88.98,Protective
R03408,3,4,1,53.409,-1.099,1.3257,0.976,1,-14.288,20.847,0,0,0,0,231.1,door,58.38,19.15,0.909,1,1,26.232,88.3,Harmful
R03409,2,1,1,42.456,-1.1431,-0.7366,1.353,1,-22.55,17.679,0,0,0,0,105.7,valve,25.74,3.78,0.7762,0,0,3.406,94.23,Harmful
R03410,1,4,3,42.716,-0.9301,0.272,0.326,0,-12.35,17.08,1,0,0,0,76.8,damper,59.63,5.76,0.7806,0,1,-5.958,87.88,Protective
R03411,4,3,1,32.509,1.0301,1.1774,1.705,1,-16.931,20.323,0,0,0,0,149.2,door,51.93,2.11,0.3447,0,0,9.842,69.07,Harmful
R03412,1,2,1,40.034,-0.1335,-0.6013,0.728,0,-18.609,19.235,0,0,0,0,30.2,door,18.04,9.13,0.8058,1,0,-5.882,100.0,Protective
R03413,1,2,1,21.191,1.3148,0.2338,1.407,1,6.205,20.005,0,0,0,0,23.4,pump,27.6,7.42,0.8399,1,0,6.547,86.59,Harmful
R03414,3,2,1,9.885,0.6246,1.399,2.774,1,-3.965,18.327,0,0,0,0,206.3,damper,25.72,12.58,0.7228,1,0,9.626,98.1,Harmful
R03415,2,3,1,50.524,2.1974,-0.4082,0.907,1,2.127,17.634,1,1,0,1,231.8,damper,46.54,6.4,0.7206,0,1,0.814,26.59,Inconsistent
R03416,3,1,2,56.873,0.6721,-1.0097,1.978,0,7.913,18.059,0,1,0,0,109.7,fan,23.29,14.6,0.7672,1,1,-2.193,96.2,Ineffective
R03417,4,2,2,52.125,0.8776,0.1656,0.766,1,-25.285,17.194,0,1,0,1,78.0,door,23.98,19.28,0.6658,1,1,3.327,23.24,Inconsistent
R03418,1,4,3,23.365,1.9453,1.6779,1.908,1,8.549,18.543,0,0,0,1,245.4,door,46.81,3.82,0.945,1,0,11.591,33.96,Inconsistent
R03419,2,3,1,10.144,-0.8489,2.0107,1.01,1,-18.078,17.397,1,0,0,1,27.4,valve,48.78,5.86,0.8901,1,0,-3.555,31.27,Inconsistent
R03420,3,2,1,20.408,0.7149,0.3012,2.108,1,-8.652,18.855,0,0,0,0,67.9,valve,46.74,5.5,0.5069,1,0,6.626,95.14,Harmful
R03421,4,3,1,51.356,0.0375,-0.8121,2.358,0,-28.382,20.197,0,0,0,0,221.6,valve,34.8,19.62,0.8651,0,1,-13.544,96.69,Protective
R03422,3,4,1,41.07,0.502,0.9641,2.666,0,9.819,17.191,1,0,0,0,144.6,damper,47.19,12.46,0.6755,0,0,-11.157,89.72,Protective
R03423,2,4,2,58.168,-0.9152,-1.2693,2.772,1,-25.336,20.587,1,0,0,0,61.0,fan,39.55,7.62,0.6971,1,0,4.94,100.0,Harmful
R03424,3,4,1,23.847,0.5396,0.6476,0.876,1,-18.002,17.493,0,0,0,0,891.1,damper,52.87,8.85,0.4836,1,0,9.65,73.17,Harmful
R03425,4,2,2,35.331,1.2005,0.3561,0.561,1,-16.914,19.624,0,1,0,0,36.9,damper,45.36,16.64,0.7642,1,0,5.455,92.44,Harmful
R03426,2,3,1,48.452,0.3772,1.1938,0.336,0,-1.931,17.962,1,0,1,0,211.0,pump,40.65,15.54,0.7224,0,1,-2.575,93.99,Inconsistent
R03427,4,1,3,17.87,1.9861,1.795,2.217,1,-2.389,20.38,0,0,0,0,117.2,fan,40.95,9.54,0.9669,1,0,7.902,96.47,Harmful
R03428,4,2,2,58.025,1.5615,-0.5425,0.723,1,12.178,17.041,1,1,0,0,83.7,door,24.65,7.13,0.9549,1,1,1.427,87.35,Harmful
R03429,2,4,2,37.582,-0.1608,0.0677,2.44,0,-1.569,18.686,0,0,0,0,34.0,fan,39.58,19.24,0.6411,1,0,-12.087,100.0,Protective
R03430,1,2,1,5.434,0.575,-0.6706,2.901,0,14.487,20.848,0,1,0,0,39.8,valve,58.75,17.05,0.7043,1,0,-7.457,96.29,Protective
R03431,4,1,3,6.383,0.5986,0.1067,0.614,1,5.69,17.452,0,0,0,0,80.8,door,57.31,2.12,0.6212,1,0,4.639,70.79,Harmful
R03432,1,2,1,53.522,0.9468,1.0174,0.993,1,-14.182,20.043,0,0,0,0,37.6,damper,16.04,11.17,0.722,1,1,12.015,99.2,Harmful
R03433,2,1,1,40.49,0.6948,-0.4349,1.667,0,-10.008,19.906,0,0,0,0,246.5,pump,29.69,2.77,0.7378,1,0,-0.761,97.73,Ineffective
R03434,1,3,2,46.969,-0.1453,0.0939,1.406,0,22.659,18.277,0,0,0,0,148.4,fan,21.36,11.86,0.7457,1,0,-6.303,96.74,Protective
R03435,3,4,1,48.121,1.162,1.3573,1.393,1,18.411,17.242,1,0,0,0,171.6,damper,48.61,18.98,0.8227,0,0,28.621,100.0,Harmful
R03436,2,3,1,28.125,1.7613,1.9152,0.808,1,12.361,20.332,0,0,0,0,400.8,door,38.01,2.36,0.7513,0,0,9.911,89.36,Harmful
R03437,3,2,1,48.924,1.5122,0.6887,2.69,1,14.332,20.62,0,0,0,0,140.2,damper,54.36,7.51,0.5826,1,1,15.886,82.18,Harmful
R03438,4,1,3,56.564,2.0335,0.5178,2.108,1,6.977,17.511,0,0,1,0,38.7,pump,16.42,11.05,0.9791,0,0,-1.963,100.0,Inconsistent
R03439,4,3,1,14.469,3.1284,-0.7073,0.631,1,5.027,20.391,0,0,0,0,101.4,valve,41.05,6.61,0.8499,1,1,13.769,100.0,Harmful
R03440,4,2,2,47.028,0.6029,1.4858,0.212,0,0.746,20.333,0,0,0,0,40.1,fan,34.23,4.18,0.8184,1,0,-4.401,100.0,Ineffective
R03441,1,2,1,21.929,0.3387,0.8957,2.336,1,25.483,19.308,0,0,0,0,171.0,damper,39.3,6.88,0.653,0,1,3.044,80.29,Harmful
R03442,2,3,1,22.682,1.3118,0.5362,0.244,1,-6.97,20.134,0,0,0,0,147.6,valve,50.82,8.97,0.6624,1,0,11.867,98.88,Harmful
R03443,1,2,1,27.702,0.3688,-0.015,2.665,0,3.605,17.158,1,1,0,0,56.5,valve,52.25,7.6,0.7963,1,0,-7.396,91.4,Protective
R03444,4,3,1,52.505,1.4135,0.7607,1.682,1,-25.624,18.985,0,1,0,0,100.4,door,10.01,19.89,0.813,0,1,2.289,92.46,Harmful
R03445,3,1,2,6.213,2.295,1.1718,2.804,1,-21.461,20.868,1,0,0,0,25.6,damper,52.73,19.31,0.7014,1,1,7.385,92.73,Harmful
R03446,2,4,2,28.866,-1.7841,0.7956,2.361,0,27.227,20.101,0,0,0,0,160.6,valve,59.02,13.4,0.8183,0,0,-3.552,100.0,Ineffective
R03447,3,4,1,42.403,2.3138,2.0108,2.704,1,9.252,18.073,0,0,0,1,115.6,valve,48.31,2.98,0.4312,1,0,4.116,32.08,Inconsistent
R03448,3,2,1,11.073,1.7504,0.1427,2.283,0,-3.19,19.494,0,0,0,0,49.4,fan,19.82,3.41,0.8965,1,0,-0.326,94.08,Ineffective
R03449,2,3,1,48.574,1.3681,2.1542,1.815,1,1.175,17.85,0,1,0,0,133.0,door,24.84,14.59,0.4172,0,0,9.684,87.71,Harmful
R03450,2,4,2,56.805,1.3921,1.4577,0.685,1,-20.372,17.889,1,0,0,0,155.4,damper,14.93,14.03,0.6694,1,0,4.582,89.6,Harmful
R03451,1,4,3,10.001,-0.3416,-0.1601,2.237,0,-6.422,17.757,1,0,0,0,82.7,valve,59.45,5.24,0.5386,1,0,-3.2,87.8,Ineffective
R03452,2,1,1,13.412,0.8063,-1.2674,1.858,1,-21.872,17.76,1,0,0,0,29.3,pump,30.72,17.91,0.6231,1,0,-6.021,98.18,Protective
R03453,2,4,2,58.575,1.498,0.4856,1.473,1,-4.43,18.997,1,0,0,0,30.3,door,55.13,14.95,0.7674,1,0,20.527,84.65,Harmful
R03454,4,3,1,15.882,1.4336,1.9585,1.764,1,10.205,18.239,1,0,0,0,67.3,fan,48.49,5.64,0.4085,1,0,12.659,80.84,Harmful
R03455,4,1,3,9.342,0.6207,-0.8753,0.85,0,6.8,20.112,0,0,0,0,278.1,valve,27.73,18.29,0.6644,1,0,-1.778,100.0,Ineffective
R03456,4,3,1,57.371,1.4267,0.4825,1.332,1,23.837,20.576,0,1,0,0,227.8,fan,22.96,15.26,0.482,0,1,11.294,76.3,Harmful
R03457,1,3,2,54.094,0.7984,0.0652,0.548,0,4.421,18.95,0,0,0,0,20.1,valve,32.77,18.34,0.4916,0,0,-3.014,89.37,Ineffective
R03458,4,2,2,41.065,0.6866,0.8421,1.347,0,-37.177,17.765,1,0,1,0,33.8,door,26.73,18.04,0.8367,1,1,-4.448,93.46,Inconsistent
R03459,2,3,1,35.329,-0.2243,0.0122,1.507,1,29.26,20.992,1,0,0,0,301.1,valve,37.83,2.06,0.8695,0,0,0.533,78.09,Ineffective
R03460,2,1,1,55.558,1.6323,-0.4694,2.602,1,-12.61,17.188,1,1,0,0,70.2,door,11.48,11.69,0.7127,0,0,-0.313,85.29,Ineffective
R03461,4,3,1,41.054,2.6586,0.97,1.676,1,2.432,19.199,1,0,0,0,220.9,pump,41.16,3.83,0.8615,0,1,15.331,85.77,Harmful
R03462,4,3,1,41.212,-0.1266,-0.8434,2.745,0,1.527,17.879,1,0,0,0,94.2,damper,54.37,8.13,0.5891,0,1,-14.849,95.42,Protective
R03463,1,2,1,51.403,2.2995,-1.4355,2.91,1,3.613,20.751,0,0,0,0,66.8,door,21.25,7.37,0.755,0,1,6.42,87.26,Harmful
R03464,2,4,2,40.929,-1.0173,1.7404,0.337,0,0.721,18.3,0,0,0,0,179.9,pump,27.19,11.23,0.8661,0,1,-6.551,100.0,Protective
R03465,3,2,1,32.702,0.7702,1.327,1.872,1,0.985,20.832,1,0,0,0,39.2,fan,55.61,17.24,0.5057,0,0,21.9,82.72,Harmful
R03466,3,1,2,26.435,0.1588,2.2834,1.038,1,-19.825,20.891,0,0,0,0,68.7,pump,44.84,4.62,0.7956,0,1,11.2,97.83,Harmful
R03467,2,1,1,32.672,1.2792,0.774,2.584,0,38.805,20.772,0,0,0,0,91.4,valve,10.68,10.4,0.7926,1,0,-3.637,96.1,Ineffective
R03468,3,2,1,33.736,2.4405,1.0804,1.583,1,9.772,20.171,0,0,0,0,226.6,door,30.53,17.37,0.9407,0,0,22.011,94.61,Harmful
R03469,4,1,3,24.846,0.7008,0.7695,0.419,1,0.778,19.965,0,1,0,0,204.6,pump,16.07,10.41,0.6229,1,1,0.489,92.95,Ineffective
R03470,1,3,2,29.647,1.0711,-0.286,0.802,0,27.628,20.811,1,0,0,1,123.3,fan,21.78,6.84,0.5021,1,0,2.386,40.45,Inconsistent
R03471,3,4,1,49.103,1.5506,0.4121,2.087,0,-16.079,17.895,1,0,0,0,80.6,valve,48.38,12.1,0.8531,1,0,-13.207,100.0,Protective
R03472,3,1,2,27.908,0.7671,-0.1532,0.423,1,13.026,20.24,0,0,0,0,32.8,pump,14.37,2.3,0.4948,0,0,1.917,76.6,Harmful
R03473,4,2,2,6.406,0.9298,-0.6692,1.261,1,-8.327,17.454,0,0,0,0,149.1,valve,26.6,10.17,0.9036,0,0,-2.176,86.48,Ineffective
R03474,2,1,1,20.566,1.5336,0.0678,2.641,1,6.035,18.448,0,0,0,0,99.2,fan,17.95,11.45,0.609,1,0,14.286,84.48,Harmful
R03475,1,4,3,17.746,-0.9425,1.1915,0.282,0,6.367,18.607,0,0,0,0,35.0,fan,48.44,5.97,0.8808,1,0,-0.915,88.98,Ineffective
R03476,3,1,2,48.647,0.9101,-0.8324,2.149,1,-35.047,20.981,0,0,0,0,53.3,damper,29.42,6.52,0.5963,1,1,6.849,91.5,Harmful
R03477,3,1,2,29.711,2.0428,-1.3165,2.091,0,-21.475,18.284,0,0,0,0,209.0,damper,34.11,3.86,0.8977,0,1,-0.904,93.71,Ineffective
R03478,2,4,2,20.417,-0.6,0.4913,1.098,0,23.797,19.219,0,0,0,0,41.9,valve,16.79,18.08,0.6818,1,0,-1.774,100.0,Ineffective
R03479,4,2,2,49.589,0.7538,-0.5151,0.516,0,-3.782,19.534,0,0,0,0,165.3,damper,55.38,2.88,0.6214,1,1,6.985,92.94,Harmful
R03480,4,2,2,6.057,1.3238,0.8855,0.487,1,30.024,19.711,0,0,1,0,218.5,damper,53.42,18.05,0.8297,0,1,-1.194,87.38,Inconsistent
R03481,1,4,3,14.584,0.6362,1.3899,2.914,1,19.652,17.481,1,1,0,0,145.5,valve,49.45,19.28,0.733,1,1,1.508,91.92,Harmful
R03482,4,3,1,50.483,1.0217,0.8615,2.095,1,-3.304,19.237,0,1,0,0,67.3,fan,51.58,12.35,0.9303,1,0,12.744,100.0,Harmful
R03483,1,4,3,35.286,2.5526,-0.2322,1.253,1,-4.628,19.539,0,0,0,0,59.2,pump,59.78,18.05,0.9346,0,0,12.507,100.0,Harmful
R03484,2,3,1,47.551,1.3536,1.6829,2.534,1,24.726,20.613,1,1,0,0,60.2,fan,36.95,11.37,0.9288,1,1,-0.29,98.68,Ineffective
R03485,1,3,2,51.1,0.6098,0.6421,0.489,0,31.545,20.829,0,0,0,0,38.5,door,53.4,2.62,0.8191,1,0,-5.628,88.93,Protective
R03486,2,4,2,56.808,2.4009,0.4268,0.555,1,-4.299,17.94,1,0,0,0,103.3,pump,53.83,6.46,0.9104,1,1,9.392,96.26,Harmful
R03487,4,2,2,8.488,0.5106,0.3784,0.753,1,23.072,17.842,0,0,0,0,89.2,fan,34.0,19.48,0.7326,1,0,-4.165,84.88,Ineffective
R03488,2,4,2,48.958,-0.2469,0.774,2.338,1,15.45,19.735,0,1,0,0,86.9,pump,18.83,16.64,0.6212,0,1,4.698,94.73,Harmful
R03489,3,2,1,43.982,1.6683,-0.412,1.345,0,18.038,18.958,0,0,0,1,137.6,valve,38.39,19.69,0.7855,0,1,-2.721,28.29,Inconsistent
R03490,1,3,2,16.386,0.9365,-1.2312,1.999,1,1.517,19.974,1,0,0,0,35.8,valve,49.25,9.7,0.7479,1,1,3.101,89.53,Harmful
R03491,3,4,1,56.244,0.7936,0.6502,0.851,0,-10.086,20.394,1,0,0,0,59.1,damper,43.56,6.09,0.9224,0,1,-13.754,98.84,Protective
R03492,2,4,2,27.231,-0.8623,0.5907,2.376,0,-15.816,17.043,0,0,0,0,154.9,damper,45.85,6.79,0.8537,0,1,-2.591,95.19,Ineffective
R03493,3,2,1,53.819,1.1885,-1.9011,2.445,1,-19.564,20.515,1,1,0,0,350.0,door,19.41,16.87,0.9094,0,1,4.248,91.39,Harmful
R03494,4,1,3,38.281,-1.1969,0.4107,1.357,0,28.663,18.062,0,1,0,0,176.1,fan,15.22,5.63,0.6561,0,0,-2.78,82.65,Ineffective
R03495,3,4,1,33.971,0.8637,2.1565,0.786,1,0.164,20.878,0,0,0,0,361.5,pump,25.37,12.94,0.6459,0,0,8.321,78.74,Harmful
R03496,1,4,3,13.774,0.1521,-0.7276,1.964,1,-17.172,18.721,0,1,0,0,277.9,valve,37.1,18.19,0.6987,1,1,5.672,91.99,Harmful
R03497,2,3,1,55.288,-0.0777,0.3267,0.917,1,15.036,20.41,0,0,0,0,692.7,door,20.73,16.66,0.7073,1,0,9.981,80.84,Harmful
R03498,1,3,2,35.616,0.4969,0.218,0.615,1,-7.183,17.8,0,1,0,0,260.6,valve,19.62,9.61,0.6602,1,1,6.578,91.13,Harmful
R03499,2,1,1,5.335,-2.3934,1.5604,1.924,0,-9.765,19.101,0,0,0,0,110.0,valve,59.27,9.02,0.8958,0,0,-12.456,96.54,Protective
R03500,1,2,1,6.006,-1.2599,1.0209,1.636,0,31.02,17.253,0,0,0,0,262.8,door,47.78,12.7,0.5853,1,0,-7.837,74.38,Protective
R03501,3,1,2,47.77,1.5824,-0.4784,2.394,1,-19.961,19.939,0,0,1,0,140.2,pump,27.99,9.88,0.4603,1,0,12.869,84.83,Inconsistent
R03502,2,3,1,13.906,0.2477,0.2421,1.018,0,3.526,20.768,0,0,1,1,321.2,valve,16.14,6.94,0.7398,1,0,11.612,36.86,Inconsistent
R03503,1,2,1,37.931,-0.2742,2.7027,0.831,1,-8.864,20.372,0,0,0,0,74.0,door,17.53,4.04,0.6821,1,1,5.612,86.45,Harmful
R03504,1,2,1,42.46,1.3479,-0.2247,1.993,1,-11.258,19.721,0,0,0,0,100.1,door,29.84,7.61,0.3866,1,0,5.572,70.08,Harmful
R03505,4,1,3,20.365,-0.9782,-0.1112,2.163,0,-21.958,17.476,0,0,0,0,24.1,fan,20.55,4.53,0.8405,0,1,-1.481,86.04,Ineffective
R03506,4,2,2,36.312,1.522,0.9135,1.357,1,0.894,20.936,0,0,0,0,175.7,damper,11.19,3.13,0.8991,0,0,5.597,88.15,Harmful
R03507,4,2,2,18.214,-0.2156,-0.7101,1.439,0,-13.109,18.376,0,1,0,0,42.4,door,50.37,18.12,0.7977,0,1,-0.182,94.11,Ineffective
R03508,1,2,1,57.047,0.4749,2.1632,0.546,1,8.871,19.531,0,0,0,0,359.1,door,23.02,13.88,0.7727,1,1,12.208,92.29,Harmful
R03509,2,1,1,52.309,-0.1911,-0.5727,1.514,0,-0.705,18.092,0,1,0,0,103.4,valve,53.03,19.36,0.8745,1,1,-8.177,100.0,Protective
R03510,4,3,1,20.842,3.3595,-0.989,2.892,1,-4.689,20.309,0,1,0,0,22.7,damper,57.05,15.44,0.5922,0,0,11.689,86.28,Harmful
R03511,3,4,1,34.085,0.0412,-0.125,0.518,1,-13.028,18.514,0,1,0,0,250.1,door,34.19,15.15,0.8703,1,0,7.907,95.59,Harmful
R03512,1,4,3,32.535,0.1266,0.553,1.79,0,21.461,18.563,0,0,0,0,163.4,fan,22.62,10.59,0.9062,1,0,0.302,96.45,Ineffective
R03513,1,2,1,57.801,1.5814,-0.3982,0.251,1,11.035,17.018,0,1,0,0,125.9,fan,42.07,13.15,0.786,1,0,-9.601,100.0,Protective
R03514,2,4,2,26.672,-0.1624,0.7022,1.111,1,-10.22,19.301,0,0,0,0,219.7,pump,57.44,3.73,0.7686,1,0,-0.161,100.0,Ineffective
R03515,4,2,2,35.923,-1.6943,0.4626,2.331,0,-20.388,18.003,1,0,0,0,86.0,fan,47.63,13.96,0.8781,0,0,8.958,100.0,Harmful
R03516,1,3,2,56.079,0.1989,-0.8089,1.788,1,-28.32,20.687,0,0,0,0,36.1,fan,17.69,13.57,0.8398,0,1,2.835,100.0,Harmful
R03517,4,3,1,13.955,1.5595,-0.1637,0.427,1,17.06,20.133,0,1,0,0,30.1,fan,51.18,10.8,0.8343,1,0,4.993,94.94,Harmful
R03518,3,2,1,35.277,0.458,0.749,1.465,1,13.638,20.808,1,1,1,0,73.4,door,38.16,13.81,0.5185,1,0,15.695,87.58,Inconsistent
R03519,4,1,3,10.812,-0.3311,0.6024,0.421,0,15.699,18.559,0,0,0,0,518.7,fan,32.88,16.52,0.5483,1,1,-5.161,78.05,Protective
R03520,4,2,2,38.962,0.8108,-0.6388,1.246,0,-1.804,19.647,0,0,0,0,303.7,door,19.11,9.49,0.6697,0,1,-1.499,83.05,Ineffective
R03521,2,1,1,25.113,-0.9063,0.0518,2.353,0,12.09,18.807,0,0,1,0,81.5,fan,36.99,7.88,0.4192,0,0,-13.085,76.01,Inconsistent
R03522,4,3,1,58.22,0.7112,0.1161,0.923,1,15.408,20.637,1,0,0,0,86.3,door,46.94,7.29,0.8483,1,1,14.334,80.37,Harmful
R03523,1,4,3,27.848,-0.7138,1.1279,1.469,1,-1.047,18.297,0,0,0,1,57.5,damper,28.91,17.76,0.612,0,0,-1.833,22.73,Inconsistent
R03524,2,4,2,12.49,1.1207,0.9194,1.601,1,-5.372,18.314,0,0,0,1,130.8,valve,57.65,19.4,0.9219,1,1,0.335,28.46,Inconsistent
R03525,1,2,1,50.87,1.0295,0.0265,2.589,1,-14.644,18.464,0,0,0,1,39.5,fan,18.47,16.49,0.8003,1,0,6.404,41.41,Inconsistent
R03526,1,3,2,50.148,0.6955,0.3784,0.54,0,6.392,18.991,0,0,0,0,66.4,damper,11.08,14.47,0.7039,1,0,2.884,94.29,Ineffective
R03527,1,4,3,43.217,-0.3453,-0.0126,1.741,1,8.388,20.551,0,0,0,0,61.4,fan,35.36,17.14,0.6203,0,0,7.436,89.9,Harmful
R03528,1,4,3,46.185,-0.2919,0.3574,0.286,0,-6.098,17.83,1,0,0,0,54.3,damper,18.54,15.78,0.8965,1,1,-6.485,100.0,Protective
R03529,1,4,3,19.559,-1.3785,0.3713,0.461,0,-4.331,19.605,0,0,0,0,39.9,valve,42.1,7.4,0.6419,1,0,-0.565,89.33,Ineffective
R03530,2,1,1,40.313,-0.3461,2.271,0.818,0,-3.259,18.224,1,1,0,1,61.4,valve,31.67,6.75,0.865,1,0,-0.002,30.86,Inconsistent
R03531,1,3,2,7.091,2.2818,0.0637,2.215,1,11.869,17.331,1,0,1,0,260.8,pump,30.55,17.69,0.9045,1,1,7.683,96.17,Inconsistent
R03532,1,2,1,15.829,0.4792,0.2587,0.315,1,-20.615,20.815,0,0,0,0,171.8,door,32.74,17.44,0.8255,1,1,8.079,87.55,Harmful
R03533,4,2,2,56.275,-1.4659,-0.7472,2.846,0,-16.579,20.143,0,0,0,1,42.2,fan,16.06,7.14,0.7375,0,0,-6.959,42.94,Inconsistent
R03534,1,3,2,45.658,-0.7799,-1.1328,1.397,0,-16.286,20.808,0,0,0,1,53.7,damper,23.74,6.91,0.9144,1,0,1.669,26.05,Inconsistent
R03535,1,4,3,17.687,-0.811,-0.0565,2.548,1,-2.228,18.601,1,0,0,0,222.5,valve,32.38,19.36,0.8351,1,0,2.012,90.38,Harmful
R03536,1,3,2,11.126,-1.3958,0.5651,0.821,0,4.729,20.028,0,0,0,1,72.2,valve,48.21,12.36,0.8119,0,0,2.105,22.46,Inconsistent
R03537,1,4,3,57.191,0.571,0.6375,1.146,0,-16.033,19.605,0,0,0,0,129.0,valve,54.23,15.61,0.688,1,0,-4.598,93.78,Ineffective
R03538,3,4,1,11.17,-0.6463,0.6957,2.236,1,13.635,19.476,0,0,1,0,99.5,damper,23.57,2.73,0.8138,1,0,-5.016,100.0,Inconsistent
R03539,4,3,1,19.139,0.2123,-0.3958,1.262,0,21.94,17.161,0,1,0,0,188.5,damper,17.86,11.16,0.7805,0,0,-6.084,84.62,Protective
R03540,3,1,2,15.045,0.8257,-0.0934,1.621,1,6.207,17.287,0,0,1,0,63.4,pump,28.28,9.25,0.8834,1,0,0.094,100.0,Inconsistent
R03541,3,2,1,5.411,-0.6315,-1.0168,2.466,0,16.842,17.781,0,1,0,0,33.2,fan,28.42,6.77,0.2992,1,0,-4.415,93.72,Ineffective
R03542,1,3,2,22.277,1.0273,-0.1569,2.023,1,-13.728,19.999,1,0,0,0,46.5,fan,32.67,7.75,0.9047,0,0,5.163,100.0,Harmful
R03543,4,2,2,58.58,-0.1377,-0.8951,2.54,1,-13.37,20.193,1,0,0,0,279.8,pump,40.61,17.35,0.5013,1,0,8.32,76.63,Harmful
R03544,1,2,1,23.805,1.6408,1.7579,0.442,1,7.719,19.589,1,0,0,0,40.6,valve,31.15,2.35,0.8018,1,0,0.754,100.0,Ineffective
R03545,3,2,1,32.737,-0.7983,1.7372,1.903,0,-0.576,17.768,0,0,0,0,134.5,pump,22.7,14.56,0.9104,1,1,-3.766,96.77,Ineffective
R03546,2,1,1,46.026,-0.4864,-2.0359,1.883,0,-13.398,20.11,0,0,0,0,88.8,pump,14.05,11.18,0.9275,1,0,-8.865,87.87,Protective
R03547,4,3,1,35.309,0.2946,0.6893,1.9,1,21.376,17.454,0,0,0,0,23.3,damper,50.18,8.77,0.9323,1,0,19.759,90.36,Harmful
R03548,2,3,1,45.898,1.4895,0.6727,1.849,1,4.482,20.576,0,1,0,0,434.6,valve,46.95,18.1,0.9348,1,0,7.588,79.39,Harmful
R03549,3,4,1,41.39,1.3444,0.6088,2.227,1,10.533,18.539,1,1,0,0,124.3,valve,52.77,15.67,0.6637,1,1,7.342,89.69,Harmful
R03550,2,1,1,38.471,-1.8217,-0.1927,2.563,1,-10.114,19.908,1,0,0,0,137.5,fan,19.46,12.89,0.7114,0,0,2.186,91.64,Harmful
R03551,3,4,1,40.731,0.1542,0.9225,0.843,0,25.199,17.678,0,0,0,1,252.4,fan,52.5,9.52,0.9703,0,0,-6.672,20.99,Inconsistent
R03552,4,2,2,48.954,-0.9446,0.8105,0.493,1,-2.339,18.257,1,0,0,1,57.6,door,55.17,18.46,0.8171,1,0,-0.446,38.31,Inconsistent
R03553,3,1,2,44.061,-0.4413,0.9341,0.407,0,15.286,18.981,0,0,0,0,114.9,pump,52.27,18.89,0.7734,0,0,-7.274,84.3,Protective
R03554,2,1,1,48.548,-0.2082,-0.8375,0.644,0,-8.742,18.985,1,0,1,0,455.7,door,11.92,15.2,0.7435,1,0,-6.149,85.94,Inconsistent
R03555,2,1,1,13.008,0.4479,-0.9832,2.037,1,2.53,17.389,0,0,0,0,119.6,pump,27.31,9.64,0.4665,1,1,1.381,88.96,Harmful
R03556,3,2,1,42.272,1.3008,0.8349,1.366,1,8.368,19.193,1,0,0,0,212.0,door,58.38,19.7,0.8776,0,0,23.041,92.61,Harmful
R03557,2,3,1,45.536,0.6201,-1.0629,1.179,0,29.931,17.3,1,0,1,0,155.4,valve,36.93,2.8,0.5488,0,0,2.082,79.21,Inconsistent
R03558,1,3,2,21.498,-0.8735,0.9546,2.748,0,-6.596,20.695,0,1,1,0,49.5,fan,48.48,17.29,0.598,0,1,-13.519,85.43,Inconsistent
R03559,2,1,1,53.102,-0.9098,-2.2266,2.72,0,3.038,18.687,0,0,0,0,900.0,pump,25.45,7.34,0.8348,1,0,-14.829,80.48,Protective
R03560,1,4,3,21.759,0.764,-0.0685,1.709,1,8.878,18.756,0,0,0,0,83.8,fan,32.36,10.77,0.5135,1,1,3.081,80.66,Harmful
R03561,1,2,1,18.411,-0.7437,-0.2159,1.484,1,-21.223,19.308,1,0,1,0,206.7,door,29.17,3.54,0.6747,0,1,3.868,91.29,Inconsistent
R03562,2,1,1,52.69,-0.577,-0.4324,0.957,0,-32.615,20.127,0,1,0,0,139.5,pump,49.82,10.4,0.5422,0,1,-7.813,83.4,Protective
R03563,4,2,2,18.586,2.1481,0.6611,1.488,1,-14.938,17.278,1,0,0,0,176.1,valve,17.47,6.13,0.7296,0,0,3.607,87.97,Harmful
R03564,4,1,3,27.853,-1.6063,0.2962,1.351,0,14.508,19.812,1,0,0,0,64.0,pump,33.0,7.68,0.554,0,0,-8.398,95.24,Protective
R03565,2,4,2,25.236,-0.4401,0.5397,0.219,0,25.746,20.642,0,0,0,0,161.7,valve,54.36,12.19,0.3663,1,0,-8.231,81.07,Protective
R03566,2,1,1,54.393,0.2077,1.155,2.324,1,-13.845,18.757,0,0,0,0,62.1,pump,53.21,19.5,0.8559,1,1,19.499,89.78,Harmful
R03567,1,2,1,30.038,2.8053,0.2285,1.428,1,-18.251,17.053,0,0,0,0,70.1,valve,50.73,6.06,0.7954,1,0,13.348,83.6,Harmful
R03568,4,1,3,43.187,0.2621,2.5087,0.824,1,23.021,17.989,0,0,0,0,63.6,damper,15.29,8.17,0.8475,1,0,3.062,81.34,Harmful
R03569,1,4,3,48.672,-0.5798,1.2871,2.066,0,-8.481,20.764,0,0,0,0,34.6,fan,39.02,6.32,0.7684,1,1,-3.032,94.29,Ineffective
R03570,4,3,1,39.535,-0.2308,0.088,1.453,1,-5.577,17.472,0,0,0,0,289.3,fan,26.12,11.09,0.9152,0,0,5.467,91.05,Harmful
R03571,4,1,3,56.903,0.8093,0.2631,1.078,1,21.887,17.054,0,0,0,0,373.6,door,58.56,6.82,0.9021,1,0,5.926,100.0,Harmful
R03572,3,2,1,49.138,0.1702,-0.433,0.846,0,19.421,20.743,0,0,1,0,20.3,damper,38.88,5.46,0.5503,1,0,-16.231,91.2,Inconsistent
R03573,2,1,1,27.011,-0.9858,0.2633,0.366,0,14.011,20.452,0,0,1,0,44.7,valve,55.06,13.74,0.7532,1,0,-3.577,96.63,Inconsistent
R03574,4,3,1,57.295,1.7887,-0.5719,1.608,1,-25.672,18.842,0,0,0,0,224.1,fan,19.0,5.16,0.9791,1,1,8.611,90.83,Harmful
R03575,3,4,1,33.852,0.1711,-0.8895,1.251,0,-18.877,17.022,0,0,0,0,20.8,damper,51.35,12.14,0.9025,1,0,-13.808,92.33,Protective
R03576,3,1,2,6.242,1.6519,-1.7674,0.313,1,16.808,19.335,1,0,0,0,558.9,valve,30.73,2.97,0.4943,1,0,3.289,80.25,Harmful
R03577,4,3,1,19.301,-0.4281,-0.4987,2.475,0,4.768,20.267,0,0,0,1,324.1,door,34.27,14.93,0.9418,1,0,-7.801,49.44,Protective
R03578,4,3,1,39.195,0.1432,0.9648,2.463,0,-11.666,18.144,0,0,0,0,99.3,door,51.13,2.01,0.55,0,0,-3.399,80.45,Ineffective
R03579,1,3,2,13.625,0.5869,0.2479,1.572,1,-5.168,17.691,1,0,1,0,27.8,valve,19.96,14.22,0.743,0,0,2.317,100.0,Inconsistent
R03580,4,1,3,37.124,2.2577,0.3038,2.549,1,16.665,20.619,1,1,0,0,41.5,damper,18.15,4.61,0.7491,1,1,3.259,90.94,Harmful
R03581,4,1,3,24.888,0.9163,0.6782,1.547,1,22.914,20.072,0,0,0,0,458.1,fan,12.59,14.65,0.7691,1,0,-0.404,78.07,Ineffective
R03582,1,2,1,34.391,-0.0912,-1.1022,0.673,0,-0.09,18.792,1,0,1,0,125.4,door,36.99,3.46,0.6941,1,0,-0.543,100.0,Inconsistent
R03583,2,3,1,5.103,-0.5582,-0.0747,1.649,0,-10.304,20.62,0,0,0,0,144.4,pump,44.92,7.74,0.8558,1,0,-3.312,88.81,Ineffective
R03584,4,1,3,51.663,0.284,1.2903,1.075,1,-4.132,19.433,1,0,0,0,267.1,damper,56.42,14.79,0.7789,0,1,7.58,85.59,Harmful
R03585,1,2,1,24.906,0.1377,0.2066,1.467,0,20.146,20.776,0,0,1,0,282.9,door,48.42,13.15,0.7617,0,0,-16.636,97.19,Inconsistent
R03586,2,1,1,12.709,1.6196,1.3782,2.918,1,19.853,17.413,0,1,0,1,178.8,pump,40.92,7.22,0.8592,1,0,3.319,45.55,Harmful
R03587,3,1,2,29.085,-0.7846,1.1641,1.195,0,2.914,18.746,1,0,0,0,81.1,door,35.42,10.23,0.7291,0,0,7.159,92.31,Harmful
R03588,3,1,2,31.74,0.0266,0.5626,0.804,0,-7.942,19.717,0,1,1,0,111.4,damper,32.83,8.0,0.7618,0,0,-1.507,100.0,Inconsistent
R03589,4,3,1,40.057,0.9842,-0.3134,0.56,1,16.241,18.632,0,0,0,0,99.7,damper,31.86,2.22,0.6881,0,0,5.072,89.19,Harmful
R03590,1,3,2,33.851,1.1584,0.0559,2.675,1,24.344,18.399,1,0,0,0,191.8,valve,50.29,12.11,0.8286,1,0,9.384,85.29,Harmful
R03591,2,4,2,7.394,-1.8075,1.8315,0.242,0,-21.803,19.782,0,0,1,0,26.9,door,27.82,19.82,0.5698,1,0,-8.224,81.37,Inconsistent
R03592,4,1,3,52.933,-1.0247,0.2142,2.741,0,-3.486,19.423,0,0,0,0,220.5,door,25.72,11.24,0.3966,1,1,-3.093,89.97,Ineffective
R03593,3,1,2,30.108,-0.5658,0.581,0.373,1,17.339,18.13,0,0,1,1,422.2,valve,54.63,8.7,0.5898,1,1,-9.717,24.68,Inconsistent
R03594,1,2,1,9.234,-0.0671,-0.96,2.307,0,1.105,18.776,1,0,0,0,72.0,pump,53.58,10.91,0.5401,1,0,-7.202,89.17,Protective
R03595,2,4,2,47.506,-0.101,0.3085,1.022,1,-7.329,19.828,1,0,0,0,215.3,valve,46.83,14.87,0.6829,0,0,-8.947,82.26,Protective
R03596,2,1,1,41.308,0.3038,1.1164,0.9,1,2.778,19.508,0,1,0,0,25.3,damper,42.73,3.78,0.4759,0,1,3.807,83.76,Harmful
R03597,3,1,2,40.719,-1.2943,-0.0852,0.704,0,5.561,18.812,0,0,0,0,395.6,valve,28.19,10.05,0.7231,0,1,-9.918,87.42,Protective
R03598,2,3,1,28.48,0.3968,-0.1194,0.577,1,-16.903,18.04,0,0,1,0,73.6,door,48.32,5.12,0.8937,0,1,13.943,88.79,Inconsistent
R03599,3,2,1,27.577,-1.2241,-0.3874,0.385,0,1.362,17.458,0,0,0,0,93.7,fan,49.27,13.65,0.6814,1,0,-15.337,81.45,Protective
R03600,2,1,1,34.499,0.6579,1.0918,0.634,0,5.51,20.361,0,0,0,0,145.2,damper,35.26,19.14,0.6702,1,0,-12.468,85.46,Protective
R03601,3,1,2,7.783,1.2792,1.0678,1.848,1,-7.363,20.281,0,0,1,0,69.4,damper,29.4,6.19,0.9585,0,0,23.079,98.07,Inconsistent
R03602,1,2,1,21.443,0.9502,0.934,1.795,1,-11.692,19.453,1,0,0,0,90.1,valve,15.93,9.03,0.6563,0,0,7.306,87.67,Harmful
R03603,3,2,1,59.334,0.4981,0.8409,0.987,1,-8.068,19.285,1,1,0,0,99.4,valve,38.95,6.88,0.2124,0,1,10.134,89.41,Harmful
R03604,4,1,3,41.421,-1.2377,-0.783,2.104,1,-14.564,17.545,0,1,0,1,56.4,door,36.04,8.96,0.7744,1,0,-0.254,30.4,Inconsistent
R03605,1,4,3,28.041,-0.5582,0.1723,2.355,0,12.759,18.787,0,0,0,0,21.3,fan,41.86,10.27,0.6273,1,1,-6.185,92.34,Protective
R03606,2,3,1,17.23,0.0385,1.468,2.944,1,-14.755,18.935,0,1,0,0,59.9,pump,10.67,16.02,0.5765,1,0,-0.73,81.39,Ineffective
R03607,3,1,2,45.987,0.1473,-0.3609,1.431,0,2.836,18.846,0,0,0,0,78.9,valve,41.23,12.11,0.9565,1,0,-0.177,100.0,Ineffective
R03608,3,2,1,19.316,1.4197,1.3774,1.249,1,-5.613,17.968,0,1,0,0,217.1,fan,51.12,11.02,0.7296,0,1,8.696,85.46,Harmful
R03609,3,4,1,13.93,1.1246,0.9452,2.925,1,-10.593,17.495,0,0,0,0,24.5,door,39.45,2.55,0.8647,1,1,5.897,76.58,Harmful
R03610,3,4,1,13.498,1.163,0.7277,2.838,0,20.57,20.726,0,0,0,0,106.9,fan,32.6,2.76,0.8141,1,0,-0.609,100.0,Ineffective
R03611,3,4,1,45.109,0.2317,0.4509,2.795,1,-1.962,19.225,0,0,0,0,36.2,door,59.79,17.5,0.5791,0,0,26.726,80.59,Harmful
R03612,3,1,2,40.355,-0.7098,0.7866,1.905,0,-10.041,20.45,1,1,0,0,105.0,damper,40.7,16.92,0.7875,1,0,-4.978,100.0,Ineffective
R03613,1,3,2,8.839,0.9379,-1.5647,1.93,0,-11.477,19.688,0,1,0,0,71.8,fan,49.9,4.5,0.5213,1,0,1.082,86.33,Ineffective
R03614,4,1,3,11.327,0.0662,-0.0669,2.798,0,5.086,20.281,0,0,0,0,21.6,damper,21.1,17.84,0.9031,1,1,5.896,100.0,Ineffective
R03615,2,4,2,39.862,0.553,1.113,1.543,1,12.399,17.864,0,0,0,0,184.2,door,19.7,19.62,0.8278,0,0,5.873,100.0,Harmful
R03616,1,4,3,36.411,2.6465,0.6963,0.798,1,19.061,17.424,1,1,0,0,166.3,door,56.18,14.88,0.6033,1,1,9.685,92.88,Harmful
R03617,2,1,1,42.73,0.4777,0.9956,2.959,0,-2.515,19.455,1,0,1,0,65.0,valve,56.37,10.35,0.8829,1,1,-13.789,97.92,Inconsistent
R03618,2,3,1,14.792,0.6095,0.2429,2.558,1,-3.416,19.197,0,0,0,0,106.7,damper,16.41,5.98,0.6992,0,0,2.595,91.35,Harmful
R03619,1,3,2,44.962,-0.7859,-0.6475,0.357,0,1.964,17.386,0,1,0,0,256.5,fan,58.18,17.99,0.6128,1,0,-10.759,86.21,Protective
R03620,4,1,3,56.485,1.2265,-1.7391,0.515,0,2.507,19.445,0,0,0,1,151.4,valve,46.45,8.38,0.7292,0,0,-3.355,7.66,Inconsistent
R03621,1,3,2,38.058,0.107,-0.373,2.67,0,-11.581,17.728,0,0,0,1,235.1,pump,24.95,6.33,0.7712,0,0,-3.496,13.64,Inconsistent
R03622,2,1,1,15.787,-0.0755,0.4169,1.043,0,21.936,17.433,0,0,0,0,153.1,fan,20.9,12.37,0.8543,1,1,-0.227,79.54,Ineffective
R03623,2,1,1,42.375,0.5763,0.661,2.15,0,0.333,20.941,0,0,0,0,329.4,fan,42.57,18.31,0.7766,1,0,-12.288,84.3,Protective
R03624,4,1,3,23.869,1.6801,-0.9992,0.53,1,8.021,19.223,0,0,1,0,28.6,pump,14.87,17.67,0.8567,1,1,5.422,85.62,Inconsistent
R03625,3,4,1,7.711,0.4499,1.0753,0.677,0,6.367,18.319,1,1,0,1,95.4,pump,45.53,16.57,0.7362,1,1,0.164,32.02,Inconsistent
R03626,4,3,1,21.629,0.784,-1.0744,2.293,0,6.059,17.392,1,0,0,0,226.5,valve,51.11,7.57,0.8736,1,0,-4.184,76.54,Ineffective
R03627,1,4,3,54.807,1.2514,0.2789,2.942,1,-15.061,20.667,0,0,0,0,128.6,pump,35.45,15.76,0.4008,1,0,1.571,80.3,Harmful
R03628,4,1,3,27.613,0.4549,-0.6688,1.606,0,-0.096,20.77,1,1,0,0,194.5,valve,51.28,18.17,0.8112,0,1,-10.427,92.56,Protective
R03629,4,1,3,52.557,0.0684,0.8172,0.32,1,34.211,18.028,1,0,0,0,120.2,pump,43.73,17.08,0.7397,1,1,5.13,92.71,Harmful
R03630,2,4,2,32.976,2.6104,0.4941,0.856,1,23.808,18.74,0,0,0,0,386.2,fan,38.93,13.01,0.8629,1,0,10.755,76.98,Harmful
R03631,3,1,2,33.434,-1.3337,0.578,0.796,0,2.355,19.582,0,0,0,0,112.8,door,31.34,12.19,0.6515,0,0,-7.305,98.4,Protective
R03632,1,3,2,5.287,0.2094,1.7438,2.819,0,-5.503,17.445,1,0,0,0,48.3,pump,42.62,17.19,0.5809,0,1,-0.525,88.4,Ineffective
R03633,4,3,1,40.041,-0.5368,0.7979,1.374,1,-33.267,19.148,0,0,0,0,445.0,door,58.72,11.42,0.79,1,0,17.893,81.6,Harmful
R03634,4,3,1,10.93,-0.1981,-0.6767,2.853,0,-7.46,17.875,1,0,0,0,59.2,fan,15.89,6.43,0.8704,0,0,-4.855,87.69,Ineffective
R03635,2,1,1,31.331,0.2287,0.8611,2.607,1,-1.176,17.901,0,1,0,1,174.7,valve,18.44,10.13,0.8807,0,0,1.162,54.24,Harmful
R03636,3,4,1,19.317,0.9358,2.3451,1.462,1,-4.76,19.412,1,0,0,0,30.4,damper,43.15,17.29,0.8928,1,1,16.313,85.68,Harmful
R03637,2,1,1,26.581,1.1418,1.0563,0.27,1,-3.715,18.24,0,0,0,0,30.9,valve,59.23,2.34,0.5163,1,0,2.619,87.91,Harmful
R03638,1,4,3,34.539,-1.0563,0.8457,2.924,0,9.336,19.201,1,1,0,0,351.8,valve,34.98,9.46,0.7917,0,1,-2.732,74.61,Ineffective
R03639,3,1,2,5.796,0.7706,-1.1936,0.228,1,-15.005,18.049,0,0,0,0,98.4,valve,29.8,17.45,0.8178,0,1,6.488,89.38,Harmful
R03640,3,1,2,20.652,2.1937,0.7869,2.597,1,4.09,18.951,0,0,0,0,404.2,door,58.02,11.77,0.8012,0,0,8.664,83.43,Harmful
R03641,4,3,1,59.429,-1.4123,-0.368,1.357,0,-1.654,20.729,0,0,0,0,97.8,pump,23.94,9.09,0.5056,1,1,1.281,80.09,Ineffective
R03642,4,3,1,8.157,-0.0541,-0.2801,1.044,1,-13.235,18.939,0,0,0,0,155.9,door,26.44,14.83,0.6598,0,1,7.761,83.87,Harmful
R03643,2,4,2,22.567,1.6608,0.3777,1.343,1,25.112,19.005,0,0,0,0,181.3,valve,31.1,13.05,0.7994,0,0,10.755,86.84,Harmful
R03644,4,1,3,22.678,0.8776,0.5086,1.199,1,11.217,18.971,0,0,0,0,141.1,pump,35.97,12.13,0.8127,1,0,1.194,92.16,Harmful
R03645,3,1,2,25.866,0.0512,-0.7244,2.13,0,-11.796,20.426,0,0,0,0,49.4,damper,12.7,6.17,0.7205,1,0,-7.581,98.91,Protective
R03646,3,2,1,42.663,0.9223,0.0885,1.804,0,7.759,19.727,0,0,0,1,53.9,valve,30.13,18.58,0.457,0,1,-5.575,52.25,Protective
R03647,3,4,1,18.626,-0.8941,-0.2735,0.919,0,-20.842,17.123,0,0,0,0,117.6,valve,39.13,3.52,0.7456,1,1,-1.937,98.03,Ineffective
R03648,4,3,1,30.315,0.2807,1.1024,1.677,1,-9.952,17.472,0,0,0,0,49.1,pump,16.18,14.45,0.7311,1,1,6.917,100.0,Harmful
R03649,3,4,1,40.467,0.1574,0.6276,1.334,1,19.914,19.312,1,0,0,1,425.6,valve,33.06,14.05,0.7329,1,1,0.38,42.89,Inconsistent
R03650,1,4,3,22.728,-0.4482,0.2759,2.778,0,5.273,20.041,1,0,1,0,170.2,damper,25.36,4.34,0.7734,1,0,-12.075,90.11,Inconsistent
R03651,1,3,2,57.182,2.1395,1.3794,2.699,1,4.068,17.468,0,0,1,1,25.5,door,15.58,3.8,0.8423,0,1,1.403,18.12,Inconsistent
R03652,2,3,1,58.882,-0.9011,0.955,1.929,1,14.805,19.011,1,0,0,0,41.1,pump,55.8,8.16,0.4099,1,0,18.209,96.9,Harmful
R03653,3,4,1,11.582,-0.3942,0.3939,2.903,1,9.169,19.57,1,1,0,0,306.9,fan,27.9,3.46,0.4372,1,0,0.607,79.34,Ineffective
R03654,3,4,1,23.91,-0.5657,-1.6869,1.25,1,-3.991,18.603,0,0,0,0,114.7,damper,34.64,19.16,0.7655,0,0,9.799,83.79,Harmful
R03655,2,1,1,16.438,2.2017,0.9137,0.446,1,14.046,19.774,0,0,0,0,125.4,valve,36.24,17.47,0.648,1,1,14.402,92.18,Harmful
R03656,3,1,2,15.273,-0.7144,-1.0119,0.333,0,-25.334,18.371,0,0,0,0,178.2,door,18.3,19.07,0.9588,0,0,-4.488,100.0,Ineffective
R03657,4,3,1,32.004,0.4733,0.3138,2.534,1,-10.012,19.492,0,0,0,0,396.7,door,38.32,19.85,0.9037,1,1,16.049,94.84,Harmful
R03658,2,3,1,36.01,-1.7146,0.271,1.274,0,-1.454,20.063,1,0,0,0,59.1,damper,22.29,5.96,0.662,0,0,-4.652,88.91,Ineffective
R03659,2,1,1,28.411,0.5376,1.733,2.609,1,8.216,20.823,0,0,0,0,112.0,valve,40.25,15.86,0.8575,1,0,12.74,100.0,Harmful
R03660,3,2,1,19.991,0.7665,1.7423,1.484,0,-4.875,19.556,0,0,0,1,109.3,fan,15.87,10.22,0.6566,0,1,-0.908,44.95,Inconsistent
R03661,2,3,1,20.324,0.153,-1.0212,0.231,0,-26.761,18.406,0,0,0,0,36.9,fan,49.6,2.78,0.8334,1,1,-12.359,98.0,Protective
R03662,4,2,2,59.567,-0.2079,-1.4159,1.68,0,-28.867,19.885,0,1,0,0,122.8,damper,53.17,11.26,0.6918,1,1,-13.987,87.62,Protective
R03663,4,3,1,55.802,-0.7649,0.7257,1.865,1,-1.021,20.218,1,0,0,0,132.0,door,59.02,3.48,0.7214,1,1,7.89,85.4,Harmful
R03664,3,4,1,9.174,-0.428,0.1424,1.464,0,-7.167,18.659,1,0,1,0,79.1,valve,54.77,19.76,0.896,1,0,1.905,90.2,Inconsistent
R03665,2,3,1,41.11,0.9469,-0.8019,2.546,1,-13.65,18.45,1,0,0,0,23.2,damper,43.21,16.98,0.4017,0,0,20.26,85.95,Harmful
R03666,3,2,1,30.128,-1.0918,-0.1166,2.003,0,-16.159,17.61,0,0,0,0,167.5,damper,17.23,16.87,0.8493,1,0,-6.213,92.5,Protective
R03667,1,3,2,42.885,0.5549,0.4975,1.221,0,2.007,19.708,1,0,0,1,45.1,pump,14.37,3.4,0.7043,0,0,4.562,53.95,Ineffective
R03668,2,3,1,37.833,0.7851,-1.3302,2.213,0,19.534,18.779,1,0,0,0,193.0,valve,13.95,2.14,0.8997,1,1,-2.253,86.21,Ineffective
R03669,1,4,3,53.909,-0.6286,-1.0946,1.095,0,2.008,17.532,1,0,0,0,276.9,valve,52.0,6.82,0.6758,1,1,-5.489,100.0,Protective
R03670,1,4,3,8.684,0.6258,-0.7442,2.548,0,19.734,19.246,1,1,0,0,31.2,damper,48.24,16.97,0.714,1,0,-3.221,93.97,Ineffective
R03671,1,2,1,24.228,-0.2097,-0.3123,0.984,0,-5.61,20.96,0,1,0,0,114.6,door,21.13,12.44,0.9117,1,1,-10.123,97.91,Protective
R03672,3,4,1,59.202,1.9471,1.094,2.067,1,6.652,17.205,0,1,0,0,713.9,fan,21.83,13.74,0.5024,0,1,4.834,77.38,Harmful
R03673,1,2,1,15.026,2.8342,0.0735,1.362,1,20.281,19.062,0,0,0,0,649.8,pump,14.83,4.32,0.825,0,0,3.387,70.52,Harmful
R03674,3,2,1,12.003,-1.1937,-0.0447,0.483,0,-2.368,20.743,1,1,1,0,76.4,door,58.59,10.29,0.7868,0,1,5.8,100.0,Inconsistent
R03675,2,3,1,45.093,0.6695,2.1462,1.963,0,0.39,20.837,0,0,0,0,585.2,door,22.56,10.37,0.4736,0,1,-7.109,69.25,Protective
R03676,2,1,1,47.759,2.105,-0.5563,1.273,1,-5.617,18.367,1,0,0,0,264.1,valve,52.39,19.63,0.7538,1,0,23.865,94.81,Harmful
R03677,4,2,2,41.975,-0.1707,-0.253,1.976,1,8.888,17.686,0,1,0,0,386.8,pump,48.26,15.94,0.8715,1,0,4.254,91.78,Harmful
R03678,3,1,2,47.691,0.2249,1.0781,1.712,1,13.534,18.683,1,0,0,1,263.9,door,50.11,4.41,0.5996,1,0,-2.573,7.82,Inconsistent
R03679,3,2,1,43.155,0.2136,1.388,0.316,1,5.269,18.274,1,0,0,0,143.4,fan,41.43,10.26,0.6879,0,1,19.408,94.41,Harmful
R03680,3,2,1,12.467,0.6672,0.8148,0.774,1,-3.442,18.93,0,0,0,0,117.0,door,20.66,15.89,0.6068,0,1,6.076,86.55,Harmful
R03681,1,2,1,38.452,0.4436,2.209,2.161,1,-22.496,19.384,0,0,0,0,67.3,fan,21.01,16.13,0.6082,0,0,7.626,91.52,Harmful
R03682,1,2,1,47.728,0.6017,0.7175,1.509,1,-0.726,20.073,0,0,0,0,54.1,fan,56.68,10.19,0.7643,0,0,24.897,97.74,Harmful
R03683,3,4,1,52.603,0.738,-2.0761,1.506,0,-2.879,19.537,1,0,0,0,319.0,fan,37.67,16.83,0.7048,1,1,-23.177,85.79,Protective
R03684,4,3,1,18.543,-1.0958,0.497,0.207,1,3.54,20.568,0,0,0,0,23.3,fan,43.53,10.56,0.6365,0,0,13.672,92.57,Harmful
R03685,1,3,2,12.009,-0.1739,-0.171,1.048,1,1.752,19.943,0,0,0,0,224.9,pump,36.52,2.6,0.5338,0,1,-4.761,79.38,Ineffective
R03686,1,2,1,47.96,1.4699,1.7838,2.075,1,23.586,19.075,1,0,0,0,28.2,fan,27.12,16.62,0.7477,1,0,19.419,86.82,Harmful
R03687,4,1,3,19.11,1.3528,1.3646,2.684,1,-10.446,17.477,0,0,0,0,128.1,pump,45.23,19.9,0.8527,1,0,11.928,99.89,Harmful
R03688,4,2,2,6.756,-0.2585,-1.1897,1.807,1,-23.629,20.215,0,0,0,0,133.4,fan,52.98,7.0,0.9034,0,0,6.883,89.08,Harmful
R03689,1,4,3,50.387,1.3597,1.7503,1.714,1,-17.138,19.857,1,0,0,0,190.7,damper,21.69,13.99,0.7103,0,1,10.387,99.17,Harmful
R03690,2,4,2,32.83,2.1269,1.3394,1.517,1,-9.504,18.345,1,1,0,0,184.4,damper,18.13,9.3,0.7291,0,0,4.017,82.81,Harmful
R03691,3,2,1,22.965,-0.149,-0.4245,2.1,0,16.23,17.928,0,1,0,0,203.2,door,13.3,9.31,0.7059,0,0,-2.267,88.34,Ineffective
R03692,1,4,3,5.629,-0.208,0.3216,2.435,1,-19.459,19.632,1,0,0,0,141.7,fan,55.16,18.51,0.7131,0,0,-4.417,94.18,Ineffective
R03693,2,1,1,6.943,1.675,1.7922,0.818,1,-17.457,17.337,1,0,0,0,204.4,damper,44.36,19.28,0.5938,1,1,10.848,93.41,Harmful
R03694,2,4,2,48.594,2.523,-1.5715,2.199,1,6.209,20.149,0,1,0,0,467.4,fan,45.53,3.96,0.8891,0,0,6.93,88.15,Harmful
R03695,3,2,1,31.934,-0.0861,0.8454,0.883,1,12.74,17.908,0,0,0,0,152.0,damper,12.72,15.09,0.9103,1,0,7.156,100.0,Harmful
R03696,2,1,1,13.235,0.8393,1.4934,0.289,1,-23.239,19.374,1,1,0,0,187.3,valve,29.93,5.24,0.634,0,0,5.09,75.38,Harmful
R03697,2,4,2,24.718,1.8902,0.3113,0.409,1,-26.581,18.214,1,1,0,0,236.1,pump,12.87,11.56,0.6737,1,1,-1.348,71.4,Ineffective
R03698,2,4,2,14.092,0.9154,1.0479,0.33,1,-11.798,18.909,0,0,0,0,79.0,valve,44.45,16.42,0.5788,1,0,8.452,77.09,Harmful
R03699,4,3,1,11.208,-0.9473,0.5032,0.984,1,9.86,20.203,0,0,0,0,216.2,pump,27.12,6.02,0.703,1,1,2.877,76.91,Harmful
R03700,1,3,2,20.197,0.3434,-0.884,0.556,0,2.148,18.148,0,0,0,0,35.7,damper,59.04,7.85,0.7148,0,0,-8.107,83.19,Protective
R03701,1,2,1,35.223,-0.1788,-0.409,0.439,1,-11.25,17.132,0,0,1,0,257.1,fan,46.04,19.0,0.8809,1,0,23.248,87.35,Inconsistent
R03702,1,4,3,16.55,-0.4707,1.1119,0.613,1,11.091,17.31,0,1,0,0,562.3,pump,17.13,9.52,0.7129,1,0,5.502,76.6,Harmful
R03703,4,1,3,23.902,-0.9277,-0.2357,0.307,1,1.865,17.298,1,0,1,0,76.4,door,19.11,3.38,0.6601,1,1,5.596,86.77,Inconsistent
R03704,4,3,1,31.286,1.9904,-1.1246,1.162,1,-1.614,18.836,0,1,0,0,81.7,pump,16.09,9.5,0.794,0,1,7.02,84.52,Harmful
R03705,3,1,2,28.102,-0.9347,0.0224,2.504,0,-24.215,17.333,0,0,0,0,46.4,fan,22.48,10.13,0.5414,1,1,0.67,87.49,Ineffective
R03706,1,3,2,12.075,1.1333,-0.1131,1.751,1,-11.558,18.651,0,0,0,0,205.4,door,58.56,16.02,0.8209,1,0,8.274,96.41,Harmful
R03707,4,1,3,7.138,1.379,-0.7991,0.382,1,29.354,19.791,1,0,0,0,77.6,fan,59.27,8.27,0.8093,0,0,3.634,90.07,Harmful
R03708,2,4,2,6.95,0.0618,-0.0283,1.25,0,-5.044,20.519,0,0,0,0,421.2,valve,24.35,4.28,0.8866,0,0,1.167,85.78,Ineffective
R03709,4,3,1,24.26,1.0966,1.1673,1.404,1,-14.352,17.886,0,0,0,0,138.0,pump,22.21,16.01,0.7608,0,0,1.669,97.73,Harmful
R03710,2,3,1,44.534,1.181,0.4202,0.683,1,-5.734,20.507,0,0,0,1,286.2,door,22.83,8.76,0.3036,0,0,6.289,17.52,Inconsistent
R03711,4,3,1,12.219,0.0381,-1.1662,1.244,0,1.786,20.912,0,0,0,0,100.0,valve,35.29,2.56,0.9011,0,0,-2.697,91.91,Ineffective
R03712,4,3,1,48.284,-0.8602,0.3818,1.143,0,13.25,19.503,1,0,0,0,83.0,door,34.09,16.98,0.3609,1,0,-18.392,90.57,Protective
R03713,1,4,3,44.362,-0.0493,1.4352,1.583,1,9.316,19.949,0,0,0,0,40.8,valve,32.42,19.4,0.9454,1,1,4.66,95.49,Harmful
R03714,3,1,2,5.217,-0.205,2.113,2.152,0,-10.149,18.932,0,0,0,0,65.7,fan,13.98,19.33,0.6558,1,0,-4.181,94.23,Ineffective
R03715,2,3,1,6.471,0.6738,1.8418,1.541,1,19.074,17.299,1,1,0,1,60.2,fan,22.92,13.17,0.8963,1,1,7.238,43.75,Inconsistent
R03716,2,1,1,15.727,0.3293,-1.1054,0.407,0,12.22,20.84,0,0,0,0,208.2,door,32.71,6.75,0.8732,1,0,4.799,86.66,Ineffective
R03717,2,4,2,8.087,1.9017,1.2581,0.355,1,-6.677,20.781,0,0,0,0,131.6,fan,20.78,17.61,0.8944,1,1,8.206,85.8,Harmful
R03718,3,1,2,34.224,0.2439,0.1565,2.686,0,-1.923,18.291,0,0,0,1,25.5,door,41.23,5.2,0.9191,1,1,-1.051,35.91,Inconsistent
R03719,2,1,1,7.179,-0.0109,-0.7521,2.145,1,9.01,17.783,1,1,0,0,251.0,valve,17.7,15.49,0.8795,1,0,5.751,87.8,Harmful
R03720,3,2,1,49.146,-1.3812,0.6838,2.04,1,16.121,17.262,1,0,0,0,150.5,door,27.96,17.7,0.7404,0,0,-16.459,84.63,Protective
R03721,3,4,1,32.113,0.0311,2.3187,2.757,1,-22.78,18.991,0,0,0,1,189.6,door,47.95,18.7,0.5929,0,1,5.955,32.33,Inconsistent
R03722,4,3,1,45.037,-1.4445,1.0959,1.716,0,1.057,20.699,0,0,0,0,22.5,fan,39.58,12.25,0.3087,0,0,-20.546,88.72,Protective
R03723,4,2,2,46.289,-0.8304,-1.1134,0.406,0,-0.467,17.164,0,0,0,0,363.3,pump,55.62,19.23,0.7127,1,1,-8.366,83.57,Protective
R03724,1,4,3,32.872,0.1423,-0.0863,2.2,0,-8.56,19.446,0,0,0,0,22.6,fan,24.42,2.65,0.9207,0,0,-7.304,98.99,Protective
R03725,4,2,2,55.895,-0.0156,0.3917,0.654,0,-8.637,20.342,0,0,0,0,541.0,damper,10.52,2.69,0.6681,0,1,-5.915,79.06,Protective
R03726,1,4,3,59.463,2.6582,-1.3299,2.065,1,15.816,18.519,0,0,0,0,32.2,door,35.31,15.71,0.8317,0,1,6.029,88.26,Harmful
R03727,3,2,1,24.757,0.3831,-1.7954,1.322,0,8.02,19.448,0,0,0,0,272.1,door,21.06,19.96,0.6938,1,1,-5.17,83.03,Protective
R03728,2,1,1,11.923,2.7092,0.5546,0.279,1,31.6,18.775,0,0,0,0,237.7,fan,16.16,4.66,0.8575,0,1,4.088,100.0,Harmful
R03729,3,2,1,24.978,0.6151,0.0677,0.355,0,-8.547,17.262,0,0,0,1,27.2,door,10.89,8.74,0.796,1,0,-3.569,40.49,Inconsistent
R03730,3,1,2,17.284,0.9857,-1.9388,1.299,0,2.057,19.018,1,0,0,0,155.5,fan,39.33,19.75,0.6432,0,1,1.046,100.0,Ineffective
R03731,4,1,3,34.205,0.4411,0.788,1.865,1,4.646,17.356,0,0,0,1,106.3,damper,29.31,17.69,0.6021,0,0,6.22,8.35,Inconsistent
R03732,2,4,2,25.811,-0.2745,1.487,0.679,1,13.441,19.74,1,0,0,0,41.0,valve,26.17,9.4,0.3731,0,0,1.656,78.37,Harmful
R03733,4,2,2,31.425,-0.549,-0.3183,0.499,0,20.376,18.24,0,0,0,0,81.3,damper,29.07,18.03,0.7483,1,1,-4.127,100.0,Ineffective
R03734,2,1,1,46.975,-0.1119,-0.0402,1.253,0,1.404,20.21,0,0,0,1,115.4,fan,48.16,10.12,0.8611,1,1,-8.766,55.46,Protective
R03735,1,3,2,20.071,-0.7282,0.4714,2.452,0,-16.422,19.348,0,1,0,1,33.7,fan,21.61,8.11,0.3512,0,1,-3.911,12.3,Inconsistent
R03736,2,4,2,34.561,-0.2011,0.839,2.395,1,-10.663,20.74,1,0,0,1,206.3,fan,35.48,12.58,0.8544,0,0,0.996,24.96,Inconsistent
R03737,3,4,1,23.434,1.2168,-1.2686,2.116,1,2.141,19.951,1,0,0,0,183.1,valve,59.7,7.01,0.7623,0,1,10.696,74.85,Harmful
R03738,3,2,1,48.173,-1.1054,-1.0051,1.391,0,16.841,19.899,0,1,0,0,66.7,pump,12.5,13.83,0.6939,0,1,-5.079,95.57,Protective
R03739,4,2,2,40.175,-1.6335,-0.4959,1.437,0,-21.696,18.218,0,0,0,0,202.4,damper,42.88,7.23,0.7663,0,0,-12.191,85.65,Protective
R03740,1,2,1,5.468,-0.3221,-0.4608,0.833,1,-17.55,18.768,0,1,0,0,95.9,door,44.14,11.14,0.749,0,0,2.732,90.8,Harmful
R03741,2,3,1,41.303,-0.3344,1.367,0.584,0,11.357,19.982,0,0,0,0,162.3,pump,31.14,15.91,0.9005,0,1,-8.952,85.5,Protective
R03742,4,3,1,14.359,-1.0909,0.5345,0.244,0,-19.404,19.888,0,0,1,1,80.0,damper,50.36,17.53,0.8974,1,1,-14.811,63.91,Inconsistent
R03743,2,3,1,44.846,-0.3281,-1.2097,2.608,0,-16.875,19.769,1,0,0,0,21.4,damper,43.57,2.72,0.583,1,0,-6.022,84.01,Protective
R03744,1,3,2,36.204,0.5004,-0.3143,1.589,0,17.048,17.032,1,0,0,0,60.8,damper,45.61,15.06,0.8405,0,0,5.665,97.28,Ineffective
R03745,4,2,2,27.082,0.4744,1.0304,0.209,0,-3.32,17.069,1,0,0,0,99.0,pump,16.47,17.99,0.4511,1,1,0.224,83.12,Ineffective
R03746,2,3,1,43.174,-0.7608,-0.7462,1.682,0,-4.467,17.27,0,0,0,0,177.9,door,37.37,15.26,0.9275,1,1,-23.644,100.0,Protective
R03747,4,1,3,52.113,-0.5039,1.2516,0.923,1,20.524,17.126,0,0,0,0,252.6,damper,18.37,6.15,0.4336,0,0,-0.771,85.95,Ineffective
R03748,4,3,1,47.831,0.2244,1.7832,1.397,1,-15.945,20.091,0,0,0,1,174.0,damper,13.98,15.44,0.8261,0,0,8.903,31.82,Inconsistent
R03749,4,2,2,34.996,0.5556,1.1161,2.083,0,-18.96,19.188,1,1,0,0,278.8,valve,31.23,16.48,0.7985,1,0,-0.015,87.24,Ineffective
R03750,3,4,1,44.748,0.7892,0.0804,2.467,0,24.438,19.02,0,0,0,0,149.4,damper,14.94,5.23,0.792,1,1,2.261,83.76,Ineffective
R03751,4,1,3,27.765,1.1529,1.651,2.161,1,3.5,17.342,0,0,0,0,153.9,pump,10.02,18.41,0.5977,1,1,4.928,74.7,Harmful
R03752,4,2,2,48.396,1.1014,-0.6222,2.71,0,10.196,20.098,0,1,0,0,60.3,fan,58.56,6.9,0.5251,0,0,-1.151,77.37,Ineffective
R03753,2,1,1,50.598,2.5292,2.8859,0.857,1,-4.666,17.371,0,0,0,0,100.6,door,53.84,19.04,0.4386,1,1,31.524,85.79,Harmful
R03754,1,4,3,12.551,0.3168,0.6408,2.052,1,-1.599,17.887,0,0,0,0,124.5,damper,19.29,10.99,0.4392,1,0,-3.711,88.81,Ineffective
R03755,2,3,1,18.092,1.3866,1.0468,2.692,0,-10.556,20.276,0,0,0,0,226.6,damper,17.49,4.33,0.6707,1,0,1.768,94.69,Ineffective
R03756,3,2,1,19.849,-0.3605,-0.462,1.064,0,4.772,19.77,1,0,0,0,44.0,damper,27.15,14.73,0.5344,0,1,-3.972,87.09,Ineffective
R03757,3,2,1,14.134,1.8198,0.8994,2.438,1,12.471,17.37,1,0,0,0,62.4,pump,15.63,12.21,0.8968,0,1,8.595,96.35,Harmful
R03758,1,2,1,26.589,1.5086,0.9435,2.833,1,2.94,17.296,1,0,0,1,21.6,fan,26.95,15.73,0.6839,1,0,0.44,32.04,Inconsistent
R03759,3,4,1,15.617,-1.1771,-0.5288,2.003,1,15.914,18.626,1,0,0,0,169.2,pump,45.27,7.38,0.5795,1,1,5.806,83.0,Harmful
R03760,1,4,3,37.755,-0.1662,-0.5584,0.66,1,9.936,19.414,0,0,0,0,104.0,pump,21.97,3.03,0.5424,0,0,-0.32,90.87,Ineffective
R03761,3,1,2,10.589,-0.4213,0.1955,0.93,1,-15.727,17.987,0,0,0,0,54.4,pump,48.93,5.1,0.6414,1,0,0.553,84.75,Ineffective
R03762,3,2,1,19.846,-0.982,1.5053,2.104,1,-2.171,19.341,0,0,0,1,130.5,valve,56.14,10.59,0.6919,1,0,3.886,42.35,Inconsistent
R03763,3,4,1,41.604,1.6793,-1.4314,2.625,1,-6.726,18.438,0,0,0,0,501.5,pump,11.9,2.82,0.6612,1,0,2.336,81.28,Harmful
R03764,2,3,1,26.92,1.9688,-0.4628,0.267,0,11.302,19.355,1,0,0,0,102.3,valve,37.03,13.86,0.7672,1,0,-8.932,91.65,Protective
R03765,2,3,1,28.18,-0.3577,1.2099,1.114,0,6.924,19.902,1,0,0,0,54.1,fan,13.82,11.09,0.8229,1,0,5.088,93.81,Ineffective
R03766,3,4,1,48.886,0.7542,-1.3321,0.854,0,1.911,20.373,0,0,0,1,273.0,fan,37.56,5.77,0.5582,1,0,-4.937,54.51,Ineffective
R03767,3,1,2,59.148,2.2846,1.6539,1.382,1,15.204,17.783,0,0,0,0,166.3,damper,11.86,16.38,0.6832,1,0,8.809,92.09,Harmful
R03768,4,1,3,36.079,1.0083,-0.7278,2.352,1,-27.985,17.34,0,0,0,0,261.4,pump,34.86,13.77,0.4375,0,0,4.994,82.5,Harmful
R03769,2,1,1,9.349,0.7747,-0.5165,1.608,1,-9.047,17.474,0,0,0,0,180.0,pump,31.35,11.89,0.6963,0,0,9.701,93.28,Harmful
R03770,2,4,2,10.66,-0.3457,-0.2472,1.651,0,-7.774,17.662,0,0,0,0,40.6,valve,57.88,15.01,0.6127,1,0,-5.67,86.34,Protective
R03771,2,1,1,58.268,1.3376,2.2735,1.905,1,3.776,18.297,1,0,0,1,105.4,pump,19.09,12.67,0.7213,1,0,7.458,23.36,Inconsistent
R03772,3,1,2,42.358,0.7747,-0.74,1.644,0,8.292,17.115,0,0,0,0,57.0,door,15.42,2.17,0.8205,1,1,-2.363,100.0,Ineffective
R03773,1,2,1,46.386,1.2618,-1.333,2.127,1,-0.02,20.33,1,1,0,0,217.4,pump,13.65,11.85,0.7923,0,0,-0.171,86.65,Ineffective
R03774,2,4,2,42.167,0.3275,-1.5019,0.5,0,-19.724,20.396,0,1,0,0,101.9,valve,16.98,6.53,0.9701,1,0,-0.853,97.63,Ineffective
R03775,1,2,1,14.879,0.7488,1.3319,0.264,1,6.102,19.853,0,0,0,0,34.0,fan,39.31,15.84,0.7628,0,0,11.148,91.73,Harmful
R03776,3,2,1,29.66,-0.793,-0.9547,2.515,1,1.921,18.426,0,1,0,0,419.9,fan,58.67,13.98,0.7936,1,0,6.747,90.28,Harmful
R03777,4,3,1,48.894,0.7977,1.088,1.541,0,-22.031,19.827,0,0,0,0,175.6,fan,39.79,12.68,0.8041,1,1,-18.72,93.92,Protective
R03778,4,1,3,52.65,-0.4846,0.4698,1.036,1,-4.431,19.298,0,0,0,0,47.1,fan,42.6,11.62,0.6509,1,0,5.885,83.12,Harmful
R03779,2,4,2,18.053,0.5194,-0.1323,1.472,0,5.61,19.649,0,0,0,0,197.2,pump,40.77,6.63,0.8974,0,1,-2.277,92.17,Ineffective
R03780,1,3,2,37.778,1.5557,0.6973,2.02,1,24.798,17.352,0,0,0,1,75.8,pump,18.77,13.78,0.443,0,1,7.112,38.76,Inconsistent
R03781,1,2,1,13.641,-1.2404,-0.9009,0.541,0,-16.336,20.499,0,0,0,0,402.1,pump,57.23,16.3,0.8009,1,1,-10.341,83.98,Protective
R03782,1,2,1,57.705,-0.7078,0.0379,1.666,0,11.852,18.395,0,0,0,0,122.8,valve,59.59,9.07,0.5681,0,1,-17.526,93.27,Protective
R03783,4,3,1,18.871,2.9215,-0.7931,0.51,1,-16.147,18.077,0,1,0,0,88.0,valve,17.81,8.32,0.3689,1,1,7.023,93.53,Harmful
R03784,4,1,3,44.965,-0.1795,1.2489,2.607,0,-19.059,18.563,1,0,0,0,68.1,damper,22.44,18.89,0.4624,0,0,-0.352,84.98,Ineffective
R03785,3,1,2,17.711,-1.3202,-1.1273,1.775,0,-18.174,17.989,0,0,0,0,48.4,fan,38.51,16.42,0.8842,1,0,-6.678,100.0,Protective
R03786,1,2,1,38.883,0.7009,0.3389,2.47,0,9.075,20.977,0,0,1,0,23.2,door,55.95,3.14,0.4582,1,1,-1.901,78.37,Inconsistent
R03787,1,3,2,41.26,0.0273,-0.6348,2.219,1,1.948,19.585,1,0,0,0,91.7,pump,39.05,6.98,0.6643,0,0,9.088,91.04,Harmful
R03788,4,1,3,23.064,-1.1205,-0.1332,2.483,1,-4.72,20.586,0,0,0,0,50.0,door,28.86,17.34,0.6857,1,0,4.16,94.06,Harmful
R03789,2,4,2,50.036,0.4198,-0.4738,1.157,0,6.867,20.804,1,0,0,1,79.1,pump,29.0,15.58,0.542,1,0,-4.524,29.22,Inconsistent
R03790,1,3,2,53.695,-0.1166,3.3813,0.59,1,0.612,19.325,0,0,0,0,138.7,damper,30.01,5.49,0.7381,1,0,11.091,87.46,Harmful
R03791,1,3,2,52.029,0.2212,-0.1144,2.696,0,1.658,20.202,1,0,0,0,20.8,valve,56.54,10.8,0.8882,0,1,-10.522,100.0,Protective
R03792,2,4,2,23.194,-0.0127,-0.4215,2.677,1,-4.553,20.621,0,0,0,1,104.5,damper,48.55,5.37,0.9379,0,1,8.102,61.36,Harmful
R03793,3,4,1,45.939,0.6072,-0.5446,2.673,0,-15.413,17.6,1,0,0,0,91.9,fan,50.03,12.62,0.5389,1,0,-21.144,89.81,Protective
R03794,4,2,2,35.772,0.9835,-1.1047,2.97,1,25.37,18.077,1,0,0,0,107.7,damper,12.16,3.59,0.7091,1,1,6.443,100.0,Harmful
R03795,2,1,1,37.595,-2.6892,-0.2628,1.869,0,21.006,18.606,0,0,0,0,25.7,damper,25.48,6.74,0.7328,1,0,-12.962,91.51,Protective
R03796,3,1,2,31.258,1.182,2.2511,1.635,1,23.852,19.491,0,0,0,0,229.4,door,49.18,3.51,0.5574,1,0,12.029,74.82,Harmful
R03797,1,2,1,38.014,0.5103,0.736,2.433,1,-8.09,20.073,1,0,0,0,256.7,fan,15.93,18.64,0.3562,1,0,12.853,72.86,Harmful
R03798,1,4,3,12.461,2.2167,1.3034,0.508,1,-10.229,18.38,0,0,0,0,101.6,fan,23.08,5.24,0.5914,1,0,11.705,87.05,Harmful
R03799,1,4,3,27.487,0.2952,-1.0099,2.393,0,-6.217,20.371,0,0,1,0,43.6,pump,51.14,11.39,0.8355,0,0,6.509,84.95,Inconsistent
R03800,4,3,1,14.772,1.5562,0.1967,2.474,1,16.112,19.617,0,0,1,1,354.2,damper,37.93,5.24,0.4048,1,1,6.796,13.4,Inconsistent
R03801,3,2,1,20.406,-0.8105,0.1039,1.816,0,-0.003,18.488,0,1,0,0,99.2,fan,37.2,4.3,0.8482,1,0,-3.879,100.0,Ineffective
R03802,4,3,1,12.03,0.0099,-0.3253,1.286,1,-8.148,19.723,1,0,0,0,106.7,damper,24.76,2.07,0.8296,1,0,-1.431,100.0,Ineffective
R03803,1,4,3,16.687,-0.1256,0.3,2.037,0,5.458,20.408,0,1,0,1,206.0,fan,14.63,3.48,0.6744,1,0,-2.685,16.66,Inconsistent
R03804,1,3,2,48.006,-0.4606,0.5154,2.762,0,-11.047,18.344,0,0,1,0,162.5,valve,53.25,11.53,0.8177,1,1,12.478,95.84,Inconsistent
R03805,4,1,3,35.241,2.138,0.9428,0.642,1,-20.331,18.548,0,0,0,0,249.9,door,19.08,11.47,0.7717,1,0,9.428,95.47,Harmful
R03806,1,3,2,6.3,0.6467,0.2489,1.071,1,1.939,19.767,1,0,0,0,99.5,valve,36.33,6.59,0.559,1,1,8.975,100.0,Harmful
R03807,1,2,1,48.369,-0.4248,1.4909,2.08,1,-7.741,18.719,0,1,0,0,164.2,door,39.62,18.8,0.7422,1,1,9.686,90.46,Harmful
R03808,3,2,1,55.021,-0.9276,-0.3576,2.533,0,-0.206,17.711,0,1,0,0,40.6,door,33.85,9.92,0.6419,1,0,-7.928,84.02,Protective
R03809,3,1,2,53.424,0.8651,-0.4488,2.026,0,-40.273,20.417,0,0,0,0,91.2,door,50.68,16.53,0.802,0,0,-5.84,90.77,Protective
R03810,1,4,3,50.266,0.6327,1.8415,1.854,1,-13.381,17.806,0,0,0,0,431.5,pump,10.25,11.17,0.5201,1,1,3.408,72.93,Harmful
R03811,2,4,2,59.572,-0.3207,-1.207,0.44,0,-0.676,17.985,0,0,0,0,103.7,valve,28.13,6.39,0.6001,1,0,-7.064,90.39,Protective
R03812,3,1,2,37.252,0.9602,-1.803,1.414,0,-22.746,20.471,0,0,0,0,119.5,fan,45.01,4.87,0.6713,0,1,-1.918,94.52,Ineffective
R03813,2,1,1,57.942,-1.0148,-0.9678,2.692,0,-22.236,19.568,0,0,0,1,236.9,damper,12.41,5.15,0.7053,1,1,-2.551,17.92,Inconsistent
R03814,2,4,2,57.186,-1.4352,0.7872,1.213,1,0.582,18.726,1,0,0,0,49.2,door,56.05,14.15,0.6309,1,0,12.149,84.35,Harmful
R03815,1,3,2,22.228,-0.9529,1.1836,1.267,0,10.524,18.527,1,0,0,0,89.2,fan,28.94,15.48,0.423,0,1,-4.537,79.27,Ineffective
R03816,2,4,2,52.489,1.0421,-0.2605,1.201,1,-13.376,17.733,1,0,0,0,224.3,pump,39.76,5.01,0.6099,1,0,6.838,91.8,Harmful
R03817,4,3,1,48.586,-0.3495,1.7148,1.216,0,-3.932,17.272,1,1,0,1,266.2,damper,10.47,19.79,0.6741,0,0,-3.085,45.65,Ineffective
R03818,3,2,1,47.669,-0.7604,0.4272,1.333,1,-3.585,20.638,0,0,0,0,241.2,door,36.97,18.46,0.7825,1,0,17.734,100.0,Harmful
R03819,4,1,3,54.295,0.9161,-0.2155,2.365,0,-23.435,17.179,1,0,0,0,39.9,fan,20.33,6.37,0.9244,0,0,3.75,90.46,Ineffective
R03820,1,3,2,26.13,0.0635,-0.9499,1.474,0,17.758,17.247,0,1,0,1,47.0,valve,26.79,7.65,0.8752,1,0,-2.729,41.99,Inconsistent
R03821,1,3,2,27.003,0.289,1.8514,1.9,0,-2.744,20.008,1,0,0,0,128.1,door,56.89,19.49,0.8245,0,0,-4.99,86.23,Ineffective
R03822,3,1,2,40.203,1.2196,0.2497,1.439,1,-2.584,20.575,1,0,0,0,20.5,valve,45.89,19.96,0.9257,0,1,16.112,100.0,Harmful
R03823,1,2,1,45.579,-1.3985,-1.432,2.647,0,5.595,19.839,0,0,0,1,168.3,door,42.3,9.4,0.5216,1,0,-4.495,22.48,Inconsistent
R03824,3,2,1,53.386,1.1029,2.8577,0.7,1,-23.4,17.968,0,0,0,0,159.8,damper,59.44,17.08,0.4962,1,0,28.247,81.24,Harmful
R03825,4,3,1,53.171,0.8075,0.2937,0.544,0,13.799,18.083,0,0,0,0,174.3,valve,18.94,18.57,0.8438,0,1,-7.796,100.0,Protective
R03826,2,3,1,44.674,1.9403,1.1988,1.342,1,15.759,20.846,1,0,0,1,56.6,pump,13.04,17.84,0.7299,0,0,0.191,38.3,Inconsistent
R03827,3,4,1,57.629,0.6213,1.5816,2.928,0,2.108,19.8,0,1,0,0,42.5,damper,48.43,14.05,0.3082,0,1,-9.486,83.92,Protective
R03828,3,1,2,14.825,1.3131,1.0145,2.159,1,6.933,20.311,0,0,0,1,39.8,door,11.15,9.53,0.7753,1,1,2.217,25.8,Inconsistent
R03829,1,2,1,57.269,-0.9374,1.3749,1.926,1,-4.891,18.785,1,0,0,0,168.0,pump,48.96,11.08,0.4547,0,0,18.083,100.0,Harmful
R03830,4,3,1,8.531,0.7851,0.4543,1.293,1,12.949,20.106,0,0,0,0,195.7,door,35.31,14.84,0.6647,1,0,6.741,83.83,Harmful
R03831,1,4,3,35.559,-0.1566,1.1337,1.026,1,-12.344,20.923,0,1,0,0,62.7,pump,21.35,6.66,0.7149,0,1,3.348,86.06,Harmful
R03832,4,3,1,9.961,2.0822,0.3658,2.878,1,-0.486,18.427,0,0,0,0,100.4,door,42.02,14.78,0.4309,1,0,16.497,88.32,Harmful
R03833,3,1,2,36.24,1.0304,-0.1202,1.395,0,0.409,18.282,0,0,0,0,277.2,valve,34.71,11.46,0.4958,1,1,-4.268,83.58,Ineffective
R03834,1,4,3,26.456,-1.0505,0.0197,2.191,0,-0.58,17.172,0,0,0,0,34.9,valve,19.47,12.47,0.6542,1,0,-1.95,94.67,Ineffective
R03835,3,4,1,9.489,-0.146,-0.4968,2.469,0,16.037,19.948,0,1,0,0,180.9,door,50.3,17.05,0.805,1,0,-2.784,88.35,Ineffective
R03836,1,2,1,40.646,0.1485,0.4044,2.041,0,32.823,17.963,0,0,0,0,235.7,valve,24.46,18.97,0.7001,1,1,-6.722,83.04,Protective
R03837,3,4,1,45.216,1.7008,0.9018,0.851,1,-1.648,18.016,0,0,0,0,43.0,damper,22.25,7.5,0.3455,0,0,8.414,76.18,Harmful
R03838,4,3,1,14.58,-0.8756,1.2189,1.006,1,7.055,19.528,1,0,0,1,141.6,door,44.78,15.73,0.6621,1,0,1.453,20.44,Inconsistent
R03839,4,2,2,43.194,-1.4096,1.0396,0.264,1,-12.036,19.955,1,0,0,0,65.6,damper,30.98,12.79,0.5765,0,0,2.596,89.22,Harmful
R03840,4,1,3,14.848,0.8381,2.4,2.914,1,15.479,18.63,0,0,0,0,143.3,fan,27.18,7.23,0.8963,0,0,1.824,96.75,Harmful
R03841,2,3,1,12.557,-2.6314,0.9526,2.537,0,-7.762,20.778,0,0,0,0,28.2,fan,38.0,13.65,0.699,0,1,-15.304,100.0,Protective
R03842,3,1,2,13.105,0.0586,-0.3073,1.331,0,47.177,17.647,1,0,0,1,318.5,pump,42.98,13.79,0.9668,1,0,-2.697,51.56,Ineffective
R03843,2,3,1,37.949,0.4922,0.3531,2.699,0,-25.061,19.109,0,0,0,0,162.4,damper,16.22,16.76,0.6211,0,0,-3.562,86.65,Ineffective
R03844,4,2,2,47.833,1.1361,1.3127,0.63,0,32.212,19.469,1,0,0,0,108.6,damper,54.77,9.3,0.7995,1,1,-1.921,89.4,Ineffective
R03845,2,4,2,37.829,0.1774,-0.55,0.318,1,14.868,19.47,1,1,0,0,45.2,valve,28.62,16.6,0.7932,1,1,-1.699,100.0,Ineffective
R03846,4,1,3,49.514,0.0612,1.9142,0.579,0,-16.834,19.627,1,0,0,1,88.0,damper,19.77,6.4,0.7554,1,1,-0.259,61.62,Ineffective
R03847,2,3,1,37.531,1.4515,-0.3746,2.674,1,34.792,19.536,0,0,0,0,66.2,door,16.47,10.3,0.8842,0,0,11.187,97.93,Harmful
R03848,3,1,2,48.853,-1.2757,0.8003,0.649,0,-13.926,20.167,0,0,0,0,271.7,door,54.96,13.15,0.803,1,1,-13.332,93.88,Protective
R03849,1,3,2,58.709,1.7153,0.4066,0.391,1,-4.715,20.256,0,0,0,0,99.2,fan,13.18,12.77,0.8056,1,0,7.734,86.05,Harmful
R03850,3,4,1,26.503,1.0743,0.3491,0.72,1,-19.449,20.91,0,1,0,0,69.4,fan,45.43,2.88,0.7177,1,1,8.621,97.22,Harmful
R03851,1,3,2,13.247,0.1946,-0.9029,1.362,1,-2.197,20.759,0,0,0,0,315.6,valve,11.02,8.35,0.63,1,1,1.644,79.99,Harmful
R03852,1,3,2,12.447,0.9414,1.3075,1.59,1,-0.79,19.08,0,0,0,0,109.4,door,53.94,7.74,0.693,1,1,7.304,89.03,Harmful
R03853,2,3,1,37.861,0.6607,-0.8884,0.861,1,12.45,19.824,1,0,0,1,79.6,damper,55.52,19.43,0.8515,0,1,13.922,47.54,Harmful
R03854,2,4,2,35.091,1.5801,-1.0428,2.456,1,36.575,18.61,0,1,0,0,45.0,damper,23.36,19.44,0.6591,1,1,4.095,96.98,Harmful
R03855,3,4,1,15.133,-0.4605,1.0597,2.888,0,-7.694,19.603,0,0,0,0,155.9,pump,13.11,8.53,0.6029,1,0,-2.276,72.0,Ineffective
R03856,2,3,1,53.516,0.1271,1.6896,1.014,0,-41.289,17.03,0,0,1,1,228.9,valve,11.96,16.15,0.7926,0,1,8.653,42.16,Inconsistent
R03857,1,2,1,57.621,0.1791,-0.2672,2.807,1,9.727,18.47,0,0,0,0,195.9,pump,57.9,11.94,0.7672,1,0,17.88,96.57,Harmful
R03858,2,3,1,18.927,-0.1378,1.4031,2.49,1,-8.255,20.658,1,0,0,0,54.7,door,42.07,9.12,0.6827,1,0,10.421,85.21,Harmful
R03859,2,3,1,16.379,0.0715,0.6965,2.681,0,27.277,19.7,1,1,0,0,26.9,fan,57.63,16.08,0.7812,0,1,-10.7,91.18,Protective
R03860,3,2,1,16.766,-0.0968,0.3085,0.367,1,-0.519,17.069,1,1,0,0,89.6,fan,34.02,19.14,0.746,1,1,9.279,93.35,Harmful
R03861,3,4,1,26.308,0.7006,1.2358,2.535,0,-11.386,19.091,1,0,0,0,25.5,fan,50.11,8.47,0.7911,0,1,-11.081,91.73,Protective
R03862,1,4,3,51.927,1.3922,0.2364,1.841,1,-15.195,18.464,0,0,0,0,237.8,valve,57.43,5.03,0.4941,1,0,2.44,73.1,Harmful
R03863,3,2,1,37.778,0.0349,0.9175,0.307,1,9.343,20.235,1,1,0,0,180.1,pump,22.56,19.1,0.6613,1,1,2.151,81.53,Harmful
R03864,3,2,1,8.715,1.0138,-0.8538,2.31,1,-4.129,17.459,0,0,0,0,26.5,fan,14.48,14.75,0.8013,0,0,2.01,99.31,Harmful
R03865,4,3,1,31.014,0.0303,-0.811,0.877,1,22.016,19.416,1,0,0,0,77.7,pump,24.04,5.88,0.6922,0,0,-7.117,83.34,Protective
R03866,3,4,1,9.968,-1.7043,1.069,2.432,0,-3.159,19.848,0,1,0,0,357.6,fan,37.4,2.15,0.7625,1,0,1.778,85.85,Ineffective
R03867,4,2,2,27.342,-0.6972,0.4512,1.953,0,21.219,19.382,1,1,0,0,271.8,fan,44.77,13.94,0.3556,1,0,-0.166,81.16,Ineffective
R03868,1,4,3,27.194,0.7497,0.2575,1.579,1,-20.702,18.098,0,0,0,0,61.7,door,58.78,13.21,0.7874,0,0,4.268,95.35,Harmful
R03869,3,1,2,40.659,0.4214,1.8078,0.265,0,-26.079,20.173,0,0,1,1,71.4,damper,49.24,6.03,0.8546,0,1,-3.685,26.77,Inconsistent
R03870,1,2,1,35.22,0.9495,2.2973,2.691,1,12.438,20.174,0,1,0,0,54.4,valve,14.37,13.56,0.7703,1,1,2.728,88.93,Harmful
R03871,1,3,2,53.112,1.7077,0.8392,0.613,1,-6.966,18.444,0,0,0,1,51.9,damper,56.03,4.78,0.8925,1,0,5.506,10.76,Inconsistent
R03872,4,3,1,5.895,-1.0812,-1.5557,2.523,0,-3.953,18.067,0,0,0,0,156.2,damper,52.25,9.27,0.5987,0,0,-10.441,89.07,Protective
R03873,2,1,1,47.57,-0.4767,-0.2116,2.127,0,-15.183,19.656,1,1,0,0,122.3,valve,20.76,7.6,0.4805,1,0,-1.764,78.15,Ineffective
R03874,3,1,2,6.246,2.4444,-0.4326,0.395,1,-16.283,18.471,0,0,0,0,216.9,damper,54.62,17.55,0.5773,0,0,6.592,99.14,Harmful
R03875,3,4,1,21.736,-1.1311,0.4895,1.718,1,9.535,18.381,1,0,0,1,211.9,fan,21.36,7.26,0.9203,1,1,-2.873,32.11,Inconsistent
R03876,3,4,1,53.381,0.348,-0.5363,2.893,1,-0.283,18.802,1,0,0,0,223.9,pump,36.22,7.07,0.8825,0,1,6.666,93.96,Harmful
R03877,1,2,1,42.973,-0.2715,-0.7962,2.784,1,-15.903,18.832,0,0,0,1,94.6,valve,48.45,15.58,0.936,0,0,10.142,54.03,Harmful
R03878,1,3,2,14.46,-0.2954,-2.3626,0.61,0,11.858,20.318,1,0,0,0,184.0,valve,14.79,2.31,0.6301,1,0,3.59,91.31,Ineffective
R03879,1,2,1,31.993,0.3656,0.5673,0.685,1,17.624,20.811,0,0,0,0,651.2,fan,45.37,14.94,0.6237,1,1,9.237,62.83,Harmful
R03880,4,2,2,44.705,0.5022,-2.3988,0.63,0,-1.632,19.854,0,0,0,0,241.2,pump,35.89,2.85,0.7926,1,1,-0.28,92.45,Ineffective
R03881,1,2,1,56.554,1.0555,0.0798,2.317,1,15.048,17.353,0,0,0,1,141.8,pump,35.48,3.01,0.9406,0,1,6.75,55.66,Harmful
R03882,3,4,1,39.888,-0.5056,1.0944,0.65,1,-15.027,18.351,1,0,0,0,35.4,valve,40.94,10.83,0.6823,0,0,9.047,100.0,Harmful
R03883,2,3,1,6.357,0.2118,-0.3221,0.381,1,8.658,17.758,0,0,0,0,548.2,valve,13.79,19.24,0.9212,1,0,3.837,85.52,Harmful
R03884,1,2,1,32.484,0.7999,-0.6848,1.293,1,2.426,19.653,0,0,0,0,154.2,damper,16.36,4.93,0.6469,0,0,3.758,82.23,Harmful
R03885,2,1,1,13.413,0.6394,-0.1678,2.907,0,-11.873,19.393,0,0,0,0,143.5,pump,18.83,7.47,0.7167,0,0,-1.06,96.43,Ineffective
R03886,1,4,3,7.628,2.333,-0.9286,1.063,0,30.796,20.93,1,0,0,0,54.2,door,17.58,14.26,0.8079,1,0,3.269,95.33,Ineffective
R03887,1,4,3,37.918,0.6028,0.0857,2.228,0,3.492,18.791,1,0,0,0,143.6,pump,32.46,18.07,0.5811,1,0,3.695,76.46,Ineffective
R03888,1,3,2,47.731,-1.1125,-1.1328,0.603,0,-8.862,17.422,0,0,0,1,67.3,fan,40.01,10.91,0.8327,0,0,-3.548,34.06,Inconsistent
R03889,4,1,3,6.983,0.7062,0.2955,1.939,1,0.294,19.394,0,0,0,0,25.5,door,16.69,10.95,0.8411,1,0,2.699,86.76,Harmful
R03890,3,2,1,48.097,0.081,-0.4464,1.827,0,-13.045,18.468,1,0,0,1,488.9,valve,47.25,7.6,0.6569,1,1,-1.92,0.61,Inconsistent
R03891,4,2,2,43.851,-0.6194,-0.1115,2.732,0,-17.353,17.712,1,0,0,0,89.9,door,52.43,8.79,0.8336,0,1,-9.681,96.14,Protective
R03892,2,1,1,46.359,0.3703,1.5352,2.206,0,-6.741,18.484,0,0,0,0,213.0,pump,14.83,4.54,0.7039,1,1,0.552,88.69,Ineffective
R03893,1,3,2,18.46,-1.4714,0.5998,0.538,1,-5.726,17.953,1,1,0,0,121.9,pump,18.41,4.19,0.9071,0,0,-1.772,100.0,Ineffective
R03894,3,1,2,26.648,1.3531,0.9044,1.333,1,-12.063,17.789,0,0,0,0,83.2,damper,28.47,15.23,0.7839,0,1,9.148,83.54,Harmful
R03895,4,2,2,11.586,-0.5764,-0.7248,0.202,0,18.767,18.935,0,0,0,0,272.5,pump,42.85,10.72,0.7565,1,1,0.804,86.59,Ineffective
R03896,3,4,1,18.139,0.6903,0.6233,0.875,1,-11.487,20.24,0,0,1,0,129.5,damper,14.27,15.99,0.4699,0,1,-8.065,78.1,Inconsistent
R03897,1,3,2,21.653,2.2657,0.1252,2.92,1,-13.983,20.543,1,0,0,1,177.5,damper,27.37,13.67,0.4974,1,0,2.226,15.73,Inconsistent
R03898,2,1,1,22.569,-0.4615,0.4297,1.476,1,-17.786,18.041,1,0,0,0,54.2,pump,59.54,2.06,0.7664,1,1,10.118,99.65,Harmful
R03899,4,1,3,14.627,0.1727,0.5489,2.629,0,-19.23,18.794,0,0,0,0,35.7,door,36.01,11.07,0.7925,1,0,-1.489,91.82,Ineffective
R03900,3,4,1,15.379,1.5939,-0.1002,0.266,1,15.412,20.372,1,0,0,1,29.8,valve,18.66,11.89,0.6403,1,0,6.687,26.6,Inconsistent
R03901,4,3,1,54.581,0.0703,-0.498,2.664,0,3.873,20.955,0,0,0,0,228.6,door,40.58,4.47,0.8601,1,0,-13.1,87.88,Protective
R03902,3,1,2,48.114,-1.7142,-0.5864,2.69,0,10.355,20.4,0,0,0,0,35.6,valve,27.82,19.21,0.9372,1,0,-6.746,90.19,Protective
R03903,1,4,3,23.946,2.1504,-0.1057,2.03,1,15.276,18.976,1,1,0,0,292.2,damper,54.48,16.37,0.7019,0,0,-0.535,90.45,Ineffective
R03904,4,2,2,57.12,0.5886,0.5732,0.526,1,-4.999,20.481,0,0,0,0,73.4,fan,57.53,18.2,0.6402,1,0,16.25,82.67,Harmful
R03905,4,2,2,18.141,-0.6275,-0.464,2.653,0,22.084,19.827,1,0,0,0,41.5,damper,21.76,12.75,0.928,0,0,-5.033,97.19,Protective
R03906,3,2,1,27.375,0.4895,1.898,2.72,1,-9.403,17.454,1,0,0,0,115.6,fan,55.94,16.99,0.6185,1,0,-13.817,92.24,Protective
R03907,4,2,2,49.744,0.4179,3.0792,0.763,1,-16.436,17.337,1,0,0,0,364.0,pump,48.79,5.25,0.4028,0,1,5.501,66.54,Harmful
R03908,1,2,1,29.359,-0.3902,-0.1679,2.832,1,5.604,20.745,0,1,0,1,90.1,fan,17.78,17.38,0.7996,1,1,4.223,39.47,Inconsistent
R03909,4,2,2,17.904,0.965,0.694,2.667,1,2.168,20.698,1,0,0,1,113.0,damper,51.31,18.57,0.918,0,1,-1.392,45.52,Ineffective
R03910,1,2,1,25.269,-0.6972,0.938,0.774,0,2.144,18.833,0,1,0,0,196.9,door,18.89,2.34,0.81,1,1,4.152,93.53,Ineffective
R03911,4,2,2,32.54,1.4709,0.1343,1.303,1,15.23,19.647,0,1,0,0,86.2,door,10.49,13.54,0.8372,1,1,4.998,94.5,Harmful
R03912,1,4,3,39.135,0.4176,-1.0944,1.143,0,1.593,18.219,0,0,0,0,128.8,door,48.9,3.71,0.945,0,0,-7.476,90.81,Protective
R03913,3,4,1,27.308,2.4257,2.1382,1.595,1,4.696,19.806,0,0,0,1,317.0,door,27.31,13.64,0.847,0,0,9.894,43.4,Inconsistent
R03914,4,3,1,28.722,-0.3116,0.5862,2.689,0,20.394,18.785,1,0,0,0,97.8,valve,56.08,18.13,0.8722,1,0,-17.14,98.27,Protective
R03915,1,3,2,19.517,-0.9032,0.2187,2.648,0,4.0,18.394,0,0,0,0,246.0,fan,32.14,5.25,0.7614,1,0,-1.726,80.08,Ineffective
R03916,1,2,1,34.444,-0.6697,1.8505,0.692,1,7.414,18.762,0,0,0,1,157.4,damper,40.52,10.89,0.786,1,1,3.455,15.68,Inconsistent
R03917,4,1,3,17.07,2.0933,0.6702,1.743,0,-21.266,18.822,0,1,0,0,253.9,valve,47.29,3.73,0.4527,0,0,-1.592,75.83,Ineffective
R03918,1,4,3,52.714,1.4621,0.3521,1.695,1,55.787,20.771,1,0,0,0,223.1,fan,52.22,13.71,0.8358,0,0,10.1,96.08,Harmful
R03919,3,2,1,46.105,-0.7924,-1.0766,1.461,0,-23.863,20.54,1,0,0,0,37.1,door,18.87,4.13,0.5218,1,0,-6.719,71.35,Protective
R03920,4,3,1,27.565,1.5932,-0.5933,2.201,0,-8.09,17.778,0,0,0,0,141.6,valve,20.21,19.49,0.8229,0,1,-4.346,95.47,Ineffective
R03921,3,1,2,46.098,2.1562,1.6048,2.009,1,-8.544,18.114,1,0,1,0,185.2,valve,54.39,7.77,0.4376,0,1,11.183,72.7,Inconsistent
R03922,2,4,2,5.385,-0.5513,1.0821,0.97,1,31.62,18.197,1,1,0,0,163.2,fan,24.6,5.33,0.934,1,1,3.361,91.51,Harmful
R03923,2,4,2,23.947,-0.8535,-0.2867,1.175,0,-9.009,17.046,1,0,0,0,160.7,fan,41.86,19.15,0.9257,0,1,-8.441,100.0,Protective
R03924,3,1,2,29.217,-0.2323,1.6666,2.687,0,6.628,19.122,0,0,0,1,85.8,pump,13.54,13.6,0.8852,1,1,-6.188,19.0,Inconsistent
R03925,3,4,1,30.839,-0.2701,0.2428,1.112,1,-8.441,18.931,0,0,0,1,28.4,pump,43.39,10.77,0.9091,0,0,3.788,23.5,Inconsistent
R03926,3,4,1,46.18,0.7034,1.3875,1.443,1,-15.601,17.498,0,0,0,0,78.2,pump,19.31,15.56,0.6568,1,1,11.792,82.41,Harmful
R03927,1,4,3,57.954,1.512,0.62,2.924,1,8.555,20.961,1,0,0,0,108.2,damper,49.89,17.58,0.7842,1,0,12.06,100.0,Harmful
R03928,3,1,2,25.9,-1.4733,1.833,2.6,0,-10.784,20.045,0,0,0,0,25.8,valve,47.1,16.56,0.7451,1,1,-8.313,95.67,Protective
R03929,3,4,1,24.283,0.193,0.653,2.157,0,3.114,17.732,1,0,0,0,74.7,valve,39.4,8.4,0.7735,1,0,-9.277,100.0,Protective
R03930,3,2,1,38.578,1.0685,-0.0538,1.051,0,9.4,19.821,1,0,0,1,144.3,damper,17.53,9.13,0.7691,0,1,1.231,54.68,Ineffective
R03931,1,2,1,20.469,0.3002,-0.2788,1.96,0,28.601,18.363,0,0,0,0,93.9,door,23.26,11.48,0.9386,0,0,-5.15,100.0,Protective
R03932,3,1,2,12.774,-0.1756,-0.1154,1.998,0,-18.933,19.531,0,0,1,0,52.7,valve,12.11,12.55,0.7196,0,1,-3.793,90.89,Inconsistent
R03933,3,4,1,57.885,0.1319,-0.3254,1.352,1,-2.292,18.882,0,0,0,0,150.6,door,25.75,7.42,0.4225,1,1,9.328,95.47,Harmful
R03934,1,3,2,49.524,0.7308,-1.4667,0.301,0,-1.672,17.555,1,0,0,1,229.7,valve,29.03,4.45,0.922,1,1,-2.501,30.17,Inconsistent
R03935,4,2,2,57.717,-0.3769,0.7087,1.226,1,0.014,18.84,0,0,0,0,60.6,pump,33.26,9.9,0.8278,0,0,3.933,100.0,Harmful
R03936,3,2,1,16.981,0.1428,-0.6335,1.623,0,38.532,20.847,0,0,0,0,84.1,door,59.84,16.67,0.5668,0,0,-14.12,74.96,Protective
R03937,2,1,1,5.98,0.8255,-0.1362,2.86,1,-2.6,19.993,0,0,0,1,200.9,fan,46.26,6.97,0.7415,0,1,4.258,32.77,Inconsistent
R03938,3,2,1,29.049,1.0256,-0.1888,2.237,0,-37.809,19.506,0,0,0,0,45.4,valve,29.65,8.75,0.6782,1,0,-6.517,87.76,Protective
R03939,3,4,1,56.348,-0.6827,-0.0478,0.502,0,-2.976,20.374,0,0,0,0,130.3,damper,52.28,6.93,0.5498,1,0,-17.607,91.05,Protective
R03940,3,4,1,12.608,-0.5977,-0.0926,1.044,0,-1.776,20.315,0,0,0,0,65.3,fan,28.32,12.98,0.8045,1,1,-3.613,100.0,Ineffective
R03941,2,1,1,11.445,-0.4419,2.1383,1.661,1,-3.616,20.553,0,0,0,0,112.9,damper,28.12,19.13,0.2005,0,1,5.897,90.85,Harmful
R03942,4,3,1,8.792,0.3373,0.5624,1.463,0,-10.78,17.435,0,0,0,0,29.5,fan,13.18,5.24,0.757,0,0,-0.131,85.05,Ineffective
R03943,4,1,3,47.076,0.3762,2.5078,0.214,1,-19.82,17.518,0,0,0,0,23.9,pump,46.76,16.03,0.9823,0,0,10.152,100.0,Harmful
R03944,1,2,1,48.226,-0.0621,-0.039,2.818,1,32.392,20.196,1,1,0,0,26.8,pump,20.12,13.96,0.6979,0,1,1.04,89.74,Harmful
R03945,3,1,2,43.246,-0.8668,0.6837,2.731,0,4.774,20.981,0,1,0,0,65.9,pump,21.76,19.77,0.6222,1,1,-4.055,98.28,Ineffective
R03946,1,2,1,7.931,0.4371,-0.4834,2.786,0,-2.884,19.25,0,0,0,0,65.0,door,27.31,3.79,0.7506,1,1,-5.08,92.72,Protective
R03947,2,3,1,44.781,-0.303,-0.1611,1.4,1,31.914,20.857,0,0,0,0,87.2,pump,51.1,18.35,0.4861,0,0,13.926,96.29,Harmful
R03948,4,3,1,29.675,-1.1142,2.0455,2.533,0,-13.03,19.651,0,0,0,0,42.4,damper,53.03,16.54,0.7372,1,1,-11.938,87.97,Protective
R03949,1,3,2,13.684,1.6964,-0.3681,2.184,1,9.036,17.341,0,0,0,0,28.4,pump,37.55,18.3,0.5724,0,1,4.611,95.48,Harmful
R03950,2,3,1,21.232,-0.2661,-2.3317,1.633,0,-18.736,20.705,1,0,0,0,72.4,pump,56.28,15.52,0.877,0,0,8.586,86.77,Harmful
R03951,1,3,2,32.563,0.8554,-0.8079,0.416,0,11.261,20.357,0,0,0,0,326.8,damper,31.36,7.06,0.8677,0,1,-5.405,80.61,Protective
R03952,3,1,2,23.131,-0.4594,-2.1083,0.67,0,-17.017,19.143,1,0,1,0,118.7,door,40.24,9.51,0.6209,0,0,-0.748,79.62,Inconsistent
R03953,2,4,2,58.336,-0.1011,-1.0513,0.867,0,7.057,19.976,1,1,0,0,139.6,valve,56.46,3.96,0.6713,0,0,-5.487,87.53,Protective
R03954,3,2,1,31.111,0.0563,-0.9587,2.709,0,29.299,18.406,0,0,0,0,82.9,valve,36.07,2.04,0.7064,0,1,-2.073,89.35,Ineffective
R03955,4,1,3,25.468,1.2873,-0.0647,2.063,0,1.402,19.463,0,0,0,0,900.0,door,33.05,19.05,0.5901,1,1,-4.064,73.13,Ineffective
R03956,3,1,2,42.024,2.1059,-1.6496,2.952,1,-32.889,18.653,0,0,0,0,110.4,valve,11.45,16.89,0.3432,0,1,4.448,83.19,Harmful
R03957,3,2,1,40.78,1.9532,1.596,1.786,1,0.537,19.109,0,0,0,0,36.2,door,54.03,3.47,0.5309,1,0,12.062,86.3,Harmful
R03958,1,3,2,5.134,-0.7288,-1.9758,0.437,0,7.207,19.546,0,0,0,0,201.1,damper,19.45,10.18,0.6026,0,0,-3.549,88.09,Ineffective
R03959,1,4,3,39.016,-0.1868,0.2722,1.538,1,13.515,17.215,1,0,0,0,107.9,pump,32.85,7.19,0.657,1,1,3.024,87.25,Harmful
R03960,4,2,2,18.407,0.6608,-0.4242,0.513,0,22.104,17.384,0,0,0,1,22.0,door,49.7,7.35,0.8951,0,1,0.665,47.19,Ineffective
R03961,4,2,2,25.638,2.1768,1.2254,2.724,1,22.869,17.33,1,0,0,0,253.6,door,35.63,18.1,0.7556,0,1,5.359,81.75,Harmful
R03962,3,2,1,43.849,1.0628,0.2515,0.98,0,-1.964,19.38,0,0,0,0,199.5,fan,49.05,19.86,0.7199,1,1,-26.467,92.15,Protective
R03963,2,4,2,35.656,0.813,1.5869,0.752,1,-9.892,18.652,1,0,0,0,81.8,pump,51.84,9.6,0.967,1,0,6.699,85.99,Harmful
R03964,1,4,3,25.276,0.6278,-0.4615,1.633,0,-16.778,19.0,0,0,0,0,92.3,damper,52.76,16.66,0.9587,1,1,-2.131,100.0,Ineffective
R03965,4,3,1,14.208,0.6454,-0.5647,2.46,0,-8.099,19.001,0,1,0,0,111.2,pump,13.98,4.98,0.6805,1,1,-0.91,82.17,Ineffective
R03966,4,3,1,32.802,0.9489,0.8128,1.629,1,7.148,17.162,0,0,0,0,202.5,pump,20.33,15.85,0.6438,1,0,11.711,78.64,Harmful
R03967,1,2,1,22.565,0.0924,0.9292,0.307,0,-20.23,20.184,0,0,0,0,77.2,pump,55.47,2.91,0.3914,1,0,1.86,93.33,Ineffective
R03968,3,1,2,55.211,0.8982,1.2251,2.28,1,-13.903,19.803,0,0,0,0,164.2,door,23.14,8.16,0.6097,1,0,-1.176,82.89,Ineffective
R03969,3,2,1,34.389,-0.8881,0.2218,0.295,0,8.434,19.752,1,1,0,0,84.3,damper,45.33,12.24,0.7329,1,0,-2.127,100.0,Ineffective
R03970,2,4,2,52.628,-0.7861,0.1327,1.892,0,-9.697,17.137,1,0,0,0,221.7,fan,36.45,3.13,0.7481,1,0,2.013,89.21,Ineffective
R03971,4,1,3,26.46,0.0985,0.3637,1.927,1,5.55,19.607,1,0,0,0,24.8,door,56.85,4.12,0.5569,0,1,3.862,77.01,Harmful
R03972,1,2,1,50.509,-0.7992,0.8099,0.784,1,-12.215,19.002,0,0,0,0,132.9,pump,22.77,7.74,0.7824,0,0,5.837,90.0,Harmful
R03973,2,1,1,8.11,0.9429,2.4349,1.45,1,4.317,20.042,0,1,0,0,64.9,valve,50.31,10.55,0.718,0,1,10.926,75.18,Harmful
R03974,1,2,1,21.397,0.7594,0.1574,0.217,1,-11.578,17.387,1,1,0,0,125.9,valve,30.48,5.86,0.9522,1,0,6.812,99.21,Harmful
R03975,3,4,1,9.3,0.662,-0.4645,0.994,0,-28.53,19.987,1,0,0,0,213.7,fan,22.02,7.72,0.6264,1,0,4.358,92.04,Ineffective
R03976,3,2,1,6.741,2.0607,-0.0411,1.934,1,14.339,20.847,0,0,0,0,362.4,door,34.54,5.05,0.8617,1,1,5.471,92.56,Harmful
R03977,4,1,3,55.537,1.2243,0.2894,0.996,0,-10.438,20.404,0,0,0,0,155.9,fan,37.05,3.82,0.7262,1,0,0.226,84.56,Ineffective
R03978,3,2,1,44.428,1.3185,-2.2217,0.333,0,-3.729,20.577,0,0,0,0,229.9,pump,15.51,9.56,0.3807,0,0,-1.661,80.78,Ineffective
R03979,1,3,2,39.381,-0.8571,-0.2351,2.088,0,-10.367,17.303,0,0,0,0,28.1,pump,19.61,5.98,0.5865,0,1,0.85,79.6,Ineffective
R03980,2,1,1,34.287,-1.532,0.7806,2.279,0,8.167,19.119,1,1,0,0,185.4,door,55.46,13.73,0.859,1,1,-6.313,96.05,Protective
R03981,1,3,2,36.325,1.7307,-0.1262,2.616,1,4.998,17.987,0,0,0,0,420.1,pump,43.29,6.09,0.5554,0,0,4.846,83.79,Harmful
R03982,3,2,1,40.128,1.2821,0.0867,2.652,0,8.131,19.18,1,0,0,1,199.8,door,45.21,5.42,0.9306,1,1,-3.102,29.61,Inconsistent
R03983,3,2,1,50.462,1.456,2.0093,1.59,0,-8.243,19.826,0,0,0,0,240.4,valve,27.7,8.62,0.7813,0,1,-1.025,83.82,Ineffective
R03984,4,1,3,37.829,0.385,0.2316,1.341,0,-0.746,19.987,0,0,0,0,52.1,valve,36.99,3.86,0.638,1,0,-4.718,82.66,Ineffective
R03985,2,1,1,46.172,-1.1967,-1.8392,1.84,1,6.255,20.966,0,0,0,0,181.6,valve,11.93,2.75,0.8411,1,0,2.979,100.0,Harmful
R03986,2,1,1,20.454,1.1656,-1.0099,2.419,1,23.178,20.831,0,0,0,0,90.1,door,17.16,15.77,0.6097,0,0,2.733,83.01,Harmful
R03987,1,2,1,58.722,0.4554,-0.351,1.531,0,4.598,17.989,0,0,0,0,167.9,pump,58.78,5.11,0.8883,0,0,-12.294,100.0,Protective
R03988,2,3,1,6.754,1.1521,-0.9038,2.986,0,-15.05,20.662,0,0,0,0,120.8,door,20.48,13.01,0.7304,1,0,-7.338,89.43,Protective
R03989,2,3,1,26.262,2.2296,0.5034,1.985,1,4.018,20.536,0,0,0,0,105.2,pump,34.54,7.48,0.777,1,0,6.472,82.09,Harmful
R03990,4,1,3,53.513,0.8096,-0.3946,1.063,0,-2.475,19.894,1,1,0,0,84.5,valve,56.52,7.87,0.903,1,0,0.284,90.78,Ineffective
R03991,4,2,2,14.929,0.2127,1.5661,2.422,1,-29.981,18.031,1,1,0,0,367.1,damper,42.67,4.85,0.3941,1,1,0.201,75.31,Ineffective
R03992,1,4,3,12.774,-1.1291,-1.1913,0.622,0,-27.677,17.753,0,0,0,0,242.2,pump,18.31,6.14,0.8862,1,1,-4.597,87.38,Ineffective
R03993,2,4,2,25.099,1.334,0.1925,2.82,1,-0.997,18.742,1,0,0,1,236.6,damper,32.46,12.3,0.7408,1,0,9.471,49.87,Harmful
R03994,3,4,1,28.551,0.0076,0.6173,1.153,1,0.267,17.156,0,0,0,0,226.5,pump,33.13,12.58,0.5573,0,1,8.336,80.45,Harmful
R03995,2,4,2,56.337,2.2751,0.7411,2.118,1,-4.421,18.136,0,0,1,0,69.4,fan,33.78,7.16,0.6569,0,0,5.139,90.43,Inconsistent
R03996,1,2,1,50.987,-0.9046,0.5468,1.951,1,13.263,17.294,0,0,0,0,26.4,valve,52.07,5.79,0.9117,1,1,6.615,95.03,Harmful
R03997,4,3,1,30.525,1.3669,-2.0113,0.468,1,-14.027,19.098,1,0,0,0,116.8,pump,37.78,8.18,0.8635,1,0,10.406,91.68,Harmful
R03998,3,4,1,58.514,1.1195,0.4833,2.221,1,-20.793,19.466,1,0,0,0,59.4,damper,48.29,3.58,0.7107,0,0,17.299,87.4,Harmful
R03999,3,2,1,40.325,0.5932,0.2492,1.073,1,-12.385,17.445,1,0,0,0,268.0,damper,28.26,11.53,0.7904,1,0,2.914,86.3,Harmful
R04000,2,4,2,53.051,-1.0251,0.7641,1.267,0,-9.147,20.496,0,0,0,0,151.3,fan,44.79,16.82,0.6553,0,0,-17.41,97.04,Protective
R04001,4,1,3,18.533,-2.1618,0.623,0.47,0,-0.872,17.387,1,0,0,0,66.9,door,31.41,13.34,0.9605,1,0,-2.704,96.54,Ineffective
R04002,1,4,3,31.893,-0.6314,0.1408,2.468,0,-11.965,18.585,1,0,0,0,239.3,fan,48.37,2.39,0.9758,1,0,-5.379,97.5,Protective
R04003,2,4,2,6.634,0.2861,0.7132,2.609,1,-32.126,19.004,1,0,0,0,357.9,damper,46.77,6.91,0.5656,1,1,7.009,85.73,Harmful
R04004,4,3,1,5.488,1.9117,1.7524,0.576,1,-38.54,19.328,1,1,0,0,632.7,door,27.02,10.49,0.6777,1,0,0.945,70.75,Ineffective
R04005,4,2,2,43.8,-0.8829,1.0503,2.475,0,1.847,18.276,0,0,0,0,36.7,valve,27.82,18.38,0.9303,1,0,-0.827,89.43,Ineffective
R04006,2,1,1,11.506,0.3528,0.1753,2.714,0,-16.935,19.852,0,0,0,1,24.7,valve,51.15,5.07,0.881,0,0,-4.972,25.33,Inconsistent
R04007,3,1,2,35.129,-1.3922,2.0454,0.472,0,-30.08,18.365,0,1,0,0,64.3,damper,39.88,3.33,0.8098,1,1,-2.243,88.06,Ineffective
R04008,1,2,1,43.28,0.3802,-0.7282,2.993,0,9.374,18.011,1,0,0,0,160.9,fan,40.79,11.53,0.9147,1,1,16.123,98.7,Harmful
R04009,1,2,1,6.773,-2.3377,-1.2854,0.213,0,23.178,18.813,0,0,0,0,180.9,damper,57.93,12.07,0.6268,1,1,-11.051,74.06,Protective
R04010,2,4,2,29.681,1.9953,-0.1108,2.559,0,-1.417,17.454,0,0,0,0,77.1,valve,21.17,19.68,0.8598,1,0,-0.616,97.51,Ineffective
R04011,4,2,2,42.628,0.6589,0.0262,1.763,1,4.027,20.865,0,1,0,0,180.0,damper,36.1,11.74,0.6925,1,0,2.829,81.93,Harmful
R04012,3,2,1,53.935,-2.8945,-2.5653,2.88,0,4.154,19.2,0,1,0,0,221.0,valve,19.79,2.3,0.9012,1,0,-9.161,96.32,Protective
R04013,2,4,2,21.458,-0.8177,-0.7524,1.147,0,-34.697,17.576,0,0,0,0,267.2,pump,21.98,14.05,0.4297,0,0,-9.536,75.6,Protective
R04014,2,1,1,58.582,-0.9757,0.2436,1.21,0,13.33,20.184,0,0,0,1,29.5,valve,40.45,5.7,0.6127,0,0,-7.176,46.71,Protective
R04015,1,2,1,51.45,0.1442,0.342,2.553,1,18.598,19.882,1,0,0,0,238.6,damper,15.76,16.65,0.6433,0,0,4.95,90.18,Harmful
R04016,2,4,2,40.785,0.4354,-0.3765,2.19,1,27.552,18.722,0,0,0,1,100.4,door,17.45,9.95,0.6361,0,0,2.986,42.96,Inconsistent
R04017,1,4,3,26.556,0.1374,0.4423,1.881,1,-6.564,20.935,1,0,0,0,46.0,fan,22.17,17.53,0.9093,1,1,1.575,93.83,Harmful
R04018,1,2,1,44.111,-0.0164,0.5231,2.004,1,-17.027,19.002,0,0,0,0,32.6,valve,35.4,5.16,0.2665,1,0,8.085,76.62,Harmful
R04019,3,4,1,49.891,-1.2587,0.6151,2.111,0,20.378,17.851,0,0,0,0,83.6,fan,57.95,12.74,0.8504,1,0,-28.729,92.99,Protective
R04020,1,4,3,21.681,0.7218,-0.7415,0.334,0,7.484,20.165,1,1,0,0,43.5,fan,44.05,14.64,0.817,1,0,-2.644,93.24,Ineffective
R04021,1,3,2,59.606,2.0011,1.2739,0.53,1,13.12,20.715,1,0,0,0,153.4,valve,42.66,2.78,0.9111,1,1,7.718,97.71,Harmful
R04022,3,2,1,54.974,-0.3546,-1.1906,0.708,0,-9.706,18.049,0,0,0,0,142.8,fan,28.49,10.54,0.8569,0,0,-16.949,100.0,Protective
R04023,2,4,2,31.703,0.7824,-0.1034,0.695,1,4.073,17.027,1,0,0,0,126.7,valve,14.47,14.24,0.8689,0,1,3.345,100.0,Harmful
R04024,2,1,1,44.756,-1.2263,1.599,2.56,0,-15.801,19.437,0,0,0,0,23.4,damper,49.78,13.22,0.8382,1,0,-21.442,85.32,Protective
R04025,1,4,3,33.82,0.871,-0.6239,1.305,1,-0.079,19.931,0,0,0,1,75.9,door,11.94,3.91,0.6516,0,0,2.303,42.12,Inconsistent
R04026,1,4,3,46.851,1.03,-0.2588,1.57,1,-5.218,18.043,1,0,0,0,53.0,damper,46.95,2.6,0.6698,0,0,4.283,93.93,Harmful
R04027,2,3,1,50.484,-0.3194,-1.3531,0.45,0,35.153,20.855,1,0,0,0,106.5,fan,28.16,5.91,0.7003,0,1,-8.176,83.93,Protective
R04028,3,1,2,6.277,0.2961,-0.9273,2.638,0,8.229,17.671,1,1,0,0,150.3,fan,33.82,6.32,0.855,1,0,1.733,88.13,Ineffective
R04029,2,3,1,9.352,0.2087,0.0384,0.229,0,-32.28,20.205,0,0,0,0,67.7,damper,36.0,12.77,0.8376,0,1,-0.599,86.38,Ineffective
R04030,3,4,1,23.506,-0.2541,1.1065,0.433,1,-0.023,20.505,0,0,0,0,106.5,fan,22.28,2.43,0.7835,1,0,2.843,90.86,Harmful
R04031,3,4,1,55.469,1.093,-0.1186,2.474,0,5.523,17.684,0,1,0,0,24.7,pump,43.41,6.91,0.4294,1,0,-4.912,75.73,Ineffective
R04032,2,4,2,26.905,0.5924,0.0753,0.566,1,-7.109,19.005,0,0,0,0,56.0,fan,23.95,6.2,0.8063,0,1,2.6,100.0,Harmful
R04033,2,4,2,53.813,2.4756,-0.8428,2.421,1,-16.541,17.112,0,1,0,0,774.9,pump,17.3,17.05,0.6035,0,1,8.381,78.2,Harmful
R04034,2,1,1,30.434,0.3204,-0.8271,1.181,0,9.908,19.568,1,0,0,0,226.8,damper,28.0,8.39,0.5668,1,0,-8.604,72.69,Protective
R04035,1,2,1,20.887,1.8709,-1.646,2.373,0,-14.421,19.186,1,0,0,0,200.4,fan,51.74,14.97,0.783,1,1,-8.354,94.37,Protective
R04036,3,1,2,54.535,1.0753,0.6366,0.341,0,8.632,20.113,1,1,0,0,86.9,damper,30.81,16.85,0.5856,1,0,-0.986,91.41,Ineffective
R04037,3,2,1,35.837,1.0272,1.2061,1.156,1,-15.688,19.005,1,0,0,1,461.0,damper,58.17,14.74,0.6676,0,0,10.45,31.26,Inconsistent
R04038,2,1,1,24.827,-0.8231,-0.1404,1.548,0,-8.009,18.416,0,1,0,0,173.3,valve,11.86,4.02,0.4643,0,1,2.708,83.67,Ineffective
R04039,2,3,1,7.442,0.0984,0.8415,1.952,1,14.342,17.547,0,0,0,0,20.6,damper,10.92,15.3,0.7128,0,0,2.231,92.53,Harmful
R04040,2,1,1,11.101,0.433,0.7762,2.541,0,7.338,17.204,1,0,0,0,24.4,door,54.81,17.28,0.639,1,1,-11.642,93.12,Protective
R04041,3,4,1,12.662,0.0431,0.0012,0.885,0,0.471,19.115,0,0,0,0,77.1,door,19.6,8.75,0.7767,0,1,0.356,85.02,Ineffective
R04042,4,2,2,25.066,-0.689,1.2936,2.045,0,-0.449,20.676,0,0,0,0,21.1,damper,20.82,17.98,0.6254,0,1,-5.693,86.45,Protective
R04043,1,3,2,38.403,0.7331,-1.1238,0.625,0,1.358,20.064,0,0,0,0,150.3,door,49.09,14.41,0.6175,0,0,-14.576,97.25,Protective
R04044,2,1,1,21.917,-0.0612,-0.4487,2.426,0,-11.873,18.572,0,0,0,0,26.6,door,19.04,14.79,0.8051,1,0,-5.6,94.73,Protective
R04045,1,4,3,8.604,1.639,-0.0677,2.813,1,-22.75,20.935,1,0,0,1,364.5,door,40.71,11.84,0.5004,1,0,-0.997,9.87,Inconsistent
R04046,2,1,1,19.564,-1.0755,0.5472,0.332,0,8.538,17.736,0,0,0,0,101.6,damper,12.24,8.9,0.7819,0,1,-2.411,100.0,Ineffective
R04047,1,4,3,27.477,0.8995,-1.5341,0.424,0,22.952,20.991,0,0,0,0,46.4,fan,53.79,7.78,0.9145,1,0,-5.822,100.0,Protective
R04048,2,4,2,59.575,1.301,1.848,2.405,1,9.063,17.921,0,0,0,0,289.4,pump,38.54,16.37,0.8131,0,1,14.369,100.0,Harmful
R04049,2,1,1,26.614,1.9976,0.9618,2.665,1,3.813,17.673,1,0,0,0,83.0,pump,32.45,17.11,0.7136,0,0,14.238,89.43,Harmful
R04050,2,3,1,9.906,1.7774,2.1503,2.015,1,-18.128,20.433,0,0,0,0,33.4,valve,28.15,7.97,0.7957,1,0,3.593,91.85,Harmful
R04051,2,4,2,36.961,-0.185,-0.1406,1.491,0,13.158,18.875,0,0,0,0,106.7,valve,25.63,13.37,0.684,0,0,1.747,88.33,Ineffective
R04052,4,1,3,55.58,-0.2654,-0.6503,2.353,0,7.221,20.567,1,0,0,0,53.2,damper,23.21,15.02,0.6742,0,1,-8.017,93.8,Protective
R04053,4,3,1,48.268,1.683,0.5571,1.039,0,11.402,19.992,1,0,0,0,270.3,pump,58.76,5.86,0.5567,0,0,-6.913,89.58,Protective
R04054,1,4,3,50.992,0.5094,1.4306,2.977,1,15.508,17.627,0,0,0,0,24.6,door,25.26,13.34,0.6361,0,0,2.173,93.74,Harmful
R04055,2,1,1,56.053,1.5484,-0.3144,2.574,1,23.79,17.488,0,0,0,1,297.1,damper,21.88,8.11,0.9466,0,0,8.987,51.49,Harmful
R04056,4,3,1,40.01,0.4186,-1.5976,2.684,1,-16.721,18.787,1,0,0,0,253.3,door,32.89,6.92,0.517,0,0,1.254,75.98,Harmful
R04057,3,4,1,59.721,-1.0619,-1.4263,2.594,1,-19.335,19.246,1,0,0,0,372.3,fan,22.87,7.69,0.595,1,0,-10.947,80.48,Protective
R04058,1,4,3,6.83,-0.4273,0.6614,2.812,1,2.222,18.693,0,0,0,0,90.1,pump,23.58,7.87,0.6941,0,0,-1.322,97.25,Ineffective
R04059,3,1,2,50.916,1.2059,1.9402,0.381,1,-13.838,17.848,0,0,0,0,57.8,fan,23.27,10.91,0.4719,1,0,6.764,84.54,Harmful
R04060,1,4,3,52.136,1.5011,-0.9008,2.744,1,-16.436,17.87,0,0,0,0,39.8,fan,16.89,8.38,0.852,1,0,1.622,86.27,Harmful
R04061,1,4,3,55.419,1.2092,0.1276,0.896,1,18.301,19.04,0,1,1,1,43.3,valve,54.34,14.95,0.7063,0,0,1.494,47.15,Inconsistent
R04062,3,1,2,31.299,1.0459,-0.4484,1.206,0,-15.136,17.057,0,0,0,0,121.8,damper,19.21,18.19,0.7734,0,1,-5.453,85.44,Protective
R04063,3,4,1,48.327,1.1913,2.3205,1.238,1,-0.166,18.756,0,0,0,0,418.7,door,11.09,15.91,0.9251,1,1,7.232,87.88,Harmful
R04064,4,2,2,15.729,0.0248,2.6587,0.851,1,-24.471,17.133,1,0,0,0,109.7,pump,48.88,11.91,0.7237,1,0,11.964,91.0,Harmful
R04065,2,4,2,38.172,0.4943,0.3245,1.428,0,0.946,20.493,0,1,0,0,96.9,fan,32.58,14.28,0.6738,1,0,3.982,77.15,Ineffective
R04066,4,3,1,24.725,0.0696,0.798,1.615,0,17.742,19.48,1,1,0,0,70.0,damper,27.71,18.16,0.1526,1,1,2.325,70.13,Ineffective
R04067,2,4,2,37.79,-0.6756,0.7702,0.616,0,18.196,17.641,0,0,0,0,307.2,valve,36.65,12.66,0.6927,1,1,-4.801,82.16,Ineffective
R04068,3,1,2,42.156,0.3725,-1.3803,1.207,0,15.675,20.074,0,0,0,0,76.5,fan,37.84,2.96,0.7289,1,0,-6.38,98.04,Protective
R04069,1,3,2,24.089,-0.0206,0.5985,1.175,0,-1.176,18.97,1,1,0,0,436.7,fan,29.24,7.36,0.725,1,1,-4.529,85.08,Ineffective
R04070,1,2,1,16.893,-0.705,-1.1196,2.089,0,16.673,19.043,0,0,0,0,144.4,fan,52.58,7.95,0.8766,1,0,-13.009,100.0,Protective
R04071,4,1,3,22.693,-0.2779,-0.2715,1.826,0,6.451,18.025,0,0,0,0,86.6,fan,52.14,19.71,0.5496,0,0,-3.189,100.0,Ineffective
R04072,4,1,3,41.518,2.2136,1.5397,2.205,1,-6.584,18.575,0,0,0,0,182.0,door,28.27,15.29,0.711,0,1,11.442,87.06,Harmful
R04073,4,2,2,42.228,1.2809,-0.0191,2.395,0,5.726,20.513,0,0,0,0,104.7,pump,21.11,9.7,0.7805,1,0,1.282,93.5,Ineffective
R04074,2,4,2,45.772,0.9881,1.5025,2.068,1,13.285,17.589,0,1,0,0,118.2,damper,34.32,8.34,0.8173,0,1,9.219,86.33,Harmful
R04075,1,4,3,11.96,0.8573,1.6993,0.875,1,-19.916,19.495,1,0,0,0,569.9,damper,17.81,19.31,0.3195,1,1,6.257,64.95,Harmful
R04076,4,3,1,50.018,-0.633,-1.3569,1.606,1,-15.906,17.868,1,1,0,0,58.5,valve,24.12,15.78,0.7232,1,0,4.539,85.55,Harmful
R04077,3,4,1,42.848,2.5194,-1.7777,1.506,1,-2.154,18.779,0,0,0,0,104.0,pump,29.16,5.69,0.6979,1,0,8.649,77.79,Harmful
R04078,1,2,1,6.678,1.8363,1.5621,0.407,1,-18.326,19.132,0,0,1,0,100.9,damper,29.14,10.54,0.3425,0,1,8.193,73.81,Inconsistent
R04079,4,2,2,23.458,0.652,1.1024,2.705,0,-18.54,17.487,0,1,0,0,405.9,damper,18.97,6.07,0.4908,0,1,-1.932,88.59,Ineffective
R04080,4,3,1,30.669,-1.4747,0.6566,0.456,1,-6.309,17.314,1,0,0,0,22.5,valve,35.47,19.82,0.671,0,0,8.049,95.38,Harmful
R04081,2,3,1,24.834,0.8409,0.7922,2.934,1,14.88,18.936,0,0,0,1,172.7,fan,40.69,12.3,0.6258,1,0,7.865,2.85,Inconsistent
R04082,4,1,3,11.458,0.6729,1.293,0.289,1,14.597,18.637,0,0,0,0,45.3,damper,40.58,3.47,0.7347,0,1,1.878,89.03,Harmful
R04083,4,1,3,16.404,1.4828,1.2744,2.243,1,4.816,20.684,0,0,0,1,31.9,pump,50.11,7.6,0.5075,1,0,1.571,55.85,Harmful
R04084,3,1,2,6.351,-0.551,-0.4042,1.005,0,2.704,19.792,1,0,0,0,231.6,door,13.86,11.56,0.7168,1,0,1.657,82.97,Ineffective
R04085,3,2,1,10.119,0.5683,1.3559,2.733,1,31.312,20.587,0,0,1,0,191.7,pump,17.84,11.23,0.4451,0,0,-7.218,84.07,Inconsistent
R04086,2,1,1,19.647,1.4194,0.0535,2.507,1,-8.09,20.713,0,1,0,0,110.8,door,31.85,5.97,0.8742,1,1,9.078,77.72,Harmful
R04087,4,2,2,50.098,0.0264,0.6436,0.27,1,3.616,17.076,0,0,0,0,264.5,door,34.14,14.34,0.8186,0,1,2.687,77.75,Harmful
R04088,4,1,3,33.965,0.226,0.6,0.261,1,-8.835,20.519,0,0,0,1,287.1,pump,20.27,6.2,0.5806,1,1,-2.337,22.88,Inconsistent
R04089,4,2,2,28.347,0.9933,-0.4594,1.889,1,-19.311,20.834,0,1,0,0,83.5,pump,24.97,19.69,0.8093,1,0,8.539,93.92,Harmful
R04090,3,1,2,41.419,2.1385,-0.343,0.619,1,17.773,18.811,0,1,0,0,93.3,damper,17.97,16.84,0.7193,0,1,1.75,93.08,Harmful
R04091,1,2,1,34.783,0.7085,2.1341,0.24,0,-4.578,19.544,0,1,0,0,108.9,fan,37.14,10.05,0.7992,1,0,-3.851,79.2,Ineffective
R04092,2,1,1,12.233,0.9754,-0.9919,2.91,0,10.422,18.384,0,1,0,0,56.6,damper,33.86,8.6,0.9342,1,0,-3.62,96.53,Ineffective
R04093,2,1,1,17.244,-0.0367,0.27,1.972,0,-3.692,17.395,0,0,0,0,83.4,door,44.4,5.18,0.8226,1,1,-14.192,100.0,Protective
R04094,4,1,3,17.239,2.2951,0.9798,0.23,1,18.7,18.05,1,0,0,0,28.3,pump,41.53,3.52,0.5803,0,1,6.868,79.8,Harmful
R04095,3,4,1,37.997,-0.9412,0.3458,1.573,1,-14.959,17.322,1,0,1,0,99.8,valve,23.54,15.58,0.7334,0,1,9.872,90.82,Inconsistent
R04096,3,4,1,30.389,1.9222,0.5715,0.641,0,17.459,18.947,0,0,0,0,27.3,valve,48.01,17.97,0.9054,0,1,-9.565,97.84,Protective
R04097,1,4,3,26.317,2.9518,0.729,2.455,1,13.413,19.614,0,1,0,0,119.4,fan,17.59,10.99,0.8287,1,1,1.21,98.05,Harmful
R04098,4,2,2,35.615,0.3566,-0.9703,0.28,0,-26.92,17.021,0,0,0,0,256.7,fan,41.52,18.12,0.5565,0,1,-6.859,85.37,Protective
R04099,2,3,1,58.356,1.6323,0.9368,1.239,1,-7.753,17.915,0,0,0,1,90.1,door,41.0,19.09,0.8253,0,0,14.416,49.15,Harmful
R04100,1,2,1,22.281,0.762,-0.1447,0.866,1,15.312,17.295,1,0,0,0,39.0,door,21.77,12.63,0.3252,0,0,-4.692,79.72,Ineffective
R04101,4,1,3,33.611,0.5904,2.1407,2.946,1,24.56,20.863,0,0,0,0,63.1,pump,19.77,6.58,0.7531,1,0,5.932,92.11,Harmful
R04102,1,3,2,31.42,-0.7109,0.3291,0.419,0,10.732,20.212,1,0,0,0,266.3,damper,15.34,16.71,0.5539,1,0,-0.701,95.43,Ineffective
R04103,1,4,3,44.415,-0.149,-0.8002,2.216,0,-5.948,17.124,0,0,0,0,203.0,door,41.02,5.94,0.7498,1,0,-3.825,80.94,Ineffective
R04104,1,2,1,45.166,0.4559,0.2423,1.538,0,-14.525,20.256,1,0,0,0,28.6,valve,28.2,18.73,0.5227,1,0,9.602,79.9,Harmful
R04105,2,3,1,45.099,1.2199,-0.5249,2.486,1,8.5,20.309,1,0,1,0,258.5,valve,59.94,5.43,0.7042,1,1,5.031,88.34,Inconsistent
R04106,1,3,2,16.084,1.8866,0.1578,0.8,0,-6.39,20.221,0,0,0,0,63.8,valve,41.75,8.39,0.6931,1,1,1.152,81.49,Ineffective
R04107,4,3,1,29.7,0.9003,0.1743,2.595,1,-5.753,20.514,0,0,0,0,57.1,pump,10.5,4.17,0.6908,1,0,6.813,80.89,Harmful
R04108,3,1,2,49.615,-0.6888,-0.4269,2.861,1,-3.362,18.874,0,0,0,0,114.3,pump,28.69,7.1,0.8525,1,0,3.552,100.0,Harmful
R04109,2,3,1,25.984,1.5443,-0.9394,0.797,0,13.226,17.958,0,0,0,0,332.9,pump,10.71,11.07,0.616,1,1,-4.08,83.96,Ineffective
R04110,1,2,1,59.134,-1.321,2.3349,0.88,0,27.097,20.482,0,1,0,0,127.5,fan,41.33,8.99,0.5839,1,0,-7.875,90.24,Protective
R04111,2,1,1,25.063,0.2406,0.4914,2.898,1,15.403,20.339,1,0,1,0,75.4,valve,55.88,13.32,0.827,1,1,12.065,93.09,Inconsistent
R04112,1,4,3,32.372,1.0717,-0.0317,1.416,1,0.143,18.099,0,1,1,0,401.2,fan,47.25,8.59,0.4772,1,1,2.984,84.17,Inconsistent
R04113,4,3,1,31.099,1.2172,-0.2049,2.539,1,-13.488,19.323,1,0,0,1,74.0,fan,23.27,12.25,0.3345,1,1,4.656,46.13,Harmful
R04114,2,4,2,28.852,-0.6454,0.8712,2.559,1,10.014,19.228,0,0,0,0,241.7,pump,18.94,13.33,0.5242,0,0,2.92,75.72,Harmful
R04115,2,1,1,51.51,0.0535,-0.2385,1.07,1,24.982,18.95,0,1,0,0,41.2,valve,53.87,18.66,0.8548,1,1,12.884,98.24,Harmful
R04116,1,3,2,13.54,-1.5808,-1.1946,0.701,0,15.053,19.434,0,0,0,0,58.7,door,15.97,17.88,0.6141,0,0,-3.956,84.43,Ineffective
R04117,1,2,1,36.222,1.4217,0.3676,1.226,1,3.116,17.336,0,0,0,0,139.7,fan,45.49,6.77,0.8224,0,0,12.429,89.97,Harmful
R04118,1,3,2,39.023,1.0834,-0.14,1.857,0,-7.335,18.819,0,0,0,0,60.7,door,22.22,10.48,0.8704,0,0,-4.857,90.98,Ineffective
R04119,1,4,3,51.817,-0.4218,-0.017,1.592,1,5.178,18.119,1,0,1,0,189.2,damper,25.08,3.79,0.9033,0,0,7.404,82.17,Inconsistent
R04120,3,1,2,38.506,1.7957,-0.4913,2.263,1,17.319,17.009,0,0,0,1,146.1,pump,12.34,6.0,0.6508,1,0,2.233,50.85,Harmful
R04121,4,3,1,57.801,1.7308,0.009,1.737,1,3.485,19.077,0,0,0,1,29.2,door,18.5,7.29,0.3726,1,1,5.148,15.46,Inconsistent
R04122,4,3,1,52.969,0.1409,-0.0696,2.455,1,-1.551,18.459,0,0,0,0,350.9,fan,11.97,19.18,0.7691,1,1,7.912,86.67,Harmful
R04123,2,3,1,24.181,-1.1826,-0.2084,0.491,1,-10.309,18.725,1,0,0,1,168.9,damper,36.02,15.61,0.9178,1,0,-3.074,13.85,Inconsistent
R04124,4,1,3,52.295,-1.1713,0.1765,1.429,0,38.841,17.445,0,0,1,0,129.4,damper,32.49,18.14,0.7366,1,1,-4.892,97.53,Inconsistent
R04125,3,4,1,57.716,-0.6953,2.1262,0.245,0,-13.364,19.022,0,1,0,0,638.6,door,36.62,7.38,0.8783,0,0,-3.695,83.4,Ineffective
R04126,1,4,3,19.146,2.3417,1.7318,0.538,1,-14.75,18.081,1,0,0,0,536.6,door,13.27,17.46,0.4403,0,0,8.306,72.35,Harmful
R04127,1,4,3,38.561,-0.2183,1.8419,1.128,0,2.461,17.002,0,0,0,0,81.6,fan,50.31,15.9,0.8881,1,0,-4.34,95.01,Ineffective
R04128,3,4,1,20.499,-1.1068,-0.6677,2.724,0,-3.029,20.12,0,0,0,0,159.1,pump,16.21,4.62,0.8158,1,1,-8.351,93.95,Protective
R04129,2,3,1,40.726,0.9478,2.0747,1.264,1,15.349,19.511,1,1,0,0,73.3,valve,51.59,7.79,0.6044,0,0,11.239,92.23,Harmful
R04130,1,3,2,10.15,-1.3953,0.1273,0.966,0,15.857,19.112,0,0,0,0,84.1,pump,26.11,14.8,0.4348,0,0,0.467,89.61,Ineffective
R04131,4,2,2,45.38,0.4143,0.8864,2.078,0,-18.214,19.488,0,0,0,0,24.6,pump,32.2,7.87,0.8487,0,1,-5.22,100.0,Protective
R04132,3,2,1,28.09,-1.0777,0.3577,2.17,0,-11.333,18.295,0,1,0,0,269.2,pump,42.63,6.53,0.694,1,1,-7.559,99.75,Protective
R04133,3,2,1,37.302,-0.9325,-0.4433,1.548,0,-13.131,17.492,1,0,0,1,63.9,door,40.27,19.85,0.5303,1,0,-3.922,18.4,Inconsistent
R04134,4,1,3,6.422,0.2755,0.6195,1.008,0,11.768,18.428,0,0,0,0,209.7,damper,38.29,10.71,0.5107,0,0,-0.612,78.01,Ineffective
R04135,4,1,3,43.249,2.5502,0.8849,1.045,1,6.425,20.156,0,0,1,1,87.9,fan,30.01,8.27,0.5344,0,0,8.275,27.25,Inconsistent
R04136,4,2,2,32.28,2.0978,-1.8682,0.72,0,-5.572,19.433,0,0,0,0,144.3,valve,33.99,8.42,0.8726,0,1,-4.913,77.64,Ineffective
R04137,2,4,2,39.389,-1.1399,-0.2241,1.215,0,3.246,20.165,0,0,0,0,119.6,pump,13.28,13.13,0.4897,0,0,-1.141,75.68,Ineffective
R04138,4,3,1,22.362,0.2034,1.2724,0.671,1,-16.894,20.609,1,0,0,0,127.4,damper,18.1,13.61,0.4571,0,0,-7.59,85.09,Protective
R04139,3,1,2,13.02,0.4155,0.1774,2.0,0,-11.138,17.999,0,1,0,0,236.8,door,46.64,17.58,0.6476,1,0,-3.024,82.12,Ineffective
R04140,3,1,2,28.949,1.9688,0.8695,2.705,1,-19.5,20.658,0,1,0,0,116.7,fan,43.61,13.83,0.7479,0,0,0.611,95.01,Ineffective
R04141,4,1,3,56.919,-1.3641,-0.3514,0.912,1,2.182,19.65,1,0,0,0,45.8,fan,26.84,18.87,0.7293,1,0,0.783,90.98,Ineffective
R04142,1,2,1,17.529,-0.0127,0.1562,0.878,0,2.125,19.243,0,0,0,0,192.2,door,49.62,12.34,0.8986,0,0,-12.126,93.99,Protective
R04143,2,1,1,42.171,-0.5871,-0.1963,2.715,0,-14.766,19.013,0,0,1,0,329.6,fan,50.31,10.88,0.7972,0,0,3.487,84.98,Inconsistent
R04144,1,4,3,7.741,-2.024,-0.3035,1.79,0,6.318,18.875,1,1,0,0,117.9,door,36.38,16.14,0.5423,1,0,-6.882,88.87,Protective
R04145,2,3,1,44.495,-1.4372,-0.7793,2.243,0,15.857,17.296,1,0,0,0,97.1,damper,58.99,5.84,0.8215,1,1,-17.697,89.35,Protective
R04146,2,1,1,18.114,0.2322,1.3149,2.69,1,-15.457,17.219,0,0,0,1,395.2,fan,23.33,13.42,0.476,0,0,-3.25,27.96,Inconsistent
R04147,4,2,2,29.833,-0.0412,0.2455,2.062,0,-4.895,18.324,0,1,0,0,299.6,damper,24.74,9.21,0.195,0,0,-0.65,80.38,Ineffective
R04148,4,2,2,25.226,0.9081,0.1445,2.279,0,7.704,17.814,0,1,0,0,29.3,door,10.47,4.41,0.5322,1,0,4.878,91.37,Ineffective
R04149,2,1,1,11.206,0.2543,1.9508,1.283,0,-0.096,17.346,1,0,0,0,52.4,fan,17.49,7.72,0.797,1,1,-4.305,97.55,Ineffective
R04150,2,1,1,24.007,1.7475,0.8738,2.827,1,-20.581,17.098,1,0,1,0,152.1,pump,50.9,13.38,0.9281,1,0,11.694,100.0,Inconsistent
R04151,3,4,1,24.257,0.8267,1.6005,2.171,1,-6.612,20.914,0,1,0,0,136.4,valve,41.46,18.95,0.9164,1,0,11.055,86.84,Harmful
R04152,4,1,3,33.716,-0.8049,0.1729,0.401,0,-7.11,17.848,1,0,0,0,29.5,pump,19.51,11.94,0.9276,1,1,1.774,100.0,Ineffective
R04153,4,3,1,58.479,0.6163,0.0468,1.867,1,-2.556,20.939,0,1,0,0,38.5,damper,43.86,9.43,0.9575,1,1,9.236,99.47,Harmful
R04154,1,4,3,30.851,1.4955,-0.6591,0.465,1,-1.918,19.178,0,0,0,0,28.2,pump,18.18,18.11,0.7517,1,0,0.135,82.03,Ineffective
R04155,1,2,1,55.293,0.9326,0.1414,1.662,0,23.49,17.767,1,0,0,1,196.7,pump,30.33,5.59,0.8265,0,1,-2.935,45.62,Ineffective
R04156,3,2,1,30.386,-0.2479,-2.7635,0.448,0,-3.128,17.581,0,1,0,0,38.9,pump,59.9,3.46,0.9684,1,0,-5.296,100.0,Protective
R04157,2,4,2,10.915,-1.0291,0.1725,1.956,0,-25.771,17.803,0,1,0,0,398.6,valve,25.82,7.82,0.8227,0,1,-4.016,79.29,Ineffective
R04158,1,3,2,17.658,0.2357,0.2154,1.478,0,1.367,18.455,0,0,0,0,92.6,valve,43.96,3.57,0.5204,1,0,-2.926,82.02,Ineffective
R04159,1,2,1,27.413,0.378,-0.3176,1.749,0,26.216,17.82,0,1,0,0,282.7,valve,10.3,9.55,0.5258,1,0,-2.854,79.01,Ineffective
R04160,2,1,1,22.895,2.0327,0.3076,2.017,1,-2.507,20.312,0,0,0,0,725.3,door,24.98,6.34,0.5436,1,0,9.422,65.71,Harmful
R04161,2,1,1,52.621,-0.7788,-1.3512,0.901,0,-6.571,18.468,1,1,0,0,277.6,door,25.28,5.38,0.6486,0,1,-5.343,90.84,Protective
R04162,3,1,2,42.326,-0.7678,1.2856,1.095,0,-4.577,19.108,0,0,0,0,51.6,damper,51.9,5.47,0.846,1,1,-7.833,100.0,Protective
R04163,1,4,3,36.807,0.6562,-0.4373,1.55,0,8.762,19.005,1,1,0,0,165.7,valve,18.52,6.48,0.3708,1,0,1.253,76.99,Ineffective
R04164,3,2,1,32.018,0.3926,-0.5721,1.786,1,-4.641,19.638,0,0,0,0,87.3,pump,26.11,11.72,0.9329,1,0,7.308,95.2,Harmful
R04165,3,2,1,26.85,0.3503,0.9447,2.786,1,-22.734,20.99,1,0,0,0,56.2,damper,18.15,2.03,0.9203,1,0,-1.27,98.65,Ineffective
R04166,2,1,1,38.671,1.1541,0.0108,1.185,0,-10.077,18.774,0,0,0,0,339.3,fan,33.82,13.11,0.5107,0,0,-9.791,87.94,Protective
R04167,1,4,3,11.853,-1.471,-0.4583,1.857,0,-0.97,18.291,0,0,0,0,50.3,fan,23.6,14.67,0.9024,0,0,-0.634,85.69,Ineffective
R04168,3,2,1,13.939,2.8562,-0.064,2.783,1,8.034,20.896,1,0,0,0,149.1,fan,18.91,14.87,0.4858,0,1,6.616,85.2,Harmful
R04169,3,2,1,21.671,-0.7126,-0.1056,2.21,0,-8.74,20.99,0,0,1,0,245.5,valve,31.58,11.14,0.66,0,1,-4.445,81.21,Inconsistent
R04170,2,4,2,14.415,0.7667,1.2458,1.119,0,-4.443,20.124,0,1,0,0,31.1,valve,33.64,10.36,0.6577,0,1,4.253,90.65,Ineffective
R04171,2,1,1,42.24,0.6912,0.8695,1.361,1,0.674,20.191,0,0,0,1,22.4,pump,25.45,12.83,0.7468,0,0,-0.066,50.98,Ineffective
R04172,3,4,1,6.362,0.1714,-0.1344,2.661,0,-11.661,18.629,0,0,0,0,192.0,door,58.34,7.38,0.6873,0,0,-2.015,93.16,Ineffective
R04173,2,4,2,13.81,-0.3628,0.7524,1.426,0,-1.376,19.156,1,0,0,0,148.6,pump,17.28,4.06,0.7541,0,1,-3.752,92.66,Ineffective
R04174,2,4,2,54.643,1.6566,0.4275,0.906,1,7.008,18.407,0,0,0,0,43.2,valve,45.69,11.15,0.9523,1,1,8.558,94.6,Harmful
R04175,2,1,1,59.865,0.4527,0.8016,1.665,1,-17.797,19.475,0,0,0,0,76.8,door,36.37,17.61,0.8523,0,0,17.898,92.74,Harmful
R04176,2,3,1,31.817,0.2271,0.5511,0.721,1,4.597,20.303,0,1,0,0,87.9,door,29.24,10.75,0.8097,1,0,1.756,96.26,Harmful
R04177,3,1,2,32.245,1.7133,0.4898,1.83,0,-16.355,18.496,0,0,0,0,66.4,pump,43.71,7.03,0.5312,1,0,0.703,80.03,Ineffective
R04178,2,3,1,47.537,0.8294,-0.0441,2.976,1,-16.054,19.141,0,0,1,0,158.9,pump,17.69,5.8,0.8917,1,1,3.039,99.47,Inconsistent
R04179,2,1,1,6.99,0.1243,-0.7393,2.914,1,-9.942,20.1,1,0,0,0,58.4,valve,56.5,3.19,0.7195,1,0,1.212,80.13,Harmful
R04180,3,2,1,28.486,-0.6903,1.3068,1.919,1,20.481,17.835,0,0,0,0,457.2,damper,51.66,18.65,0.8721,0,0,15.369,100.0,Harmful
R04181,2,3,1,10.491,1.7656,1.4049,2.682,0,-25.728,19.441,0,0,0,0,390.8,damper,47.2,7.9,0.7028,1,0,-5.348,94.13,Protective
R04182,1,4,3,27.051,-0.6519,-1.1919,2.482,0,-6.959,20.103,1,0,0,0,42.8,door,57.91,18.17,0.6102,1,0,-7.343,89.98,Protective
R04183,4,2,2,59.11,2.8618,0.5793,2.862,1,-0.397,17.209,0,0,0,0,41.3,door,57.04,19.01,0.7764,1,1,20.855,97.01,Harmful
R04184,1,4,3,46.45,0.2989,-0.5489,2.645,0,17.508,18.015,0,0,0,0,204.6,door,20.1,10.0,0.9017,1,0,-1.614,90.37,Ineffective
R04185,3,2,1,59.178,0.9429,1.2834,2.72,1,29.219,17.101,1,1,0,0,144.9,valve,54.33,9.6,0.859,1,0,-6.562,92.06,Protective
R04186,2,3,1,46.033,0.9698,0.6466,0.843,1,-6.33,17.026,0,0,0,0,303.9,pump,49.56,7.68,0.7541,1,1,5.605,89.89,Harmful
R04187,1,2,1,38.446,3.016,3.7275,0.642,1,8.09,18.91,0,0,0,0,243.5,fan,31.69,13.48,0.2779,1,0,13.437,75.39,Harmful
R04188,1,3,2,46.482,-2.2922,-0.4014,0.323,0,-1.418,19.803,0,0,0,1,151.0,door,36.56,5.85,0.955,1,0,-1.514,21.16,Inconsistent
R04189,4,1,3,41.25,0.1143,1.4373,2.046,0,-1.515,18.532,0,0,1,1,27.6,door,38.1,8.08,0.9302,1,0,8.649,49.02,Inconsistent
R04190,2,3,1,30.524,0.5348,2.0346,2.814,1,4.099,19.484,1,0,1,0,100.9,pump,35.9,7.3,0.7912,1,0,-17.271,90.6,Inconsistent
R04191,2,1,1,21.09,-0.3131,0.4336,2.983,0,-23.782,17.766,0,0,0,0,134.3,damper,31.22,8.74,0.5913,1,0,-6.477,87.18,Protective
R04192,3,2,1,33.61,0.0493,-0.0629,2.587,0,-0.718,20.346,1,0,0,1,29.6,pump,41.12,3.34,0.8129,1,1,2.821,47.32,Ineffective
R04193,1,3,2,19.217,-0.3663,-0.0052,2.527,0,6.761,18.45,0,0,1,0,220.0,fan,51.18,11.52,0.5246,1,1,-4.073,83.51,Inconsistent
R04194,3,4,1,31.767,0.0881,-0.0898,1.653,0,-12.896,19.829,0,0,0,0,326.4,fan,57.66,3.65,0.6404,1,0,-9.845,83.88,Protective
R04195,2,3,1,13.037,-0.1236,1.0333,1.465,0,6.861,17.52,0,0,1,0,197.3,fan,43.3,16.11,0.5361,0,0,-6.768,75.9,Inconsistent
R04196,3,2,1,36.097,-0.5136,-0.4726,1.993,1,-25.927,20.272,1,1,0,0,36.7,valve,57.33,9.56,0.9142,0,0,-8.854,81.28,Protective
R04197,1,2,1,18.491,1.1814,0.239,0.264,1,1.403,19.072,0,0,0,0,25.5,damper,58.13,15.25,0.6808,1,1,24.303,88.49,Harmful
R04198,4,1,3,21.148,0.6161,-0.3822,2.424,0,20.133,20.881,0,0,0,0,86.1,pump,42.52,4.35,0.555,0,0,1.632,91.98,Ineffective
R04199,1,3,2,32.447,-0.6421,-1.8262,2.041,0,-3.279,18.621,0,0,0,0,109.2,damper,24.16,12.42,0.6885,0,1,-2.936,95.11,Ineffective
R04200,3,1,2,13.939,2.6679,1.2589,0.676,1,-14.673,20.492,0,0,0,0,96.4,pump,35.93,5.44,0.9004,1,0,9.386,96.02,Harmful
R04201,3,1,2,57.931,1.2356,0.9629,1.98,0,-21.377,18.648,0,0,0,1,212.5,valve,55.21,12.43,0.462,1,0,4.238,8.45,Inconsistent
R04202,2,4,2,29.582,0.744,-0.7342,1.879,0,5.858,17.432,1,0,0,1,242.8,pump,16.35,9.61,0.7481,1,0,2.262,4.78,Inconsistent
R04203,1,4,3,24.375,0.7318,0.9301,2.406,0,13.92,19.751,0,0,0,0,93.4,damper,47.12,13.64,0.6013,1,1,-7.058,91.13,Protective
R04204,2,4,2,6.606,-0.0699,-1.6837,2.545,0,-0.841,17.732,0,0,0,1,159.2,pump,57.31,3.63,0.5283,1,0,-6.475,24.37,Inconsistent
R04205,4,3,1,51.379,1.9414,0.424,0.91,1,-6.955,20.199,0,0,0,0,77.9,door,45.89,18.23,0.6101,1,0,29.543,89.07,Harmful
R04206,4,2,2,39.421,1.4708,-0.2263,2.481,0,-28.964,18.339,0,0,0,0,107.7,valve,57.41,10.68,0.8234,0,0,-8.869,100.0,Protective
R04207,4,2,2,27.902,0.708,-0.0123,0.71,0,1.86,20.026,1,1,0,0,37.6,valve,46.11,14.11,0.6951,0,0,3.583,96.61,Ineffective
R04208,1,3,2,18.504,0.2297,0.4825,1.304,1,-10.339,18.926,1,0,0,0,206.0,valve,59.32,6.62,0.9765,0,1,0.94,93.16,Ineffective
R04209,3,2,1,45.983,0.7603,0.323,1.579,1,-9.477,19.148,0,0,0,0,272.8,valve,58.05,15.02,0.7193,1,0,16.301,78.66,Harmful
R04210,1,4,3,57.001,0.4737,-0.4878,2.454,0,24.246,19.939,1,0,0,1,354.1,fan,41.38,18.92,0.7566,1,1,-1.216,21.93,Inconsistent
R04211,3,4,1,25.945,1.6377,0.2913,2.723,1,-27.024,19.66,1,1,0,0,108.3,pump,40.0,19.22,0.7588,1,0,-2.731,75.8,Ineffective
R04212,2,1,1,12.418,0.7225,1.7632,0.248,1,-25.016,19.657,0,0,0,1,411.6,valve,54.84,16.35,0.8371,1,1,8.72,30.33,Inconsistent
R04213,3,2,1,11.006,0.2332,-0.1787,2.264,1,3.47,19.636,0,0,0,0,109.0,fan,48.52,9.2,0.853,0,1,16.535,95.71,Harmful
R04214,3,2,1,5.35,2.3842,2.6553,2.657,1,-5.78,19.341,0,0,0,0,138.3,door,39.89,5.3,0.6601,0,1,8.891,94.28,Harmful
R04215,4,1,3,45.918,-0.2723,-0.2352,2.872,1,-7.782,20.229,1,1,0,0,109.4,damper,45.7,6.79,0.7845,1,0,-5.508,90.69,Protective
R04216,2,1,1,58.977,-1.0413,0.1401,0.95,0,4.09,18.2,1,0,0,0,151.7,pump,13.53,15.54,0.6256,0,0,-4.386,83.01,Ineffective
R04217,2,3,1,59.605,-1.4271,0.4712,0.684,0,3.839,17.726,0,0,0,1,219.0,pump,57.76,7.1,0.6634,1,0,-4.165,27.0,Inconsistent
R04218,3,4,1,48.131,-1.0436,-0.3918,1.597,0,-14.605,19.941,0,0,0,0,349.6,valve,31.25,7.06,0.7764,0,0,-11.314,84.12,Protective
R04219,1,4,3,13.92,2.0473,1.7824,2.723,1,-8.875,19.159,1,0,0,0,73.2,damper,14.48,6.93,0.5485,1,0,10.577,92.35,Harmful
R04220,1,2,1,58.774,2.0808,0.9452,1.084,1,0.743,20.602,1,0,1,0,231.1,door,28.94,7.78,0.826,1,0,15.779,99.84,Inconsistent
R04221,3,2,1,23.03,0.726,0.1951,1.614,1,2.506,20.86,1,0,0,0,143.5,fan,35.7,11.81,0.8801,1,1,-6.857,89.58,Protective
R04222,4,2,2,23.349,0.3963,1.2713,2.988,0,7.249,20.469,1,0,0,0,73.1,fan,59.83,14.53,0.7818,0,0,-8.75,100.0,Protective
R04223,3,4,1,42.804,-0.1105,-1.1155,1.477,0,-8.747,19.19,0,0,0,0,245.9,valve,40.0,9.01,0.8314,0,0,12.236,98.87,Harmful
R04224,4,1,3,7.698,-0.392,-0.1655,1.959,1,5.206,20.016,0,0,0,0,182.9,fan,12.27,8.95,0.5939,1,1,-2.987,83.19,Ineffective
R04225,1,4,3,50.417,2.1181,0.4626,2.988,0,14.255,18.337,0,1,0,0,199.4,damper,13.61,16.95,0.7319,1,0,4.306,90.34,Ineffective
R04226,2,1,1,59.851,2.1747,1.2015,1.228,1,0.703,17.059,0,0,0,0,109.1,fan,30.39,5.57,0.6584,1,1,7.616,86.18,Harmful
R04227,3,1,2,47.629,1.1544,0.7226,0.964,1,-1.542,20.122,0,0,0,0,152.2,door,53.22,12.99,0.6268,0,0,11.705,85.25,Harmful
R04228,2,1,1,47.992,-0.9559,-0.2272,0.992,0,-3.533,20.126,1,0,0,0,64.5,fan,28.01,12.0,0.9114,1,0,-15.035,89.79,Protective
R04229,1,2,1,26.467,0.5751,0.1486,1.928,1,-9.261,17.032,1,0,0,0,221.6,fan,59.22,10.28,0.5692,0,0,16.752,77.32,Harmful
R04230,1,3,2,8.626,-0.7924,1.0314,0.656,0,-14.07,20.454,0,0,0,1,77.7,door,10.71,18.24,0.514,1,0,4.922,40.98,Inconsistent
R04231,4,1,3,48.597,0.8976,0.6404,0.661,1,-4.472,20.526,0,0,0,0,56.7,fan,37.37,2.21,0.5691,0,0,-2.535,81.66,Ineffective
R04232,3,1,2,37.844,0.2099,-0.9722,0.928,0,6.762,18.283,0,0,0,0,73.0,damper,58.83,16.45,0.8762,1,0,-10.354,88.7,Protective
R04233,2,3,1,55.014,0.4589,-0.5299,1.715,1,-13.337,17.069,1,1,0,0,169.1,valve,34.17,9.34,0.8423,1,0,3.878,99.31,Harmful
R04234,2,4,2,11.378,-0.6544,1.9135,2.564,1,-1.131,20.504,0,0,0,0,496.8,fan,35.39,16.84,0.7848,0,0,10.138,90.26,Harmful
R04235,1,3,2,21.782,2.9321,-0.3188,1.682,1,-2.872,17.282,0,0,0,0,510.3,damper,25.97,10.14,0.6663,1,1,7.58,81.25,Harmful
R04236,4,2,2,24.836,0.1375,0.1727,2.391,0,26.667,17.929,0,1,0,1,187.3,door,50.01,5.27,0.841,1,1,-1.752,38.7,Inconsistent
R04237,1,3,2,42.58,0.3566,1.2509,2.881,0,10.842,19.17,1,0,0,0,91.5,door,56.51,12.17,0.5463,1,1,-6.462,96.25,Protective
R04238,4,2,2,48.326,-0.5224,0.4421,2.272,0,10.598,20.266,0,0,0,0,339.7,pump,31.36,19.52,0.9041,0,0,-8.393,81.93,Protective
R04239,1,3,2,57.856,-0.762,-0.3576,2.0,1,13.801,20.127,0,0,0,0,23.7,fan,55.64,3.94,0.744,1,0,7.12,94.47,Harmful
R04240,2,3,1,21.247,0.7167,-0.6157,0.223,1,-8.185,19.725,1,0,0,0,48.0,door,16.98,17.93,0.5089,1,0,4.246,76.14,Harmful
R04241,2,3,1,32.15,0.4768,2.2699,1.456,1,20.651,20.315,0,0,0,0,112.3,valve,43.75,13.21,0.847,0,0,15.655,88.53,Harmful
R04242,4,2,2,6.593,0.6095,-1.1412,0.951,0,2.388,19.742,0,0,0,0,298.8,damper,25.37,16.8,0.9214,1,1,-8.672,86.76,Protective
R04243,1,4,3,18.914,1.7061,-0.1533,1.635,1,-0.67,19.551,1,0,0,1,61.1,pump,15.3,16.85,0.8089,1,0,0.306,32.0,Inconsistent
R04244,2,1,1,25.57,1.565,0.7725,2.863,1,-18.221,17.671,0,0,0,0,426.8,pump,40.85,4.21,0.8339,0,1,6.458,81.76,Harmful
R04245,2,4,2,37.659,0.8883,-0.3189,1.097,0,-6.024,18.76,0,0,0,0,35.1,fan,37.17,9.15,0.726,0,1,-9.632,90.11,Protective
R04246,2,1,1,30.897,1.7037,0.4738,0.65,0,-26.489,18.806,1,0,0,0,57.5,pump,38.36,12.31,0.8122,1,1,-10.875,90.66,Protective
R04247,1,4,3,25.046,1.1899,-1.0678,2.513,1,-3.723,17.074,0,0,0,0,58.6,door,46.88,16.72,0.7149,0,1,9.05,90.4,Harmful
R04248,4,2,2,39.324,1.8992,0.1896,2.974,1,-8.645,18.622,1,0,0,0,153.0,pump,33.78,7.4,0.9252,0,1,5.752,95.68,Harmful
R04249,2,3,1,50.574,1.2939,1.0777,2.384,1,-5.975,17.908,0,1,0,0,146.0,pump,29.05,19.35,0.883,1,1,12.242,92.08,Harmful
R04250,2,4,2,18.292,-2.0,0.5811,0.587,0,-20.789,17.359,0,1,0,0,66.0,pump,47.06,2.77,0.7477,1,1,-3.332,96.46,Ineffective
R04251,2,4,2,23.858,0.6455,-0.1725,1.742,1,10.554,19.185,0,0,0,0,76.2,damper,46.17,12.29,0.836,0,0,10.796,100.0,Harmful
R04252,4,1,3,43.771,-0.9677,-1.1217,1.335,0,8.888,17.948,1,1,0,0,217.6,damper,36.35,13.68,0.7468,0,1,-8.181,97.7,Protective
R04253,2,1,1,47.787,1.0314,0.6137,1.974,1,25.347,17.762,1,1,1,0,130.4,valve,41.0,12.36,0.7723,0,1,15.723,100.0,Inconsistent
R04254,2,1,1,50.397,-0.891,-1.4125,2.072,0,24.922,20.147,0,0,0,0,124.6,damper,35.43,3.08,0.5627,0,0,-12.948,83.01,Protective
R04255,2,3,1,16.513,0.5057,1.1843,2.46,0,2.343,20.24,1,1,0,0,169.7,fan,41.3,10.17,0.7015,1,0,-1.909,92.69,Ineffective
R04256,2,4,2,34.66,1.781,0.5574,0.872,1,15.351,19.643,1,0,0,0,469.6,pump,29.98,5.46,0.8849,1,1,12.088,87.33,Harmful
R04257,1,2,1,54.501,2.0036,-0.2968,2.901,1,3.92,17.759,1,1,1,0,378.9,damper,50.69,11.79,0.7428,0,0,0.25,98.6,Inconsistent
R04258,3,4,1,26.557,2.4193,-0.6545,0.801,1,-6.41,19.531,1,0,0,0,27.8,pump,45.34,8.59,0.9128,1,1,12.231,100.0,Harmful
R04259,1,2,1,28.644,-1.776,-0.7331,0.547,0,-4.172,19.853,1,0,0,0,275.5,damper,45.65,16.87,0.7936,1,1,-19.156,92.95,Protective
R04260,1,3,2,59.165,-0.399,-1.1619,2.521,1,9.584,17.933,1,0,0,0,64.5,damper,59.05,3.15,0.765,1,0,5.779,94.91,Harmful
R04261,1,2,1,11.218,2.8278,0.3948,1.497,0,61.319,17.532,1,0,0,0,101.2,damper,35.22,9.68,0.6433,0,0,10.235,87.2,Harmful
R04262,2,3,1,43.808,1.8095,-0.4028,1.573,1,17.503,18.734,1,0,0,0,271.3,fan,57.52,17.46,0.6502,0,0,39.628,100.0,Harmful
R04263,4,2,2,51.76,1.0244,0.7997,1.092,1,3.696,18.697,0,0,0,0,99.8,pump,29.82,13.8,0.4755,1,1,7.168,76.41,Harmful
R04264,3,1,2,13.294,-0.068,0.4375,0.33,0,7.257,17.613,0,1,0,1,122.4,pump,55.49,5.17,0.913,1,0,-2.846,34.97,Inconsistent
R04265,4,1,3,44.295,-0.1569,0.866,0.742,0,7.123,17.767,0,0,0,0,56.7,door,38.3,16.54,0.8905,0,0,-7.146,100.0,Protective
R04266,2,4,2,30.836,-2.0337,0.1518,2.333,0,-1.354,18.998,0,0,0,0,128.6,pump,38.51,8.04,0.5483,0,1,-1.584,81.13,Ineffective
R04267,4,1,3,51.909,-0.8723,1.0252,0.828,0,11.347,19.11,0,0,0,0,554.7,damper,53.73,11.4,0.6548,1,0,-6.599,77.28,Protective
R04268,1,4,3,54.91,-0.2118,1.2861,2.979,0,-2.332,19.151,1,0,0,0,343.7,door,57.72,12.56,0.7184,0,0,-3.366,92.28,Ineffective
R04269,3,1,2,52.987,0.0841,0.6582,2.401,1,-15.173,20.928,0,1,0,0,90.3,fan,19.98,4.12,0.8771,1,0,5.032,93.54,Harmful
R04270,4,3,1,8.541,-0.6851,0.2185,2.576,0,7.225,17.158,1,0,0,0,202.3,pump,16.49,13.91,0.6942,1,1,-4.039,79.92,Ineffective
R04271,3,4,1,46.627,2.4587,-0.6575,2.645,0,9.23,20.145,0,0,0,0,105.9,fan,48.86,14.31,0.7717,0,1,-23.161,100.0,Protective
R04272,4,3,1,55.684,-0.3517,-1.0876,2.213,0,-2.187,18.407,0,1,0,1,90.2,pump,27.91,13.42,0.4346,1,0,-2.234,46.68,Ineffective
R04273,2,4,2,39.174,0.1781,1.1821,1.505,0,4.648,20.012,0,0,0,0,73.9,door,16.91,14.18,0.7629,1,0,-4.821,89.97,Ineffective
R04274,1,2,1,38.048,1.0425,1.0057,2.768,1,14.413,19.942,1,0,0,0,172.7,pump,21.54,6.33,0.5732,1,1,9.913,94.21,Harmful
R04275,4,3,1,7.475,0.4895,0.5868,1.394,0,-0.777,19.479,0,0,0,0,71.0,fan,27.43,6.15,0.8795,1,0,-4.715,89.01,Ineffective
R04276,1,2,1,52.082,-0.5773,-0.6907,0.468,0,-6.705,19.525,1,0,0,0,57.6,fan,48.65,6.48,0.8609,1,1,-16.682,85.58,Protective
R04277,4,1,3,7.552,2.047,2.0239,1.87,1,-10.64,19.654,0,1,0,1,107.9,pump,13.69,6.75,0.638,1,0,6.006,12.32,Inconsistent
R04278,3,2,1,22.243,0.3436,-0.3286,0.496,0,-3.807,19.99,0,1,0,1,404.3,valve,35.33,8.52,0.7957,1,0,0.11,38.37,Inconsistent
R04279,4,1,3,55.922,-0.4872,-0.4018,2.035,1,23.023,17.526,1,0,0,0,202.8,fan,10.88,6.5,0.866,1,1,-2.919,81.33,Ineffective
R04280,2,4,2,57.236,0.6925,-0.1737,2.993,1,-2.975,18.443,0,0,1,0,335.5,pump,44.93,19.41,0.7199,0,1,6.723,82.1,Inconsistent
R04281,4,1,3,59.555,0.6279,1.9712,2.091,1,5.392,20.368,0,0,0,0,36.3,pump,58.17,3.51,0.9393,0,0,4.532,98.48,Harmful
R04282,1,2,1,31.202,-0.3182,-1.211,0.79,0,-4.867,19.192,0,0,0,1,341.7,pump,27.84,17.27,0.671,1,1,-4.098,42.16,Inconsistent
R04283,2,3,1,14.759,0.4093,-0.8511,0.586,0,-6.153,17.548,0,0,0,0,91.7,damper,56.15,8.42,0.6247,1,1,-6.599,83.02,Protective
R04284,1,2,1,31.837,1.4347,3.2985,1.198,1,-13.19,20.847,1,0,0,0,62.3,door,54.24,12.94,0.9638,0,0,18.203,91.24,Harmful
R04285,4,2,2,10.627,1.3167,1.341,0.608,1,1.504,20.951,0,0,0,0,305.1,damper,27.41,7.7,0.9767,1,0,5.161,91.51,Harmful
R04286,3,1,2,52.989,0.2389,-0.8331,1.795,0,-7.756,19.051,0,0,0,0,64.9,door,20.41,18.24,0.9622,1,1,-11.019,100.0,Protective
R04287,4,1,3,35.83,0.8856,-0.6814,2.393,1,19.105,19.133,0,0,1,0,22.8,fan,26.51,3.19,0.6481,0,0,8.61,89.28,Inconsistent
R04288,4,2,2,27.248,-1.3512,-1.2727,2.043,1,-1.613,18.168,0,0,0,0,32.9,fan,55.78,6.76,0.3095,1,1,8.702,72.77,Harmful
R04289,2,3,1,9.374,1.5779,0.4971,1.928,1,-0.668,19.065,1,0,1,0,47.5,door,31.28,19.3,0.6642,1,0,7.212,86.39,Inconsistent
R04290,1,3,2,27.288,0.3884,0.628,1.42,0,-2.703,20.875,1,1,0,0,427.9,fan,34.92,8.44,0.7086,1,0,-0.551,87.36,Ineffective
R04291,4,3,1,52.641,-0.1848,1.9188,0.684,1,5.566,18.018,1,1,1,0,368.3,valve,17.32,6.53,0.7488,1,0,5.466,85.69,Inconsistent
R04292,2,1,1,43.687,0.1806,-1.994,1.986,0,22.364,18.218,0,0,0,1,25.2,pump,21.41,7.34,0.8495,0,0,3.066,11.65,Inconsistent
R04293,1,4,3,9.535,0.5479,-1.4254,1.374,0,-15.597,20.59,0,0,0,0,33.1,fan,56.31,4.07,0.9052,0,0,-4.039,100.0,Ineffective
R04294,4,1,3,13.795,1.9712,0.2804,1.055,1,4.167,18.538,0,1,0,0,203.3,fan,55.72,8.11,0.9115,1,0,2.911,98.42,Harmful
R04295,4,1,3,26.577,0.4103,2.6877,2.046,0,-23.532,20.89,1,0,0,0,102.2,fan,24.82,7.73,0.7041,0,1,-0.728,95.73,Ineffective
R04296,2,1,1,10.576,1.1216,1.2859,1.26,1,18.348,18.398,0,0,0,0,71.1,pump,45.01,7.02,0.8745,0,0,7.329,91.87,Harmful
R04297,4,1,3,56.372,1.7468,0.7728,0.671,1,-1.622,17.019,0,0,0,0,52.9,pump,44.34,3.47,0.8914,1,1,0.646,97.14,Ineffective
R04298,1,4,3,40.876,0.4935,-0.8249,1.554,1,-22.424,20.815,0,0,0,1,52.2,pump,31.09,12.7,0.4584,0,0,-1.406,43.67,Inconsistent
R04299,1,3,2,10.215,0.312,-2.22,1.01,0,-19.137,17.948,1,1,0,0,200.5,damper,45.69,14.36,0.7578,0,0,-1.12,93.39,Ineffective
R04300,2,3,1,48.343,-0.7211,-0.0612,2.254,0,12.208,19.776,0,0,0,0,232.3,door,54.76,14.65,0.4586,1,0,-25.734,84.89,Protective
R04301,3,2,1,25.262,1.0103,-0.1994,0.332,0,-24.969,17.19,0,0,0,0,143.9,valve,48.73,4.91,0.5528,1,1,0.902,72.01,Ineffective
R04302,1,3,2,18.468,-1.7097,-0.3678,2.588,0,4.174,19.993,0,0,0,0,39.3,damper,37.53,13.65,0.8002,1,1,-7.954,100.0,Protective
R04303,1,4,3,36.349,1.6167,0.0196,1.492,1,-6.428,17.88,0,0,0,0,46.4,fan,41.76,18.01,0.8107,1,0,6.334,99.44,Harmful
R04304,3,1,2,5.735,-0.0823,-0.8484,0.245,0,-2.921,20.201,0,0,1,0,285.7,valve,51.89,19.6,0.9184,1,1,-9.595,96.4,Inconsistent
R04305,4,1,3,30.597,1.7654,-0.5776,0.573,1,-10.108,20.866,0,0,0,0,231.1,damper,47.49,18.09,0.8174,0,0,7.652,85.4,Harmful
R04306,3,2,1,51.409,0.0195,1.7895,2.847,1,-14.293,17.181,0,1,0,0,96.9,door,56.95,4.47,0.1945,1,0,7.019,79.98,Harmful
R04307,4,1,3,56.043,-0.01,-0.9865,1.704,0,-7.312,18.472,0,0,0,0,29.8,pump,51.98,19.17,0.7417,1,0,-9.447,80.33,Protective
R04308,4,2,2,23.841,0.8606,0.1239,2.352,1,8.58,19.863,0,0,0,0,129.4,pump,12.86,7.83,0.6205,1,0,4.655,91.61,Harmful
R04309,3,1,2,40.334,1.2339,0.3609,2.672,1,-4.389,20.986,0,0,0,0,223.8,fan,45.83,2.54,0.8024,1,1,2.339,89.33,Harmful
R04310,3,2,1,17.475,-0.2476,1.1063,1.097,1,6.318,18.452,1,0,1,0,44.7,valve,16.69,8.56,0.7644,0,1,-3.359,97.66,Inconsistent
R04311,4,3,1,35.812,1.4362,-0.4518,1.731,1,-3.634,20.98,0,0,0,0,69.5,damper,51.69,7.53,0.6604,1,0,14.087,80.82,Harmful
R04312,2,4,2,18.972,-1.9459,0.8781,2.021,0,9.169,20.597,0,0,0,0,77.1,valve,15.0,14.17,0.7943,0,0,-6.625,87.99,Protective
R04313,1,4,3,36.425,0.1322,-0.1797,2.556,1,6.224,19.877,0,0,0,1,45.5,door,24.38,19.71,0.4814,1,0,1.078,20.06,Inconsistent
R04314,4,1,3,14.445,-1.6627,-0.2619,1.376,0,-8.111,18.528,0,0,0,0,97.6,door,25.73,15.09,0.7182,0,0,-5.606,91.55,Protective
R04315,2,3,1,56.768,1.6282,2.0431,2.865,1,-14.305,19.148,1,0,1,1,88.7,pump,56.64,14.2,0.7749,0,1,7.642,48.38,Inconsistent
R04316,4,3,1,53.78,0.3001,-1.0692,1.9,0,14.335,19.881,0,1,1,0,226.5,damper,59.41,5.05,0.9135,1,0,5.455,100.0,Inconsistent
R04317,2,4,2,23.531,0.356,0.6209,2.647,0,-12.201,19.743,0,0,0,1,33.9,door,36.94,14.95,0.8024,0,0,-2.898,56.86,Ineffective
R04318,4,2,2,47.716,1.3732,0.9046,0.433,0,7.512,18.154,1,0,0,0,37.0,pump,36.1,6.9,0.7577,0,0,0.51,88.94,Ineffective
R04319,1,2,1,10.253,0.4841,0.7099,1.497,1,0.466,19.229,1,0,0,0,40.4,fan,37.02,7.02,0.7277,1,0,9.876,100.0,Harmful
R04320,3,4,1,45.72,0.5096,-0.2175,0.702,0,-6.946,20.34,1,0,0,0,66.0,fan,42.01,9.8,0.8397,1,0,-9.545,90.39,Protective
R04321,2,1,1,20.535,-0.034,2.0257,2.753,0,6.442,18.9,0,0,0,0,63.1,door,13.44,18.08,0.6955,1,1,-0.321,95.71,Ineffective
R04322,2,1,1,12.46,-0.1862,-0.1138,0.858,0,20.518,19.265,0,1,0,1,451.8,fan,24.82,5.91,0.8785,0,1,0.918,31.47,Inconsistent
R04323,2,1,1,42.301,2.1066,0.6041,2.196,1,9.383,18.31,0,0,0,1,124.6,pump,40.59,18.06,0.6086,0,1,2.762,2.97,Inconsistent
R04324,4,2,2,30.839,2.8819,0.0635,0.376,1,1.939,17.64,0,0,0,0,97.0,fan,21.74,10.93,0.4327,1,0,4.223,94.92,Harmful
R04325,2,4,2,34.158,-0.5315,0.0511,0.762,0,24.322,17.264,0,0,0,0,175.2,fan,40.47,3.24,0.451,0,1,-3.093,88.44,Ineffective
R04326,4,1,3,33.629,1.6337,1.3641,1.096,1,-25.114,18.624,1,0,0,0,141.3,fan,55.04,14.12,0.4777,1,0,8.44,87.33,Harmful
R04327,2,3,1,8.27,1.1191,0.1247,2.389,1,-16.683,19.527,0,0,0,0,81.4,valve,48.42,14.08,0.8605,1,0,8.444,100.0,Harmful
R04328,1,3,2,7.826,0.2311,-2.2085,0.903,0,-6.967,20.04,1,1,0,0,71.5,door,36.68,19.38,0.763,0,1,-4.772,94.31,Ineffective
R04329,4,2,2,38.064,1.0472,0.9136,2.487,1,21.29,17.336,0,0,0,0,45.0,damper,23.94,7.76,0.8624,1,1,6.558,93.22,Harmful
R04330,1,2,1,39.313,0.4669,-0.6783,2.408,1,14.143,18.274,0,0,0,0,190.9,damper,30.58,3.78,0.8589,0,0,8.426,89.17,Harmful
R04331,2,4,2,7.595,-3.685,0.6419,2.978,0,-25.744,20.232,0,0,0,0,102.1,door,14.3,9.99,0.4965,1,1,-5.112,88.17,Protective
R04332,4,2,2,25.814,2.3348,0.3987,2.096,1,-6.546,17.449,1,0,0,0,23.2,valve,17.25,7.07,0.4645,0,0,3.141,85.09,Harmful
R04333,4,3,1,38.707,0.1053,1.3431,1.985,1,-19.857,20.973,0,0,0,0,26.5,pump,59.93,11.85,0.4454,1,0,13.546,83.25,Harmful
R04334,4,3,1,41.117,0.5584,-0.5483,1.884,1,-0.607,19.531,0,0,0,0,54.7,pump,55.84,12.23,0.7455,1,1,14.325,100.0,Harmful
R04335,2,4,2,50.555,0.5797,-0.1352,0.507,1,13.527,20.76,1,0,0,0,22.6,pump,40.88,8.17,0.968,1,1,5.071,100.0,Harmful
R04336,4,2,2,28.14,0.0162,0.06,1.637,1,14.635,19.921,0,1,0,0,287.2,fan,41.46,19.16,0.8816,1,0,4.558,84.45,Harmful
R04337,2,1,1,35.154,0.1402,-1.5823,2.584,0,4.02,20.856,0,0,0,0,22.6,door,24.03,5.13,0.8212,1,0,-10.514,100.0,Protective
R04338,3,2,1,36.821,0.7557,1.5114,0.258,1,-6.375,19.661,1,0,0,0,32.5,pump,29.57,5.91,0.8097,0,0,4.446,89.41,Harmful
R04339,3,4,1,22.162,0.0835,-1.2254,0.555,1,-1.431,18.072,1,0,0,0,130.8,damper,20.25,8.93,0.5775,0,0,5.851,85.72,Harmful
R04340,1,4,3,7.96,0.0493,0.9973,1.882,0,10.249,20.201,0,0,0,0,78.6,pump,57.52,11.71,0.9157,0,1,-1.592,96.34,Ineffective
R04341,2,3,1,5.232,0.767,0.8244,2.572,1,35.21,17.904,1,1,0,0,135.5,fan,50.76,11.65,0.828,0,0,-0.83,98.67,Ineffective
R04342,2,4,2,50.987,1.7278,0.2011,1.061,1,-17.776,19.26,0,0,0,1,289.0,door,24.69,14.7,0.5755,0,1,4.995,15.52,Inconsistent
R04343,2,3,1,16.013,-0.5404,0.7451,2.64,1,23.833,18.492,0,0,0,0,355.5,valve,28.13,3.56,0.4884,0,1,2.33,71.45,Harmful
R04344,2,1,1,39.664,-0.0054,0.7177,1.145,1,3.661,20.196,0,0,0,0,40.2,fan,10.55,18.99,0.6762,0,1,6.531,95.42,Harmful
R04345,3,4,1,36.738,1.5253,-0.0004,1.503,1,12.304,20.038,1,0,0,0,405.9,door,23.39,2.99,0.8835,1,0,5.552,83.25,Harmful
R04346,1,4,3,26.98,0.1603,0.6981,2.868,1,2.777,20.456,0,1,1,0,99.4,valve,23.27,13.47,0.5778,1,1,13.08,89.3,Inconsistent
R04347,1,2,1,50.842,-1.0034,0.6312,1.369,0,21.063,17.988,1,0,0,0,102.0,pump,17.68,11.46,0.7544,1,1,3.583,83.06,Ineffective
R04348,4,1,3,43.412,-0.6903,-1.0447,1.879,0,4.945,20.99,0,0,0,0,155.9,pump,55.77,6.46,0.8707,0,1,-12.803,98.61,Protective
R04349,2,4,2,6.251,-0.201,0.2462,2.819,0,-9.731,20.221,0,0,0,0,30.2,fan,11.16,8.8,0.7209,0,0,3.237,86.67,Ineffective
R04350,3,2,1,47.718,0.7028,-2.2263,0.94,1,6.752,18.547,0,0,0,0,28.7,damper,38.03,10.83,0.9104,0,0,15.935,100.0,Harmful
R04351,3,4,1,32.885,-0.31,-2.0296,0.457,0,16.902,17.511,0,1,0,0,292.4,door,30.86,2.98,0.8593,1,1,-6.815,89.39,Protective
R04352,3,4,1,24.086,-1.1286,0.4645,2.882,0,0.003,18.398,0,0,0,0,170.9,valve,30.02,8.5,0.8282,1,1,-8.402,98.01,Protective
R04353,2,3,1,44.979,1.5732,-0.0178,1.768,1,-31.111,17.425,0,0,0,0,22.3,valve,17.53,9.5,0.8978,1,0,9.771,97.76,Harmful
R04354,2,4,2,42.734,1.2262,-0.9534,2.904,0,-1.724,19.461,1,0,0,0,340.2,door,49.66,10.86,0.8097,1,1,0.613,89.83,Ineffective
R04355,4,1,3,22.082,-2.0104,-0.153,2.627,0,1.471,17.452,1,0,1,0,67.6,damper,26.21,10.69,0.7487,1,1,-3.129,87.55,Inconsistent
R04356,4,3,1,59.067,-0.7535,0.004,1.865,1,-0.674,18.722,1,0,0,0,323.4,valve,44.22,19.53,0.6762,1,1,14.425,85.75,Harmful
R04357,2,3,1,40.679,0.9029,-1.0886,1.52,0,-7.432,19.67,0,0,0,0,41.9,valve,25.79,17.89,0.7637,1,1,-5.324,80.47,Protective
R04358,3,2,1,38.318,2.3698,-1.239,1.545,1,19.845,18.812,1,1,0,1,116.6,door,55.42,14.63,0.8639,1,1,4.879,43.93,Inconsistent
R04359,4,3,1,8.843,-1.3292,-1.5682,0.665,1,-35.595,20.527,0,0,0,0,261.2,valve,21.37,19.58,0.7974,0,1,-1.075,100.0,Ineffective
R04360,1,4,3,20.363,1.6154,1.1388,1.47,1,1.41,17.964,0,0,0,0,37.4,pump,51.61,7.92,0.3751,1,0,5.232,84.68,Harmful
R04361,4,3,1,29.584,2.4379,-0.0225,2.501,1,1.62,19.096,0,0,0,0,153.8,door,47.18,7.46,0.8277,1,1,17.692,99.1,Harmful
R04362,2,1,1,39.684,-0.9624,0.8695,2.969,0,31.423,20.653,1,1,0,0,431.0,fan,53.51,10.36,0.8839,0,0,-5.872,82.0,Protective
R04363,4,1,3,33.202,1.4797,-0.5327,2.889,0,-0.217,18.413,0,0,0,0,47.6,damper,59.34,14.26,0.8273,1,0,4.377,99.52,Ineffective
R04364,3,1,2,46.967,0.622,0.755,2.894,1,6.684,18.891,0,0,0,0,113.3,pump,38.89,14.71,0.8985,1,0,5.895,97.78,Harmful
R04365,4,3,1,19.441,0.2146,-0.2254,0.253,0,1.875,20.731,0,0,0,0,28.7,pump,46.5,13.74,0.8498,1,0,-14.764,99.85,Protective
R04366,1,3,2,43.619,-0.8192,-0.0556,1.644,0,1.416,18.997,0,0,0,0,230.5,fan,38.53,5.46,0.8171,0,0,-3.301,93.42,Ineffective
R04367,1,4,3,49.913,0.901,-0.007,0.76,0,26.444,20.457,0,0,1,1,391.2,fan,54.72,5.92,0.805,0,1,-7.379,25.47,Inconsistent
R04368,4,3,1,47.078,0.7345,-0.5457,1.923,0,-16.675,20.762,1,0,0,0,81.0,valve,40.85,7.63,0.9814,1,0,-8.358,96.19,Protective
R04369,3,2,1,47.397,1.6247,-1.3296,2.848,0,-10.008,18.024,0,0,0,0,267.1,valve,52.31,9.82,0.5609,0,0,-11.087,79.64,Protective
R04370,3,4,1,53.868,1.3406,0.6661,2.655,0,11.313,20.143,0,1,0,0,49.3,damper,23.23,8.55,0.7733,0,0,-0.78,100.0,Ineffective
R04371,1,3,2,9.63,0.7908,1.9935,2.626,1,3.853,19.615,0,1,0,1,206.2,door,12.25,14.0,0.6985,1,0,4.269,42.27,Inconsistent
R04372,1,2,1,43.346,3.0084,1.5592,1.224,0,-4.248,20.947,0,0,0,0,76.4,damper,14.94,14.02,0.4652,0,0,1.822,83.39,Ineffective
R04373,4,1,3,58.277,2.1508,-0.1533,1.603,1,-1.058,19.342,0,0,0,0,27.5,pump,42.63,7.74,0.6856,1,0,4.171,100.0,Harmful
R04374,2,3,1,36.551,1.3405,-0.3332,0.989,1,13.709,20.171,0,0,1,0,164.2,door,51.77,15.41,0.7159,0,1,20.741,93.82,Inconsistent
R04375,3,1,2,16.952,-0.1972,-0.1543,1.751,1,7.276,18.383,0,0,0,0,196.5,door,22.11,8.62,0.7326,1,0,5.531,93.76,Harmful
R04376,2,4,2,59.931,-0.73,0.2242,1.049,1,-10.694,19.426,0,0,0,0,42.5,door,39.51,2.62,0.6169,1,0,3.944,91.54,Harmful
R04377,2,1,1,14.607,-1.545,-0.1525,2.464,0,3.567,20.114,0,0,0,0,42.9,fan,36.26,13.76,0.9621,1,0,-13.759,100.0,Protective
R04378,1,4,3,23.456,-1.0337,-1.0979,1.5,0,-0.747,20.868,0,1,0,0,323.2,pump,42.95,16.19,0.7902,1,0,1.672,84.75,Ineffective
R04379,4,3,1,14.463,2.1773,-1.0797,2.161,1,7.056,18.007,1,0,0,0,152.5,valve,21.52,14.2,0.7049,1,0,8.041,85.2,Harmful
R04380,4,1,3,30.548,0.3871,-0.0501,2.643,0,-4.816,17.316,0,0,0,0,164.2,door,21.1,5.39,0.5274,0,1,-5.577,78.42,Protective
R04381,1,3,2,28.038,0.1866,-3.1304,1.039,1,-18.125,20.905,0,0,0,0,65.4,valve,48.98,9.75,0.6993,1,1,4.119,92.53,Harmful
R04382,2,1,1,32.018,-0.2359,-0.2007,1.942,0,10.086,19.411,0,1,0,0,198.7,fan,12.43,16.4,0.4252,1,0,0.597,85.03,Ineffective
R04383,3,4,1,56.039,0.5423,-0.5447,2.568,1,8.229,17.069,0,0,0,0,266.2,fan,44.7,3.32,0.3619,1,0,8.277,72.23,Harmful
R04384,2,4,2,31.308,1.6001,1.1802,2.862,1,21.229,19.08,1,0,0,1,94.1,pump,13.58,18.99,0.9531,1,0,-1.142,33.83,Inconsistent
R04385,3,2,1,33.304,-0.9788,0.9476,0.657,0,-19.743,20.744,1,1,0,0,166.8,valve,15.16,2.72,0.8253,1,0,2.399,94.33,Ineffective
R04386,2,1,1,53.768,1.1497,1.4712,2.108,1,-1.056,20.938,0,0,1,0,280.5,damper,22.14,5.37,0.7008,1,1,11.908,95.76,Inconsistent
R04387,1,4,3,49.977,1.1001,0.0536,1.419,1,-3.456,18.303,0,0,0,0,224.2,damper,27.07,13.04,0.6356,1,0,8.997,98.12,Harmful
R04388,2,4,2,18.185,-0.0489,-0.7351,0.999,1,-5.943,20.128,0,0,0,0,97.3,pump,59.34,10.52,0.3208,1,0,3.983,76.57,Harmful
R04389,3,1,2,5.711,2.388,-0.4146,0.642,1,-23.115,18.835,0,0,0,0,272.0,fan,32.82,12.81,0.7366,1,1,1.099,83.78,Harmful
R04390,1,3,2,39.622,-0.3956,0.1876,1.839,0,-15.994,18.592,0,0,1,0,119.3,fan,31.45,10.16,0.5068,1,1,1.32,77.15,Inconsistent
R04391,4,3,1,51.467,-0.1928,-1.2459,1.135,1,4.058,20.033,1,1,0,1,326.5,fan,48.54,17.0,0.8951,0,1,3.018,17.68,Inconsistent
R04392,1,3,2,35.407,1.6529,1.7935,2.07,1,-7.496,18.08,1,0,1,0,190.1,valve,23.49,19.37,0.7796,1,0,9.475,76.51,Inconsistent
R04393,1,3,2,16.615,-0.0455,-0.4306,0.987,0,-12.396,18.706,1,1,1,0,166.6,valve,39.85,15.87,0.6838,1,0,25.211,81.01,Inconsistent
R04394,3,4,1,45.775,0.3084,0.4002,0.202,0,21.456,17.986,0,0,0,0,251.4,pump,44.99,12.71,0.6407,0,1,-14.21,91.23,Protective
R04395,3,1,2,41.825,-0.3847,-1.3814,2.348,1,35.606,17.571,1,0,0,0,206.0,fan,52.81,8.83,0.9455,0,0,5.485,99.14,Harmful
R04396,2,3,1,36.077,0.7124,-1.026,0.652,0,-0.846,18.517,1,0,0,0,43.3,valve,16.12,13.39,0.7722,1,1,9.368,99.36,Harmful
R04397,2,4,2,52.483,2.9724,-1.5057,0.907,1,-22.533,20.837,0,0,0,0,270.0,damper,42.74,16.29,0.6093,1,0,7.492,86.15,Harmful
R04398,1,4,3,48.133,-0.4628,1.4212,0.859,1,5.946,18.676,1,0,0,0,278.3,pump,10.24,16.18,0.7886,0,1,1.59,92.01,Harmful
R04399,3,2,1,41.737,0.2542,-0.2602,1.158,0,-31.281,19.733,1,1,0,0,186.5,door,34.84,2.15,0.5836,0,1,-4.554,92.13,Ineffective
R04400,2,4,2,41.562,0.0147,0.9713,1.559,1,-20.253,18.14,0,0,0,0,193.4,fan,28.03,14.59,0.5333,0,1,6.282,81.2,Harmful
R04401,1,4,3,41.421,3.4896,0.4634,2.475,1,6.205,20.461,1,1,0,1,253.8,valve,50.74,5.65,0.8773,1,1,3.173,47.15,Harmful
R04402,2,1,1,33.884,1.1396,0.3685,2.021,0,-20.756,19.5,1,1,1,0,157.9,valve,46.36,11.6,0.7166,1,0,1.443,95.89,Inconsistent
R04403,4,2,2,30.516,0.1821,-0.4374,0.609,0,-4.441,20.802,0,0,0,0,78.2,valve,44.58,15.42,0.795,0,0,3.288,95.5,Ineffective
R04404,2,1,1,44.028,-1.3279,-0.3035,0.714,0,-22.254,18.304,0,0,0,0,142.8,damper,18.48,19.24,0.3786,1,0,-6.988,80.98,Protective
R04405,4,2,2,38.577,-1.0861,-0.1917,2.572,0,0.844,19.152,0,0,0,0,253.9,valve,25.51,2.65,0.339,0,0,-7.497,85.49,Protective
R04406,2,1,1,31.949,1.5463,0.8056,0.9,1,16.849,17.764,1,0,0,0,255.0,pump,24.38,7.9,0.5292,1,0,-0.748,66.77,Ineffective
R04407,1,3,2,11.966,-1.4625,0.3321,0.812,0,-9.193,17.544,0,0,0,0,238.2,fan,19.7,3.11,0.8437,0,0,1.347,71.81,Ineffective
R04408,2,3,1,43.606,-0.5311,3.2114,0.21,1,-0.291,19.341,0,0,0,0,66.7,pump,31.06,15.88,0.9397,0,1,12.528,94.78,Harmful
R04409,2,3,1,40.53,-0.0912,1.5816,2.367,0,-12.238,20.214,0,1,0,0,36.2,door,31.26,5.1,0.7652,0,0,2.285,82.37,Ineffective
R04410,1,4,3,23.824,0.9334,-1.3788,2.268,1,-11.187,17.799,0,0,0,0,49.5,door,27.49,4.24,0.6261,0,0,0.972,100.0,Ineffective
R04411,3,4,1,24.598,1.18,0.2569,1.173,1,-12.471,19.812,0,0,0,0,70.2,pump,49.7,3.74,0.7934,1,0,9.881,100.0,Harmful
R04412,2,1,1,18.57,0.3605,-0.0059,0.22,1,11.789,19.686,0,1,1,1,56.8,damper,44.53,14.78,0.485,0,0,4.422,34.93,Inconsistent
R04413,3,4,1,57.905,0.8201,1.1801,2.4,0,-21.203,18.93,1,0,1,0,51.0,valve,49.75,3.62,0.9203,1,1,-2.976,84.07,Inconsistent
R04414,2,4,2,52.311,-0.0618,0.0843,0.478,1,-4.978,20.068,0,0,0,1,201.4,door,50.41,10.07,0.908,1,0,6.245,27.22,Inconsistent
R04415,2,4,2,35.858,0.5266,0.3643,1.489,0,6.147,19.376,1,1,0,0,25.9,fan,21.04,4.88,0.7025,1,0,-2.478,86.0,Ineffective
R04416,2,4,2,27.091,0.1141,-2.4371,2.552,0,13.647,20.786,1,1,1,0,84.2,pump,57.31,13.36,0.6998,0,0,-3.179,89.35,Inconsistent
R04417,1,2,1,45.525,0.5006,-1.6136,0.884,0,6.609,20.055,0,1,0,0,62.6,pump,42.52,4.6,0.486,1,0,-4.133,71.2,Ineffective
R04418,3,4,1,34.025,1.982,2.4923,1.263,1,-1.09,20.546,0,1,0,0,365.5,fan,49.91,6.19,0.4723,0,1,12.383,89.43,Harmful
R04419,1,3,2,58.672,0.3447,0.4502,2.05,1,-8.533,18.445,0,0,0,0,201.0,damper,56.42,17.43,0.8158,0,1,14.402,89.0,Harmful
R04420,3,1,2,8.032,-0.7611,-1.0985,2.085,0,13.88,20.244,1,1,0,0,114.6,damper,50.76,2.3,0.899,0,1,3.013,91.83,Ineffective
R04421,4,3,1,6.886,-1.7884,0.1429,1.496,0,-13.008,20.968,0,1,0,0,140.7,valve,37.98,2.62,0.7627,1,0,-1.564,93.7,Ineffective
R04422,4,2,2,36.274,-1.219,-0.6531,1.415,1,-12.783,17.654,1,0,0,1,111.6,pump,33.99,15.21,0.8607,1,1,-2.141,26.41,Inconsistent
R04423,2,3,1,16.18,-0.276,-0.3834,1.375,0,20.287,19.045,1,0,1,0,497.6,damper,37.4,5.81,0.4157,0,0,8.174,63.59,Inconsistent
R04424,2,3,1,38.237,0.6925,-1.0526,1.561,1,5.404,20.449,0,0,0,0,90.0,fan,53.72,6.18,0.7383,1,1,15.607,100.0,Harmful
R04425,4,2,2,47.978,-0.2861,-0.3887,1.171,1,5.934,18.587,1,0,0,0,117.3,valve,13.31,2.14,0.8068,0,0,-1.206,87.4,Ineffective
R04426,2,4,2,12.596,-0.0711,-0.0163,0.918,1,8.978,19.033,1,0,1,0,170.5,door,29.35,11.19,0.7852,1,0,5.501,87.93,Inconsistent
R04427,2,1,1,29.233,2.3235,1.5207,1.085,1,-1.423,19.991,0,0,0,0,164.3,door,24.22,9.13,0.6536,1,0,4.484,95.54,Harmful
R04428,4,2,2,42.877,1.6758,0.864,1.538,1,-21.565,20.299,1,0,0,0,283.3,valve,32.33,17.0,0.8963,0,0,10.731,81.0,Harmful
R04429,4,2,2,50.862,-1.3616,0.5385,1.27,0,3.767,17.798,0,0,0,0,224.5,damper,40.11,3.87,0.6536,0,1,-7.153,83.06,Protective
R04430,4,1,3,32.299,0.3577,0.3742,1.84,1,-0.274,18.564,0,1,0,0,207.6,damper,48.62,19.97,0.7257,1,0,4.745,96.96,Harmful
R04431,1,2,1,16.338,0.306,0.7228,1.967,0,-12.886,18.578,0,0,0,0,93.1,damper,10.42,3.0,0.8654,0,1,3.746,95.08,Ineffective
R04432,4,3,1,37.219,-0.7265,-0.9735,2.989,0,-16.336,17.611,1,1,0,0,300.8,damper,31.58,5.97,0.8189,1,1,-0.207,81.32,Ineffective
R04433,1,3,2,29.998,-0.9087,-0.8327,1.922,0,-0.698,17.365,1,0,0,0,62.5,valve,24.52,4.52,0.3841,0,1,-9.037,80.45,Protective
R04434,3,1,2,47.456,0.4618,0.8076,2.257,1,-20.367,19.979,0,1,0,0,95.9,valve,46.81,15.98,0.8102,1,0,2.78,88.07,Harmful
R04435,4,2,2,35.557,0.9907,-0.3791,0.474,0,-2.151,20.408,0,0,0,0,28.2,damper,23.72,7.11,0.9288,0,1,-5.143,86.12,Protective
R04436,3,4,1,20.368,1.9814,0.3862,2.329,1,-3.961,20.808,0,0,0,0,83.6,pump,21.71,2.42,0.6197,0,0,4.527,77.7,Harmful
R04437,4,2,2,46.492,-0.8354,-0.2641,1.625,0,-1.787,20.825,0,0,0,1,63.8,door,18.64,11.55,0.6172,0,1,-7.08,46.92,Protective
R04438,2,4,2,33.476,1.2606,1.6535,2.626,1,6.04,20.979,0,0,0,0,223.2,pump,35.16,6.3,0.8886,1,1,8.43,78.0,Harmful
R04439,2,3,1,14.765,-0.1064,1.2056,2.919,0,9.329,17.332,1,0,0,0,21.0,fan,12.6,13.15,0.5005,1,0,-1.302,80.3,Ineffective
R04440,2,4,2,35.969,-0.2082,-0.2262,0.845,1,-10.672,18.587,0,0,0,0,127.1,valve,44.89,10.04,0.723,1,0,6.08,80.32,Harmful
R04441,2,4,2,57.158,-0.3971,-1.8599,2.8,0,13.047,17.329,0,0,1,0,78.3,fan,54.21,3.54,0.4717,0,0,-3.709,82.64,Inconsistent
R04442,3,4,1,43.803,-0.4642,-0.3115,2.081,1,-3.291,19.712,0,1,0,0,84.9,damper,19.8,18.2,0.7737,0,0,0.095,95.63,Ineffective
R04443,2,4,2,21.434,1.9631,-0.497,2.27,1,26.3,20.89,1,0,0,0,224.8,pump,34.75,6.08,0.9381,0,0,-2.174,89.28,Ineffective
R04444,3,2,1,44.098,1.4525,0.7317,1.523,0,-8.781,17.147,0,0,0,0,194.9,door,54.01,2.14,0.6437,1,1,-2.417,85.56,Ineffective
R04445,2,3,1,20.543,0.3894,1.3205,1.193,1,-24.17,19.105,0,1,0,1,54.3,pump,52.62,12.48,0.8031,1,0,1.831,38.63,Inconsistent
R04446,2,1,1,34.848,-0.7491,-1.1311,2.44,0,12.505,19.133,0,0,0,0,93.9,damper,49.1,16.9,0.8003,1,1,-16.528,85.56,Protective
R04447,1,3,2,33.963,0.9546,-0.8545,0.262,0,6.384,17.653,0,0,0,0,89.8,damper,19.33,10.87,0.5815,0,1,-2.521,87.28,Ineffective
R04448,3,2,1,18.606,1.1161,-1.579,1.714,0,18.025,20.334,1,0,0,0,291.6,valve,31.85,17.29,0.8952,1,1,-7.327,98.85,Protective
R04449,4,1,3,24.133,-1.2144,0.0344,0.407,0,4.645,18.579,0,0,0,0,299.0,fan,59.16,3.33,0.6288,1,0,-2.095,95.28,Ineffective
R04450,4,3,1,56.82,-0.248,-0.1449,0.913,0,35.1,18.682,1,0,0,0,33.5,damper,22.1,7.13,0.7758,0,1,-10.202,100.0,Protective
R04451,2,4,2,18.783,-0.1589,0.6891,2.231,0,-2.833,20.848,0,0,0,0,53.3,fan,16.67,13.55,0.7546,1,0,-4.027,86.8,Ineffective
R04452,2,1,1,49.056,0.0292,0.8971,2.313,1,15.695,17.99,0,0,0,0,21.4,door,30.66,15.92,0.788,0,0,18.109,88.7,Harmful
R04453,3,2,1,41.705,0.286,0.5102,2.689,0,-7.882,18.542,0,0,0,0,40.7,damper,17.56,3.41,0.7496,1,0,0.392,97.57,Ineffective
R04454,3,4,1,34.295,-0.7999,-1.642,2.203,0,7.377,20.081,0,0,0,0,68.8,valve,33.54,13.01,0.8462,0,0,-10.929,100.0,Protective
R04455,1,2,1,12.563,0.2597,-0.2263,2.089,1,10.17,18.92,0,1,0,0,216.8,damper,40.96,15.85,0.5136,1,0,0.815,88.82,Ineffective
R04456,3,4,1,16.251,0.6987,1.3489,2.846,1,12.488,19.414,0,1,0,0,258.1,pump,29.75,4.28,0.818,1,1,2.936,75.3,Harmful
R04457,1,3,2,14.844,-0.6891,-0.1386,1.705,1,11.645,18.911,1,0,0,0,72.7,valve,22.64,4.66,0.6083,1,0,-5.279,76.9,Protective
R04458,1,4,3,37.274,-2.1565,-1.7276,2.031,0,-48.551,18.133,0,0,0,0,29.5,damper,33.02,11.14,0.809,0,0,-10.267,100.0,Protective
R04459,3,1,2,58.536,1.7183,1.208,2.631,1,-1.03,17.651,0,0,0,0,80.0,pump,49.54,9.79,0.8054,1,0,8.328,95.13,Harmful
R04460,1,2,1,53.248,-0.8403,-0.6773,2.338,0,-8.627,20.401,0,0,0,0,76.9,door,50.88,9.66,0.8701,1,0,-24.289,95.99,Protective
R04461,2,3,1,6.389,2.0349,0.9626,2.356,0,-5.668,18.101,0,0,0,1,159.5,pump,10.31,17.62,0.6766,1,0,2.912,44.91,Inconsistent
R04462,3,1,2,20.055,1.8718,-0.1184,1.703,0,-4.251,20.989,1,0,0,0,186.2,damper,12.25,3.18,0.8553,1,1,-0.872,85.96,Ineffective
R04463,3,2,1,13.649,0.2935,0.1228,1.678,1,14.662,17.04,1,0,1,0,26.2,fan,55.86,15.24,0.875,1,0,-14.729,95.19,Inconsistent
R04464,2,3,1,58.662,2.2391,1.2632,2.016,0,3.039,20.528,0,1,0,0,23.6,pump,21.39,16.72,0.7214,1,0,-1.845,86.95,Ineffective
R04465,1,3,2,17.959,0.8376,-1.4027,2.162,0,-7.613,20.789,1,0,0,0,367.8,valve,30.32,8.92,0.9352,1,1,1.308,88.31,Ineffective
R04466,4,2,2,16.072,0.1547,1.8342,1.729,1,-22.024,17.235,0,0,0,0,29.3,fan,15.62,14.47,0.7417,0,1,5.201,100.0,Harmful
R04467,4,1,3,39.148,-1.7818,-0.2394,0.719,1,22.996,19.51,0,1,0,1,315.7,fan,26.73,12.56,0.7651,0,1,-0.406,43.97,Inconsistent
R04468,4,3,1,35.59,1.4882,0.5624,0.896,1,-9.71,20.131,0,0,1,0,172.1,fan,48.06,6.77,0.7825,1,0,27.636,85.88,Inconsistent
R04469,3,2,1,17.422,-0.0687,0.0718,1.581,0,-1.961,19.461,1,0,0,0,26.0,pump,12.65,11.21,0.3103,0,0,-1.935,77.84,Ineffective
R04470,2,4,2,41.87,1.2314,-0.0271,0.771,1,32.083,20.52,0,0,1,0,69.9,damper,32.42,3.04,0.7553,1,1,10.916,91.36,Inconsistent
R04471,4,3,1,10.335,0.5712,-0.3621,1.386,1,-9.302,17.53,0,0,0,0,149.9,damper,40.79,16.57,0.4655,0,0,12.255,70.31,Harmful
R04472,2,1,1,6.065,-0.3439,0.0302,0.612,1,-4.135,20.795,1,0,0,0,97.1,door,24.33,3.01,0.7813,1,0,5.288,96.17,Harmful
R04473,1,4,3,9.533,0.373,-0.6146,0.609,1,3.483,19.202,1,0,0,0,35.2,pump,51.06,7.24,0.7969,0,0,2.361,100.0,Harmful
R04474,4,1,3,25.068,1.5066,2.362,2.561,1,-24.089,18.377,1,0,0,1,333.8,fan,10.18,9.37,0.8479,0,0,1.479,17.4,Inconsistent
R04475,2,3,1,58.626,-0.4544,-0.5811,1.718,0,-25.827,19.101,0,0,0,0,252.3,valve,31.36,10.99,0.5349,1,0,-7.704,78.27,Protective
R04476,4,2,2,35.099,0.4396,1.5589,2.385,1,-7.224,18.357,0,0,0,0,56.2,damper,52.6,11.59,0.6481,0,0,8.081,85.68,Harmful
R04477,2,3,1,46.51,-1.6194,0.9272,0.232,0,-6.705,18.822,0,1,0,0,40.0,door,15.83,12.86,0.7723,1,0,-5.733,92.06,Protective
R04478,4,1,3,22.682,0.8912,0.7629,1.0,1,2.013,17.626,0,0,0,0,93.8,valve,19.6,18.5,0.7366,1,0,-0.23,91.98,Ineffective
R04479,3,1,2,44.564,-0.3119,0.2643,0.25,1,-14.67,20.379,0,0,0,0,367.8,fan,42.76,10.6,0.768,1,0,7.844,85.48,Harmful
R04480,2,4,2,58.14,0.8185,0.0938,0.209,0,6.51,18.558,1,0,0,0,61.7,damper,25.72,13.74,0.9432,0,1,10.15,99.35,Harmful
R04481,2,3,1,24.677,-0.8341,0.4722,0.29,0,-32.351,18.868,0,0,0,1,135.8,valve,22.35,3.61,0.8288,1,1,-5.009,47.21,Protective
R04482,4,1,3,59.948,-0.3957,0.0005,1.66,0,-1.054,20.638,0,1,0,0,387.5,damper,36.1,17.15,0.6769,0,1,-1.825,90.41,Ineffective
R04483,1,2,1,40.113,2.964,-1.1667,0.454,1,5.403,20.628,0,1,0,0,282.7,damper,41.6,8.08,0.8371,1,1,6.64,75.46,Harmful
R04484,2,4,2,46.173,0.4934,-1.4183,2.435,1,4.927,20.152,0,0,0,0,65.2,door,45.75,12.64,0.8991,0,0,16.734,87.28,Harmful
R04485,2,1,1,18.869,-0.5406,1.409,1.645,0,-2.442,17.12,1,0,0,0,170.0,fan,29.11,19.65,0.9194,0,0,-10.947,100.0,Protective
R04486,3,1,2,40.37,1.3856,-2.2347,0.887,1,-9.905,20.626,0,1,0,0,102.1,damper,39.46,15.64,0.8246,0,1,6.551,90.5,Harmful
R04487,2,3,1,33.105,-1.8853,0.0957,2.548,0,-2.878,17.755,1,0,0,0,50.9,valve,55.9,9.29,0.942,1,0,-10.027,97.51,Protective
R04488,3,1,2,57.602,2.0508,0.165,1.627,1,18.509,18.753,0,1,0,0,100.1,pump,57.52,10.13,0.641,0,0,3.787,85.55,Harmful
R04489,2,3,1,54.757,1.7939,0.5608,1.182,1,-8.992,20.612,0,0,0,0,85.2,pump,41.63,4.62,0.573,1,0,9.474,77.29,Harmful
R04490,1,2,1,26.817,0.4245,-1.24,1.79,0,14.672,17.38,0,0,0,0,51.6,damper,36.9,13.36,0.7657,1,1,-9.958,95.02,Protective
R04491,1,2,1,57.078,-3.4771,0.2507,2.083,0,17.059,17.532,0,0,0,1,78.2,pump,47.12,11.95,0.7367,1,0,-9.4,13.61,Inconsistent
R04492,3,1,2,53.665,-0.3594,0.106,1.765,0,-26.038,19.304,1,0,0,0,186.2,pump,55.43,12.67,0.5727,1,1,-10.697,100.0,Protective
R04493,2,4,2,37.471,-1.3729,2.661,2.812,0,-1.922,18.871,1,1,0,0,103.9,fan,21.25,6.82,0.887,1,0,-1.656,95.56,Ineffective
R04494,2,4,2,9.516,1.9241,0.53,1.191,1,-14.666,18.559,0,0,0,1,173.8,valve,28.63,14.79,0.621,1,0,7.006,50.13,Harmful
R04495,3,1,2,13.843,0.9526,1.2482,1.348,0,-22.528,20.239,1,0,0,0,64.3,pump,11.11,7.37,0.5997,0,0,6.784,88.01,Harmful
R04496,2,4,2,9.228,0.288,-1.5987,2.605,0,11.88,20.579,1,0,0,0,31.1,fan,58.36,10.05,0.8238,1,0,-8.371,100.0,Protective
R04497,2,1,1,10.94,-0.4031,1.4201,1.985,1,7.1,20.966,0,0,0,0,35.2,pump,50.88,4.69,0.6738,1,0,2.566,86.1,Harmful
R04498,1,4,3,58.732,2.2943,0.6263,2.906,1,3.952,17.492,1,1,0,1,177.1,valve,13.83,14.87,0.776,1,1,10.544,20.1,Inconsistent
R04499,2,3,1,16.669,-0.3623,0.1697,2.418,0,-16.282,19.705,1,0,1,0,86.0,fan,53.45,5.16,0.7978,0,0,-9.864,84.27,Inconsistent
R04500,3,2,1,42.997,2.6054,0.6836,1.636,1,3.157,20.485,1,0,0,0,123.0,valve,45.37,12.57,0.4265,0,0,17.719,78.28,Harmful
R04501,3,4,1,40.009,0.1654,1.6063,1.977,0,-19.657,17.962,0,0,0,0,37.4,damper,53.14,16.86,0.5948,0,1,-22.309,85.79,Protective
R04502,4,1,3,39.713,1.3068,0.6551,1.337,1,1.159,18.92,0,0,0,0,231.7,pump,52.56,12.62,0.6649,0,0,1.46,78.72,Harmful
R04503,4,2,2,16.369,-0.5603,-0.8841,0.557,0,-9.923,17.029,1,0,0,0,398.3,damper,22.38,12.89,0.8232,1,1,-0.14,92.58,Ineffective
R04504,1,2,1,36.864,1.307,-0.7159,1.34,0,15.762,17.538,1,0,0,0,288.2,pump,24.58,17.84,0.6965,1,1,7.873,64.37,Harmful
R04505,2,4,2,39.405,0.5084,0.7171,0.988,0,-5.447,17.502,1,0,0,0,146.1,pump,26.91,19.95,0.4568,1,0,-2.54,87.07,Ineffective
R04506,2,3,1,36.372,1.3429,0.3475,2.099,0,3.469,19.83,1,0,0,0,28.4,pump,44.77,5.51,0.9227,0,1,-7.064,95.21,Protective
R04507,3,1,2,15.239,0.9775,-1.1305,2.074,1,3.501,19.489,1,0,0,0,47.2,damper,43.0,10.57,0.8299,1,0,1.713,100.0,Harmful
R04508,2,1,1,44.768,-0.147,0.4146,2.825,0,-1.137,17.155,0,0,0,0,322.7,fan,34.4,8.53,0.9644,0,1,-8.89,90.81,Protective
R04509,4,3,1,9.028,0.4951,-1.1823,0.422,0,1.58,19.383,0,0,0,0,528.9,damper,37.21,3.26,0.8202,1,0,-2.292,82.58,Ineffective
R04510,2,3,1,37.516,1.3425,0.3383,1.509,0,4.557,17.273,0,0,0,0,26.3,damper,32.54,8.6,0.985,1,0,-9.137,100.0,Protective
R04511,3,1,2,28.994,0.9167,-0.9056,1.316,0,-13.446,17.809,0,0,0,1,147.9,valve,26.25,14.59,0.9596,0,0,-0.475,17.02,Inconsistent
R04512,1,3,2,18.766,0.0382,-0.3815,1.677,0,6.044,20.605,0,0,0,0,71.1,door,50.7,17.33,0.8129,0,0,-10.479,93.27,Protective
R04513,4,2,2,49.406,-1.9572,-0.6448,0.535,0,12.958,18.789,0,1,0,0,109.5,pump,38.57,16.8,0.8953,1,1,-9.409,100.0,Protective
R04514,4,2,2,14.674,0.7104,1.4189,1.576,0,5.96,20.125,0,1,0,0,90.3,door,48.28,2.36,0.7321,1,1,1.787,92.32,Ineffective
R04515,4,3,1,56.314,-1.5387,0.3018,2.04,0,-5.313,18.257,0,0,0,0,28.9,damper,17.96,9.11,0.7911,1,1,-2.487,100.0,Ineffective
R04516,2,4,2,53.651,-0.065,1.1611,1.079,0,2.616,17.443,0,0,0,0,149.5,fan,22.33,19.08,0.7102,1,0,-3.9,85.01,Ineffective
R04517,1,2,1,24.832,0.6842,3.2952,2.021,1,-5.456,20.553,0,0,0,1,55.2,door,30.27,11.96,0.8188,0,0,8.862,31.52,Inconsistent
R04518,3,2,1,21.783,-0.6178,0.4468,0.944,1,-1.781,17.655,0,0,0,0,159.6,door,21.22,19.64,0.6276,1,0,5.92,92.27,Harmful
R04519,2,1,1,12.562,0.2725,1.402,1.234,0,-17.815,18.399,0,0,0,0,137.5,pump,40.51,8.2,0.4865,1,0,-3.444,78.35,Ineffective
R04520,4,1,3,55.398,2.9543,-0.2995,2.74,1,20.701,19.805,1,0,0,0,129.3,valve,45.72,9.2,0.8685,0,0,9.794,88.74,Harmful
R04521,3,1,2,39.514,0.4874,1.6549,0.27,1,29.032,19.367,0,0,0,0,134.3,fan,21.35,10.2,0.8588,1,1,6.849,93.31,Harmful
R04522,3,2,1,6.748,1.5659,-0.4075,0.964,1,-10.559,20.712,0,0,0,0,358.2,pump,10.65,17.35,0.6023,1,0,5.067,85.33,Harmful
R04523,4,2,2,33.105,2.2557,-0.1184,2.82,0,11.793,20.951,0,0,0,0,132.4,door,40.33,7.22,0.6379,0,0,-5.528,94.52,Protective
R04524,4,2,2,9.719,0.7626,0.4369,0.612,0,21.868,17.587,0,0,1,0,282.2,valve,59.06,9.87,0.7903,0,0,-15.781,88.15,Inconsistent
R04525,2,1,1,36.556,-0.7448,0.5942,1.313,0,-14.364,17.906,1,0,0,0,162.2,pump,26.37,16.14,0.7677,0,1,-7.938,94.45,Protective
R04526,1,4,3,32.993,0.137,-1.3726,1.471,0,-32.376,19.557,1,0,0,0,98.4,fan,41.72,7.95,0.7582,1,1,-3.673,100.0,Ineffective
R04527,1,3,2,9.557,0.3808,-0.967,2.027,0,22.752,17.587,0,0,0,0,278.2,damper,12.4,9.34,0.9351,0,0,-0.483,98.85,Ineffective
R04528,2,3,1,49.872,2.2338,1.0115,1.913,1,-0.155,19.169,0,0,0,1,154.9,pump,38.44,17.85,0.7791,0,1,6.954,34.4,Inconsistent
R04529,3,1,2,19.427,2.0141,0.0323,1.955,1,-7.792,18.491,1,0,0,0,226.0,damper,38.0,8.34,0.9027,1,1,10.167,95.74,Harmful
R04530,1,4,3,34.782,-1.9699,-0.9973,2.833,1,0.71,20.553,1,0,0,1,95.2,fan,38.36,11.85,0.762,0,1,2.225,38.63,Inconsistent
R04531,1,2,1,40.147,-0.0562,0.329,1.3,1,-5.536,20.672,0,0,0,0,57.9,valve,34.29,3.22,0.698,1,1,3.507,96.02,Harmful
R04532,3,1,2,57.927,-0.17,-0.219,1.571,0,44.392,18.035,0,0,0,0,168.2,pump,32.53,19.11,0.7576,1,0,2.711,88.96,Ineffective
R04533,4,2,2,32.16,-0.2153,0.5769,2.899,1,-7.961,17.383,1,0,0,0,120.5,fan,53.25,13.91,0.6985,1,0,8.908,100.0,Harmful
R04534,1,2,1,55.452,-3.8001,0.4292,0.559,0,4.91,20.964,0,0,0,0,85.2,damper,10.66,19.33,0.9839,0,1,-12.652,100.0,Protective
R04535,3,1,2,24.517,-0.8256,0.3657,2.855,0,19.384,17.6,1,1,0,0,130.7,door,28.74,16.62,0.7304,1,0,-3.315,98.94,Ineffective
R04536,1,4,3,52.159,0.7964,-0.3682,2.855,1,19.311,17.694,1,0,0,0,24.2,fan,30.83,15.74,0.8319,0,1,9.174,92.74,Harmful
R04537,3,4,1,17.97,-0.6253,-0.5108,2.87,0,16.44,18.009,0,0,0,0,27.0,fan,51.44,4.43,0.8021,0,0,-9.879,88.86,Protective
R04538,4,2,2,43.911,-1.0969,0.8278,0.388,0,-6.385,18.363,1,1,0,0,88.5,door,29.48,10.76,0.577,0,1,0.25,96.12,Ineffective
R04539,4,3,1,9.874,-0.0585,-0.6432,1.817,0,-2.281,17.591,1,0,0,0,77.5,fan,14.46,2.28,0.9325,1,1,2.817,91.11,Ineffective
R04540,3,4,1,59.233,0.2431,-0.4951,2.547,0,-32.617,18.289,1,0,0,0,50.5,valve,16.13,12.11,0.9495,0,0,8.052,86.78,Harmful
R04541,3,1,2,57.467,-0.5686,-1.6043,1.078,0,-1.117,17.088,0,0,0,0,34.5,valve,16.02,19.23,0.9195,0,0,-3.089,100.0,Ineffective
R04542,4,1,3,29.322,1.2717,-0.1287,1.854,0,0.492,20.204,0,0,0,0,91.6,pump,40.19,8.95,0.5838,1,0,7.006,98.94,Harmful
R04543,3,1,2,33.816,-0.0423,0.2453,0.918,0,11.126,18.054,0,0,0,0,106.5,pump,36.51,8.26,0.6625,1,0,-2.602,79.42,Ineffective
R04544,2,4,2,37.878,-0.0715,-1.5755,0.563,1,26.932,20.271,0,0,0,0,55.3,pump,22.47,7.15,0.6981,1,0,-2.671,100.0,Ineffective
R04545,4,1,3,20.127,-1.2245,-1.1703,2.586,0,10.67,19.588,0,0,0,0,65.5,door,19.45,12.36,0.5542,0,0,-0.932,82.18,Ineffective
R04546,3,4,1,42.096,0.587,-1.0217,2.947,1,16.06,18.922,0,0,0,1,178.3,pump,55.48,18.28,0.9367,0,0,5.964,18.84,Inconsistent
R04547,4,2,2,43.421,1.9134,1.1884,0.395,1,-0.262,20.889,0,0,0,0,157.4,fan,39.3,12.6,0.9238,1,0,8.407,100.0,Harmful
R04548,3,2,1,33.879,-0.0237,-1.5124,0.54,1,19.264,18.547,1,1,0,0,132.6,valve,52.17,15.57,0.8124,0,0,-9.458,92.08,Protective
R04549,4,1,3,13.126,1.3959,0.3213,1.848,1,0.167,17.714,1,0,0,0,269.8,fan,23.23,8.63,0.5791,1,1,3.818,88.37,Harmful
R04550,1,4,3,55.555,0.8946,1.1179,0.442,1,17.109,19.31,0,0,0,0,246.4,damper,33.73,8.66,0.7568,1,1,4.696,86.29,Harmful
R04551,1,2,1,11.327,2.7932,0.5878,1.967,1,12.067,17.561,0,0,0,0,39.4,pump,22.85,6.27,0.7245,0,0,10.142,99.34,Harmful
R04552,1,3,2,39.604,1.1903,-0.04,2.215,1,5.891,18.107,0,0,0,0,35.8,door,17.98,3.74,0.5369,0,1,5.902,98.05,Harmful
R04553,3,1,2,10.67,-0.7982,0.2465,1.361,0,-23.111,20.631,0,0,0,1,36.5,damper,29.46,17.04,0.6384,1,1,2.234,25.15,Inconsistent
R04554,3,1,2,13.036,0.6364,0.937,2.317,0,16.4,20.569,1,0,0,1,900.0,fan,10.16,15.08,0.4748,1,0,0.939,19.95,Inconsistent
R04555,1,2,1,6.13,0.67,-0.2076,0.518,0,5.672,18.863,0,1,0,0,91.9,fan,54.5,4.36,0.504,0,0,-4.625,82.3,Ineffective
R04556,1,4,3,24.985,0.403,-1.8389,1.043,1,10.539,18.913,0,0,0,0,491.8,valve,32.49,11.68,0.613,1,0,4.572,82.8,Harmful
R04557,4,1,3,40.177,-1.264,1.0477,2.461,0,4.703,19.267,0,1,0,0,131.4,fan,16.18,13.25,0.9301,0,1,-4.451,87.48,Ineffective
R04558,4,3,1,33.685,1.336,0.8003,0.447,1,7.289,17.337,1,0,0,1,127.4,damper,33.35,17.57,0.8472,1,0,5.558,54.89,Harmful
R04559,3,1,2,42.1,0.8635,0.3669,0.998,1,19.51,18.013,1,0,0,0,132.1,door,53.53,4.54,0.5429,1,1,6.53,86.78,Harmful
R04560,2,4,2,42.126,-0.7166,-1.5804,1.939,1,-7.109,19.32,0,1,1,0,158.9,damper,57.87,4.04,0.8316,1,0,-7.555,95.11,Inconsistent
R04561,2,3,1,12.71,0.1545,-0.3983,0.893,0,7.015,18.285,0,1,0,0,47.0,pump,10.09,6.64,0.5776,1,0,-0.059,88.53,Ineffective
R04562,1,3,2,8.154,-0.737,-0.9755,1.546,0,-11.662,17.854,0,0,0,1,147.4,fan,58.74,6.3,0.6825,0,1,-1.901,46.22,Ineffective
R04563,1,4,3,39.395,-1.6156,-1.3163,2.544,0,8.65,19.589,0,0,0,0,128.2,damper,26.18,4.65,0.751,0,1,-2.372,84.81,Ineffective
R04564,4,3,1,40.927,-0.4521,-0.2364,0.955,0,3.769,19.266,0,0,0,0,55.9,valve,45.35,17.79,0.8828,0,0,-11.455,77.53,Protective
R04565,2,1,1,35.619,2.0829,-0.136,1.42,1,-9.465,18.308,0,0,0,0,34.3,valve,47.64,19.88,0.8069,1,1,17.904,99.18,Harmful
R04566,3,4,1,18.517,1.1081,-0.5701,0.251,0,1.405,20.75,0,1,0,0,244.5,valve,55.32,13.79,0.8425,1,1,-3.816,81.54,Ineffective
R04567,3,1,2,49.592,1.7468,1.1396,2.183,1,-8.531,20.111,1,0,0,0,442.8,door,30.49,15.63,0.7252,1,0,-2.718,84.82,Ineffective
R04568,2,4,2,9.163,1.0692,0.6556,1.194,1,-5.67,19.385,1,0,1,1,48.5,door,48.31,11.44,0.8811,0,1,-3.768,49.73,Inconsistent
R04569,1,4,3,39.777,0.4958,-0.5955,2.608,0,5.322,17.838,1,0,0,0,152.6,door,44.26,13.24,0.5727,0,0,-8.153,92.29,Protective
R04570,3,2,1,11.623,-0.0014,-0.7224,0.448,0,4.026,19.592,1,0,0,0,101.4,pump,26.27,17.31,0.4968,0,0,-6.55,80.18,Protective
R04571,1,4,3,40.995,-0.3051,-0.0549,2.39,1,-28.807,19.751,0,0,0,0,61.2,valve,51.31,17.95,0.7616,0,1,10.606,87.61,Harmful
R04572,2,3,1,27.975,-0.1055,0.1526,2.479,1,5.557,19.325,1,0,0,0,154.7,pump,54.59,7.87,0.5485,0,0,13.288,90.96,Harmful
R04573,4,1,3,44.496,0.1928,0.9841,2.373,1,-4.55,19.552,1,0,0,0,207.5,door,38.34,16.35,0.3603,0,0,6.328,83.53,Harmful
R04574,3,2,1,7.871,2.2014,-0.6426,2.256,1,-6.215,17.649,0,0,0,0,71.3,pump,50.96,2.29,0.7414,1,0,5.269,96.91,Harmful
R04575,4,3,1,35.53,1.8767,1.8584,0.866,1,-16.907,18.34,0,0,0,0,170.8,pump,41.24,4.19,0.7938,0,1,12.483,83.95,Harmful
R04576,1,3,2,12.968,-1.1799,0.4848,1.367,0,-0.681,20.563,0,0,0,0,126.3,pump,49.46,7.28,0.7347,1,1,-0.729,83.13,Ineffective
R04577,1,2,1,42.531,0.8534,-2.3379,1.281,1,-7.845,17.548,0,0,0,0,26.5,valve,40.91,10.88,0.959,1,0,10.579,100.0,Harmful
R04578,2,3,1,11.598,0.3974,0.4853,0.875,1,19.103,19.359,1,0,0,1,305.6,valve,44.65,6.18,0.9235,1,1,8.902,34.26,Inconsistent
R04579,2,1,1,9.047,0.6449,1.4407,1.577,1,-26.241,20.591,1,0,0,0,265.0,damper,11.88,17.67,0.8657,1,0,4.419,82.3,Harmful
R04580,1,3,2,44.222,-0.636,0.2887,2.153,0,-14.459,17.057,1,1,1,0,64.7,damper,14.82,11.75,0.5316,1,1,-9.506,87.85,Inconsistent
R04581,4,2,2,8.494,2.2057,-0.0123,1.54,1,-15.474,20.868,0,0,0,0,184.6,door,30.67,9.44,0.5872,1,1,10.592,100.0,Harmful
R04582,1,4,3,17.349,0.7811,0.3389,2.929,1,3.88,20.533,0,0,0,1,158.5,fan,49.47,16.29,0.8927,1,1,4.061,53.95,Harmful
R04583,3,4,1,50.36,0.1162,0.0783,2.185,0,17.597,19.86,1,0,0,0,68.8,fan,13.18,14.7,0.9306,1,0,-0.582,90.88,Ineffective
R04584,3,2,1,49.533,0.1243,0.6696,1.44,0,7.547,19.837,1,0,0,0,20.3,valve,10.68,15.57,0.6687,1,0,-0.291,87.56,Ineffective
R04585,3,4,1,51.977,-0.2278,-1.0151,1.331,1,-16.42,20.471,0,0,0,0,199.4,valve,20.9,7.83,0.8165,1,0,1.731,85.54,Harmful
R04586,1,4,3,22.935,0.0086,-0.705,1.834,0,-6.438,17.684,1,0,0,0,34.5,fan,53.02,7.65,0.7845,1,0,-0.783,100.0,Ineffective
R04587,2,1,1,34.043,1.8623,2.0386,1.409,1,-12.138,19.8,1,1,0,0,182.1,fan,54.36,7.4,0.9121,1,0,11.375,100.0,Harmful
R04588,3,1,2,47.534,1.3727,-0.0671,0.821,0,7.616,18.374,0,0,0,1,143.0,damper,24.72,16.23,0.4211,1,0,-2.422,15.31,Inconsistent
R04589,2,3,1,12.534,-0.3478,1.9279,1.659,1,-6.744,20.503,0,0,0,0,756.7,fan,44.09,8.87,0.9119,0,0,9.925,83.34,Harmful
R04590,3,4,1,44.841,-1.6186,2.8856,2.084,0,-21.192,19.133,1,0,0,0,57.1,door,45.17,4.21,0.734,1,1,-10.99,91.99,Protective
R04591,1,2,1,10.362,-0.0379,-0.592,1.204,0,8.771,20.063,1,0,0,0,110.9,fan,10.05,11.03,0.8849,1,1,-3.844,100.0,Ineffective
R04592,1,4,3,55.229,1.0092,-1.2973,0.993,0,18.949,17.668,0,0,0,0,26.4,door,28.71,5.79,0.633,0,0,-4.135,97.26,Ineffective
R04593,3,4,1,40.052,0.2596,-0.3655,0.809,0,-2.68,17.968,1,1,0,1,87.0,damper,17.5,12.39,0.7316,1,1,-3.565,31.93,Inconsistent
R04594,3,1,2,32.132,1.4803,1.499,1.216,1,1.806,20.353,1,1,0,0,209.1,pump,27.31,11.45,0.6874,0,0,-0.08,77.24,Ineffective
R04595,1,3,2,31.66,-1.4602,1.1389,0.884,0,-22.595,18.581,0,0,0,0,34.9,pump,23.26,6.89,0.7605,1,0,-0.586,100.0,Ineffective
R04596,4,3,1,14.975,0.228,2.672,2.337,1,-30.889,19.111,0,1,0,0,256.5,damper,13.81,18.66,0.3898,1,0,6.571,83.9,Harmful
R04597,1,4,3,24.025,-1.3961,0.3632,1.988,1,-27.736,19.902,1,0,0,0,30.7,fan,59.3,9.93,0.907,0,0,6.156,100.0,Harmful
R04598,4,2,2,44.992,0.6575,0.8881,1.003,1,-0.671,17.679,0,0,0,0,38.6,pump,35.06,11.58,0.5987,1,0,7.603,100.0,Harmful
R04599,3,2,1,34.752,-2.2642,-0.8118,2.977,0,-4.619,18.21,0,1,0,0,44.2,door,17.25,14.86,0.8909,1,0,-9.611,90.54,Protective
R04600,4,2,2,34.112,1.2327,-2.607,2.008,0,8.193,18.303,1,1,0,0,179.9,valve,21.72,13.48,0.7476,1,0,-1.059,92.12,Ineffective
R04601,4,2,2,15.739,1.4548,-0.1397,0.599,0,-2.965,20.667,1,0,0,0,86.9,door,11.84,2.72,0.5186,0,1,-0.461,78.66,Ineffective
R04602,2,3,1,42.97,0.0406,-1.2538,2.522,0,14.816,17.55,0,0,0,1,51.2,pump,25.0,10.87,0.3276,0,1,-7.17,56.66,Protective
R04603,4,1,3,26.562,-1.6126,0.5434,2.31,0,13.084,18.485,0,0,0,0,147.3,valve,13.22,18.24,0.5566,1,0,-8.596,79.38,Protective
R04604,1,3,2,15.051,0.2757,-1.9814,1.6,0,-4.837,20.837,1,0,0,0,115.2,pump,22.38,18.0,0.6539,1,1,-0.528,76.77,Ineffective
R04605,2,3,1,56.908,1.7591,-0.8393,0.854,0,-15.052,20.339,0,0,0,0,120.8,pump,31.77,4.32,0.8588,0,0,-6.125,86.59,Protective
R04606,1,2,1,32.874,1.2757,0.6677,2.47,1,-28.742,19.682,0,1,0,0,216.9,pump,43.58,7.36,0.6581,1,0,7.731,82.15,Harmful
R04607,2,4,2,34.042,1.985,0.7724,0.549,1,21.504,19.196,1,0,0,0,95.1,pump,51.63,6.95,0.956,1,1,3.992,90.74,Harmful
R04608,4,2,2,58.975,-0.5852,-0.1474,1.37,0,-14.138,20.355,1,0,0,0,265.4,door,12.75,18.49,0.598,1,0,-0.006,85.11,Ineffective
R04609,2,1,1,25.152,-0.9712,1.7673,2.489,0,-22.447,20.786,0,0,0,0,68.6,valve,22.33,19.43,0.9107,1,0,-2.788,100.0,Ineffective
R04610,1,4,3,56.866,0.7291,1.9695,2.444,1,1.948,20.696,0,0,1,0,65.7,valve,16.78,9.9,0.7233,1,0,9.66,82.4,Inconsistent
R04611,2,1,1,43.221,-1.1267,-0.2843,1.964,1,-22.313,19.556,0,0,0,1,264.2,damper,27.41,14.52,0.6893,0,0,5.6,33.11,Inconsistent
R04612,4,1,3,39.82,3.0641,2.0094,0.222,1,1.933,19.912,0,1,0,0,318.0,damper,18.82,5.01,0.9706,0,0,4.255,94.52,Harmful
R04613,3,1,2,17.893,0.9397,2.1622,1.133,1,-5.045,20.101,1,0,0,1,36.7,pump,21.76,13.88,0.6896,1,0,1.291,42.72,Inconsistent
R04614,3,2,1,7.847,0.7668,-0.2239,2.589,0,13.855,20.237,0,0,0,0,38.7,door,55.87,2.86,0.5656,0,0,-3.109,89.87,Ineffective
R04615,2,4,2,29.078,0.3385,0.4454,2.22,1,12.55,19.932,0,0,0,0,25.1,damper,42.07,3.41,0.5278,1,1,-0.541,95.51,Ineffective
R04616,2,4,2,5.559,-0.7431,0.3493,2.47,1,16.55,17.72,0,0,0,0,56.5,door,53.33,9.09,0.8485,1,1,1.63,87.05,Harmful
R04617,3,1,2,8.905,1.3258,-0.745,0.376,0,3.094,20.038,0,0,0,0,148.6,damper,37.18,17.42,0.6955,1,0,-5.344,89.64,Protective
R04618,3,1,2,37.743,-0.3241,-0.1457,2.834,1,-12.875,18.562,0,0,0,1,157.1,pump,50.99,2.23,0.7737,1,0,4.608,22.71,Inconsistent
R04619,4,2,2,44.846,1.1488,1.7193,0.841,1,-15.553,17.799,0,0,0,0,41.4,fan,27.48,7.95,0.843,1,1,6.312,99.66,Harmful
R04620,3,4,1,14.237,0.3431,0.3374,1.13,0,-7.96,17.41,0,0,0,0,32.2,pump,22.22,13.42,0.3628,0,0,-2.345,87.3,Ineffective
R04621,4,2,2,45.288,0.874,-0.1542,2.554,1,29.914,17.961,1,0,0,0,140.8,valve,37.44,7.52,0.4805,0,0,1.306,89.81,Harmful
R04622,4,1,3,57.235,-0.8846,-1.026,1.337,0,-3.738,19.031,1,0,0,0,73.2,pump,57.11,2.13,0.5413,0,1,-1.524,91.73,Ineffective
R04623,1,4,3,45.875,-0.2496,-0.8581,2.001,0,2.415,17.988,0,1,1,0,63.9,fan,51.75,11.56,0.7499,1,1,-27.78,98.19,Inconsistent
R04624,2,1,1,48.159,-1.0501,-0.2639,1.747,0,22.779,19.664,0,1,0,0,51.7,valve,22.16,4.22,0.9463,1,0,-5.083,99.29,Protective
R04625,2,4,2,43.539,1.6092,1.3132,2.625,1,3.819,20.858,0,0,0,0,111.1,door,57.74,7.67,0.6656,0,1,14.395,86.22,Harmful
R04626,1,3,2,17.361,0.4715,-0.9601,0.637,0,-11.23,17.176,0,0,0,0,54.4,damper,36.25,18.19,0.627,1,1,-1.435,97.17,Ineffective
R04627,1,4,3,24.849,-0.1214,0.8017,0.474,0,10.952,17.523,1,0,1,0,153.2,valve,31.05,12.68,0.8358,1,0,1.048,87.12,Inconsistent
R04628,4,2,2,57.21,-0.6684,0.097,1.971,0,-6.427,17.989,1,0,0,1,597.2,valve,24.41,15.17,0.6068,0,0,2.118,8.45,Inconsistent
R04629,2,4,2,41.367,2.9073,0.5428,2.565,1,4.337,20.217,0,1,0,0,409.4,pump,41.36,4.86,0.5948,0,1,6.143,85.83,Harmful
R04630,1,2,1,48.396,-0.5021,1.4258,2.785,1,7.682,18.085,1,0,0,0,254.3,pump,38.94,15.46,0.678,1,1,8.025,85.45,Harmful
R04631,2,3,1,58.278,-0.7446,1.2434,1.32,1,-7.415,17.766,0,0,0,0,27.1,valve,51.25,5.04,0.6468,1,0,11.915,88.13,Harmful
R04632,2,3,1,17.729,-0.182,-1.5045,2.258,0,2.796,17.611,0,1,0,0,60.5,valve,55.74,17.78,0.7484,0,0,-10.301,100.0,Protective
R04633,1,2,1,22.693,-0.358,-1.184,1.294,0,24.001,17.6,0,0,0,0,119.8,pump,47.32,14.42,0.9646,1,0,-13.99,77.89,Protective
R04634,1,4,3,40.464,1.8976,0.1705,1.093,1,-9.398,19.879,0,0,0,0,136.6,fan,19.25,14.07,0.8172,0,1,6.368,98.62,Harmful
R04635,4,2,2,6.34,0.5461,0.256,0.268,0,19.753,19.832,0,0,0,0,265.0,door,16.62,5.96,0.4697,0,0,3.007,66.1,Ineffective
R04636,4,3,1,36.417,-0.0705,1.2646,0.9,0,-8.857,18.245,0,0,0,1,283.3,damper,36.8,9.77,0.8714,1,0,4.132,26.76,Inconsistent
R04637,2,4,2,49.478,0.4003,-0.0349,0.676,0,27.031,18.798,0,0,0,0,136.6,valve,17.68,2.71,0.5648,0,1,1.396,92.73,Ineffective
R04638,3,2,1,38.574,1.2822,2.1037,0.952,1,-12.832,19.513,0,0,0,0,218.5,fan,40.86,8.23,0.7866,0,1,13.138,93.7,Harmful
R04639,4,2,2,21.247,2.0036,-0.8067,1.008,0,-5.908,20.9,0,0,0,0,48.9,damper,18.08,2.41,0.79,1,0,-0.31,89.13,Ineffective
R04640,4,2,2,44.826,0.1534,-0.6376,2.605,0,22.624,19.973,0,0,0,0,108.7,valve,21.61,2.11,0.7021,0,0,1.429,93.42,Ineffective
R04641,1,4,3,13.032,-0.7811,-0.4057,0.769,0,23.283,20.212,0,1,0,0,286.5,pump,14.19,5.26,0.9355,0,1,3.976,86.57,Ineffective
R04642,4,2,2,54.213,0.0985,-0.9172,2.494,0,12.276,20.911,0,0,0,0,60.1,door,51.85,14.19,0.8817,1,0,-8.972,86.59,Protective
R04643,1,2,1,10.55,-2.7187,1.0594,2.606,0,-16.228,18.524,0,0,0,0,83.7,door,39.48,6.2,0.5806,1,0,-6.728,81.09,Protective
R04644,1,3,2,52.492,0.7674,-2.3698,1.499,1,1.236,17.276,0,0,0,1,35.0,door,27.32,18.2,0.7357,1,1,-1.648,12.64,Inconsistent
R04645,2,4,2,32.38,0.993,-0.6036,2.229,0,0.019,19.988,1,1,0,0,74.3,fan,29.83,11.95,0.5019,0,1,-3.246,90.48,Ineffective
R04646,3,1,2,28.576,1.4022,1.5482,1.092,1,-12.837,17.484,0,0,0,0,212.9,valve,16.73,10.08,0.7477,0,1,6.939,100.0,Harmful
R04647,1,4,3,32.536,0.1986,-0.4123,0.25,0,10.453,18.754,1,0,0,0,230.5,pump,52.4,9.62,0.8917,0,1,-3.091,94.69,Ineffective
R04648,2,1,1,16.011,0.5492,0.9729,2.187,0,-11.65,19.953,0,0,0,0,54.8,pump,25.25,10.08,0.5848,1,1,-6.558,84.81,Protective
R04649,2,4,2,30.173,1.0033,2.0977,1.898,0,-19.359,19.233,1,0,0,1,99.5,fan,13.56,5.78,0.5413,0,0,0.056,16.72,Inconsistent
R04650,2,3,1,51.735,1.3252,-0.0196,1.492,0,-24.313,18.469,0,1,0,0,496.0,door,27.96,9.53,0.7974,0,0,-3.147,79.19,Ineffective
R04651,4,2,2,49.053,1.2475,1.5689,2.716,1,25.684,19.057,1,0,0,1,45.4,door,22.15,2.25,0.5694,1,0,3.769,13.9,Inconsistent
R04652,2,1,1,13.968,0.4839,2.8191,2.236,1,-7.657,17.981,0,0,0,0,64.2,door,30.38,9.48,0.7834,1,0,7.34,85.7,Harmful
R04653,1,2,1,42.038,-2.4135,0.3021,1.392,0,-7.343,17.297,1,0,0,0,82.0,pump,53.01,8.87,0.6743,1,0,-12.84,85.4,Protective
R04654,1,4,3,52.126,1.7782,0.3519,0.349,1,-15.46,18.65,0,0,0,0,100.9,pump,47.25,2.77,0.7558,0,1,5.79,90.65,Harmful
R04655,1,3,2,50.087,1.3152,1.3025,2.653,1,20.519,17.233,1,1,0,0,113.8,door,22.18,12.95,0.5958,1,0,6.305,80.79,Harmful
R04656,1,4,3,28.41,0.0527,1.0842,2.957,0,-20.704,20.919,0,0,0,0,124.1,fan,26.07,16.15,0.4708,1,0,0.521,92.19,Ineffective
R04657,3,2,1,7.645,0.1119,0.3612,1.977,1,-18.062,18.791,0,1,1,0,86.4,fan,31.65,5.44,0.5494,0,0,-5.281,95.65,Inconsistent
R04658,2,1,1,56.214,1.7652,-0.0838,2.351,1,-4.827,20.529,0,0,0,0,47.0,pump,18.07,10.3,0.6979,1,1,7.747,90.7,Harmful
R04659,2,1,1,26.774,0.5428,2.1174,1.617,1,-0.324,20.807,0,0,0,0,157.9,fan,24.25,18.44,0.9748,1,0,11.978,82.0,Harmful
R04660,4,1,3,24.854,-0.1344,-0.3706,0.863,0,9.88,18.797,0,0,1,0,263.4,damper,25.42,18.19,0.7,0,0,-8.993,88.84,Inconsistent
R04661,3,1,2,46.773,0.744,1.5937,2.754,1,-10.134,18.681,0,0,0,0,238.0,valve,19.44,6.68,0.5411,1,1,4.646,88.47,Harmful
R04662,1,2,1,19.518,0.3499,0.1629,2.127,0,23.165,20.574,0,0,0,0,149.3,door,23.67,5.97,0.7287,0,0,-5.674,82.89,Protective
R04663,2,3,1,50.911,-0.3486,2.227,1.736,1,-10.032,17.139,0,1,0,0,254.4,fan,31.23,5.94,0.742,1,0,5.649,78.27,Harmful
R04664,2,3,1,9.183,1.3626,-0.449,2.11,1,-15.129,18.949,0,0,0,0,38.3,door,52.39,12.6,0.8661,1,0,13.336,100.0,Harmful
R04665,4,3,1,45.739,0.0791,-0.451,1.633,1,-16.557,18.074,1,1,0,0,155.2,fan,44.0,17.11,0.5576,1,0,9.297,80.15,Harmful
R04666,2,4,2,58.118,0.1142,1.2545,0.363,1,-11.608,20.011,1,0,0,0,146.8,pump,13.35,6.38,0.8713,1,1,7.199,89.24,Harmful
R04667,1,4,3,59.767,0.7852,-1.2303,2.049,0,-17.528,20.347,0,0,0,0,139.2,fan,35.42,13.57,0.4051,0,1,-6.854,75.87,Protective
R04668,3,4,1,55.809,-0.195,0.5166,0.215,1,11.264,19.48,1,1,0,0,69.5,pump,21.74,14.78,0.95,1,1,4.65,92.02,Harmful
R04669,2,3,1,52.892,1.6834,1.9484,0.817,1,-15.013,18.628,0,0,0,0,157.6,fan,10.06,4.42,0.5814,1,0,1.201,82.33,Harmful
R04670,1,4,3,20.338,0.9014,-1.3848,0.637,1,-1.992,19.22,0,0,0,0,227.6,door,38.27,3.61,0.9572,0,0,-0.821,92.87,Ineffective
R04671,3,2,1,58.166,-0.8483,0.8021,1.152,1,-15.443,19.297,1,1,0,1,82.1,fan,19.96,3.59,0.6532,1,0,-1.118,28.66,Inconsistent
R04672,1,4,3,56.034,2.1645,1.6117,2.743,1,-17.617,19.541,1,0,0,0,166.1,valve,42.35,10.11,0.3867,1,1,6.484,63.59,Harmful
R04673,4,1,3,34.39,1.1103,0.3741,0.423,1,16.598,20.689,0,0,0,0,70.1,damper,23.04,6.62,0.5602,1,1,6.683,89.44,Harmful
R04674,4,2,2,27.114,0.2941,-1.0271,1.201,0,24.042,17.996,0,0,0,0,108.5,valve,22.1,8.42,0.5304,0,1,0.613,81.16,Ineffective
R04675,2,3,1,11.01,1.8072,0.1374,2.327,1,19.035,17.806,0,0,0,0,70.1,valve,39.54,19.56,0.8107,0,0,4.396,84.15,Harmful
R04676,3,2,1,37.485,1.3992,-0.9385,2.617,0,-22.07,17.761,0,0,0,0,355.0,pump,39.53,7.83,0.9671,1,0,-7.27,91.31,Protective
R04677,3,4,1,43.53,0.101,-0.0308,2.261,0,-19.989,19.789,1,0,0,0,311.9,fan,52.44,7.92,0.8858,1,0,-13.52,89.63,Protective
R04678,3,2,1,27.22,1.4173,0.1233,2.903,1,29.676,20.62,1,0,0,0,30.4,fan,19.92,15.32,0.574,1,1,10.314,95.75,Harmful
R04679,1,2,1,27.332,0.2712,-0.6133,2.149,0,-3.815,18.307,0,0,0,0,189.2,pump,59.35,18.95,0.7034,0,0,-12.473,70.38,Protective
R04680,2,3,1,36.532,-0.4429,0.3661,2.285,0,-20.622,18.683,0,0,0,0,99.4,fan,28.46,13.61,0.5946,0,1,-12.104,86.85,Protective
R04681,1,4,3,6.528,-1.6834,1.4791,1.382,0,16.234,20.873,0,0,0,0,169.6,pump,58.5,15.85,0.605,0,1,-12.527,82.79,Protective
R04682,3,1,2,57.683,0.1149,0.2278,1.046,0,1.011,17.581,1,0,0,0,128.5,fan,17.77,6.11,0.9009,1,1,-2.402,87.29,Ineffective
R04683,1,3,2,20.945,1.2789,1.2437,1.493,0,8.542,20.518,0,1,0,0,349.3,damper,57.64,5.37,0.6146,1,0,-4.365,88.26,Ineffective
R04684,3,1,2,12.749,1.3833,1.9788,2.35,1,-33.568,20.837,1,0,0,0,266.4,valve,58.2,19.96,0.6233,1,0,9.308,86.38,Harmful
R04685,3,4,1,5.302,-1.1674,-0.6866,2.021,0,-4.894,20.198,0,1,0,0,460.9,damper,24.52,19.38,0.7024,1,0,-0.941,81.67,Ineffective
R04686,4,3,1,52.129,1.8975,0.6749,2.361,1,14.232,18.346,0,0,0,0,130.4,valve,20.16,8.19,0.9243,1,0,10.171,89.04,Harmful
R04687,2,4,2,52.476,-0.4095,-0.5249,1.957,0,-9.605,19.614,0,1,0,0,179.2,door,40.15,16.47,0.5705,1,0,-8.514,91.39,Protective
R04688,1,2,1,10.242,-2.192,-1.5822,2.253,0,18.525,18.166,1,1,0,0,55.9,valve,16.87,7.08,0.7753,1,1,-3.388,80.02,Ineffective
R04689,3,1,2,13.373,0.9179,0.2558,0.636,0,-19.751,17.483,1,0,0,0,80.5,damper,24.76,2.97,0.4834,0,0,4.142,92.11,Ineffective
R04690,1,2,1,29.635,-1.0454,-1.1521,1.106,0,-1.689,17.429,0,0,0,0,575.4,fan,59.15,14.49,0.9067,1,0,-21.816,78.68,Protective
R04691,1,2,1,15.214,2.5807,0.8843,1.771,1,24.674,17.037,0,0,0,1,211.1,door,48.25,11.69,0.8211,0,1,8.231,20.22,Inconsistent
R04692,4,2,2,45.47,1.0478,-1.6559,0.246,0,-17.263,20.913,0,0,0,0,46.3,door,49.8,2.95,0.5738,1,0,-3.773,97.45,Ineffective
R04693,4,1,3,8.192,0.5722,0.571,2.754,1,4.072,19.62,0,0,0,0,243.6,damper,53.67,9.62,0.6251,1,0,4.885,94.0,Harmful
R04694,3,4,1,35.234,0.3594,-1.6707,0.871,0,8.776,18.285,0,0,0,0,137.4,fan,44.47,12.55,0.9134,1,0,-19.404,96.94,Protective
R04695,4,2,2,26.054,2.3239,0.5739,0.448,0,1.371,19.316,0,0,1,0,169.9,fan,45.83,9.1,0.5107,0,0,5.33,86.23,Inconsistent
R04696,1,3,2,30.572,1.8,0.0066,2.06,1,-3.751,19.476,1,1,0,0,140.7,pump,46.63,2.78,0.8927,1,0,8.383,92.18,Harmful
R04697,1,2,1,28.362,0.1382,-0.5898,0.742,0,-13.145,17.732,0,0,0,0,101.5,door,29.57,18.86,0.9537,0,0,11.726,100.0,Harmful
R04698,2,1,1,13.424,3.6892,1.5265,1.773,1,2.948,18.155,1,0,1,0,63.4,fan,15.01,18.7,0.814,1,0,8.033,97.61,Inconsistent
R04699,1,4,3,17.115,0.9176,0.0784,0.897,1,-1.54,19.189,1,1,0,0,144.9,pump,40.5,17.96,0.4897,0,0,4.18,88.7,Harmful
R04700,4,1,3,8.564,0.4818,0.0109,0.665,0,-21.544,20.359,0,0,0,0,52.2,valve,50.0,14.55,0.7138,1,0,3.998,84.54,Ineffective
R04701,1,2,1,11.341,-1.0362,-0.2986,2.258,0,16.498,17.518,1,0,0,0,43.3,pump,21.72,18.29,0.5716,0,0,-4.762,89.49,Ineffective
R04702,3,1,2,58.784,-1.7747,0.4074,1.287,0,-13.651,20.433,1,0,0,0,360.0,pump,19.12,17.4,0.8262,1,0,-2.21,86.69,Ineffective
R04703,4,3,1,20.388,0.5122,1.4429,1.808,1,-21.155,19.436,1,1,0,0,89.0,valve,57.85,11.8,0.9406,1,0,5.362,90.94,Harmful
R04704,3,4,1,21.886,0.8384,1.2356,0.805,1,-8.935,18.959,0,1,0,0,414.8,valve,16.92,11.22,0.5189,1,1,5.371,78.64,Harmful
R04705,1,4,3,11.991,1.1293,-0.0667,1.747,1,-13.391,17.576,1,0,0,0,36.9,door,37.44,13.12,0.484,1,0,9.256,96.49,Harmful
R04706,2,3,1,46.534,-0.6198,1.609,1.379,1,-3.874,19.2,0,1,0,0,238.5,damper,47.06,7.1,0.5099,0,0,9.861,86.03,Harmful
R04707,3,4,1,55.828,1.4607,-0.5164,0.343,1,-18.637,18.415,0,0,0,0,111.0,fan,14.75,4.14,0.7735,0,0,9.481,91.0,Harmful
R04708,4,3,1,48.436,-0.0304,-0.3425,2.235,1,6.72,17.756,1,0,0,0,64.3,pump,38.03,18.72,0.8474,1,1,12.23,92.01,Harmful
R04709,2,3,1,38.694,0.5087,-0.2278,1.747,0,20.716,20.52,1,0,0,0,56.2,fan,44.01,10.85,0.699,1,0,-16.079,88.3,Protective
R04710,2,3,1,49.728,1.7349,1.4468,2.797,1,1.588,18.842,0,0,0,1,159.7,pump,12.18,3.54,0.6683,1,1,7.472,21.76,Inconsistent
R04711,4,3,1,27.233,-0.4955,-1.2702,2.462,0,-21.664,17.319,0,0,0,0,77.7,fan,30.99,19.02,0.49,1,0,-15.519,85.21,Protective
R04712,4,2,2,52.272,-1.0638,0.7915,1.799,0,-13.698,18.209,1,0,0,0,69.8,door,33.71,16.55,0.4869,1,0,-4.175,93.33,Ineffective
R04713,2,4,2,48.919,2.3436,0.3453,0.321,1,3.319,17.726,0,0,0,0,125.2,pump,37.79,13.64,0.7056,1,0,12.012,86.81,Harmful
R04714,1,4,3,5.095,0.7729,-0.5337,2.305,0,-29.504,20.757,0,0,1,0,27.2,door,11.98,19.84,0.8682,0,1,7.77,100.0,Inconsistent
R04715,3,1,2,31.829,0.952,1.4978,1.737,1,-18.492,17.972,0,1,1,0,179.1,damper,54.68,16.78,0.4991,1,1,12.693,80.17,Inconsistent
R04716,4,2,2,19.554,2.2684,-0.4027,2.538,1,-24.713,19.026,0,0,0,0,107.3,valve,53.03,3.43,0.9253,1,1,2.983,100.0,Harmful
R04717,4,1,3,9.743,-0.0167,2.1857,1.818,0,1.731,19.982,0,0,1,0,158.0,pump,52.66,14.96,0.8167,1,0,21.045,100.0,Inconsistent
R04718,2,4,2,51.541,0.1795,0.2234,0.206,1,32.433,17.634,1,0,0,0,26.5,door,35.98,4.15,0.4964,0,0,5.902,100.0,Harmful
R04719,1,2,1,5.437,-0.2017,0.5498,2.482,1,-18.915,18.75,0,0,0,0,116.0,fan,49.4,15.94,0.5932,1,0,9.867,95.85,Harmful
R04720,3,2,1,45.159,-0.2078,1.4429,2.438,0,12.245,19.613,0,0,0,0,21.7,valve,50.06,6.86,0.9663,1,0,-8.157,100.0,Protective
R04721,4,2,2,59.351,1.5717,0.5759,0.478,1,-8.458,20.528,0,0,0,1,317.8,damper,58.16,8.28,0.6855,1,0,12.676,42.69,Inconsistent
R04722,4,1,3,31.511,1.2898,1.0889,2.115,0,-19.803,19.616,1,1,0,0,41.1,damper,50.81,16.98,0.5725,0,1,5.707,82.05,Ineffective
R04723,1,4,3,25.418,-0.0765,-2.0532,1.673,0,23.462,17.32,0,0,0,0,172.8,fan,15.97,4.37,0.8252,1,0,-3.361,92.88,Ineffective
R04724,2,3,1,38.321,2.0131,-0.0426,1.852,1,32.398,18.286,0,0,0,0,66.9,valve,17.13,18.99,0.7038,1,1,4.916,95.5,Harmful
R04725,2,3,1,49.258,-0.3143,0.2967,2.69,0,6.178,18.404,1,0,0,0,69.9,door,35.43,4.28,0.6958,0,1,-10.044,90.47,Protective
R04726,1,4,3,18.214,0.0184,1.4814,0.899,1,5.438,18.553,1,0,0,0,23.4,door,45.47,2.46,0.5859,1,0,0.405,90.11,Ineffective
R04727,4,3,1,18.789,-0.5063,1.1697,0.237,1,0.934,20.766,0,0,0,0,47.1,pump,51.77,2.46,0.7192,1,1,2.692,98.67,Harmful
R04728,1,4,3,38.395,-0.6062,0.576,0.784,0,-2.224,17.143,1,0,0,0,732.5,fan,10.59,16.58,0.8168,1,0,-0.858,77.94,Ineffective
R04729,3,1,2,56.693,-0.4687,1.4611,2.762,1,5.101,18.209,0,1,0,0,30.4,fan,31.68,10.64,0.5827,0,0,1.582,84.99,Harmful
R04730,4,3,1,21.414,1.9095,0.375,0.792,0,10.142,18.97,0,0,0,0,29.8,pump,31.17,11.14,0.5106,1,0,-7.525,90.75,Protective
R04731,3,4,1,25.722,1.2393,-1.7432,2.089,1,24.95,17.346,1,0,0,0,85.5,pump,44.72,17.02,0.3464,0,0,7.005,84.15,Harmful
R04732,4,2,2,59.633,0.7044,1.8422,2.411,1,-7.841,18.934,0,0,0,0,276.4,fan,37.71,11.24,0.3962,0,1,14.525,75.77,Harmful
R04733,2,3,1,14.692,1.622,-0.9377,2.477,0,1.911,17.429,0,0,0,0,129.9,valve,50.14,19.22,0.506,0,0,-6.511,81.74,Protective
R04734,4,2,2,9.233,-1.4023,0.2136,0.229,0,-1.327,20.351,1,0,0,0,128.8,door,45.0,2.07,0.9701,0,1,-6.959,100.0,Protective
R04735,2,3,1,37.437,0.6629,0.581,0.226,1,15.361,18.08,0,0,0,0,155.5,door,34.03,4.93,0.8488,0,0,10.073,88.05,Harmful
R04736,1,2,1,6.335,1.8997,-0.0527,2.969,0,36.001,19.092,1,0,0,0,24.5,pump,21.89,16.19,0.8739,0,0,-0.651,86.36,Ineffective
R04737,2,4,2,14.924,0.656,-0.706,1.677,1,15.878,19.473,0,0,1,1,291.1,fan,42.21,18.48,0.7062,1,0,-0.324,28.32,Inconsistent
R04738,2,1,1,39.222,3.2468,-1.5387,0.378,1,11.974,18.223,0,0,0,0,191.5,damper,21.34,14.71,0.7811,1,1,8.882,81.76,Harmful
R04739,3,1,2,41.273,0.6856,-1.1024,0.275,0,13.618,18.405,0,0,0,0,111.6,fan,42.38,7.37,0.3976,0,1,-1.265,74.09,Ineffective
R04740,2,4,2,33.073,1.2059,0.7262,2.47,0,19.011,19.042,0,0,1,0,281.7,fan,17.56,17.13,0.8655,1,0,1.729,93.29,Inconsistent
R04741,2,4,2,26.106,2.1349,-1.0466,2.734,1,36.217,20.222,1,1,0,1,281.4,fan,20.6,5.96,0.8449,1,0,2.959,33.47,Inconsistent
R04742,2,4,2,36.691,-0.0984,-0.9803,1.669,0,-25.281,18.811,1,0,0,0,133.0,door,31.48,9.9,0.7863,1,1,-7.41,96.01,Protective
R04743,2,3,1,40.386,0.3118,0.818,1.241,1,8.994,18.964,0,0,0,0,140.8,door,35.94,16.12,0.7427,0,0,-16.851,91.49,Protective
R04744,3,1,2,49.192,-0.2154,-1.1274,2.167,0,-38.718,19.383,1,0,0,1,508.3,pump,57.68,9.28,0.859,1,1,4.117,31.66,Inconsistent
R04745,2,1,1,48.601,-1.0869,-0.643,0.263,0,14.27,18.701,0,0,0,0,178.3,door,40.38,16.85,0.9557,1,0,-17.523,96.26,Protective
R04746,4,1,3,41.564,0.734,0.4818,2.717,1,8.266,19.904,1,1,0,0,106.3,valve,31.24,12.86,0.6537,1,0,0.281,94.22,Ineffective
R04747,2,4,2,54.183,0.7956,0.6826,0.917,1,-8.202,17.02,0,0,0,0,167.1,fan,51.4,17.51,0.9425,1,1,18.302,89.88,Harmful
R04748,4,3,1,51.091,1.5892,-1.1472,0.735,0,-40.05,18.932,0,0,0,0,60.2,pump,16.96,6.23,0.86,0,0,-4.136,98.8,Ineffective
R04749,2,4,2,12.329,0.4933,0.0409,1.07,0,-0.216,20.692,0,0,0,0,136.0,valve,10.74,13.44,0.9306,0,0,1.968,97.78,Ineffective
R04750,1,2,1,57.617,3.1626,0.7989,0.378,1,3.343,19.464,0,0,0,0,54.0,fan,22.78,13.92,0.6369,1,0,17.337,96.86,Harmful
R04751,1,3,2,54.046,-1.3595,-0.8732,1.291,1,-0.947,18.946,0,0,0,0,92.4,pump,36.64,9.46,0.7188,1,0,-0.956,76.74,Ineffective
R04752,4,3,1,22.651,-0.417,0.6148,2.201,1,-9.321,20.088,0,0,0,0,235.2,damper,41.82,9.79,0.4439,1,0,8.447,85.13,Harmful
R04753,4,1,3,6.11,-0.4553,-0.8166,1.595,0,-13.452,18.572,1,0,0,0,214.4,fan,50.08,18.51,0.6501,1,1,-5.752,89.98,Protective
R04754,1,3,2,38.219,1.3925,0.0239,2.07,0,-0.777,18.869,0,0,0,0,32.0,fan,40.16,5.99,0.6547,1,1,8.366,85.68,Harmful
R04755,3,2,1,29.113,-0.2096,0.6231,0.799,0,-12.028,17.781,0,0,0,1,325.9,fan,15.81,3.72,0.6325,1,0,-7.4,18.76,Inconsistent
R04756,3,4,1,46.226,-0.6678,0.2237,1.314,1,12.14,17.497,0,0,0,0,435.8,valve,49.57,11.29,0.6274,1,0,9.547,75.84,Harmful
R04757,1,3,2,33.853,-0.3451,0.8134,1.655,0,-1.181,17.102,0,0,0,0,55.8,fan,10.62,17.84,0.7121,1,0,1.781,89.02,Ineffective
R04758,2,1,1,9.207,-0.3976,1.1908,1.803,1,-25.87,19.926,0,0,0,1,41.0,valve,45.27,19.58,0.5068,0,1,4.801,44.65,Inconsistent
R04759,3,1,2,18.458,-0.5936,1.3078,0.722,1,2.65,18.873,1,0,0,0,88.1,pump,36.07,18.16,0.8254,1,1,0.532,90.03,Ineffective
R04760,4,2,2,53.539,2.7988,0.8031,2.461,1,6.213,20.757,0,0,0,0,71.8,pump,34.76,15.88,0.7684,1,0,14.141,100.0,Harmful
R04761,4,1,3,7.073,0.4484,1.5008,0.453,1,24.27,17.707,1,0,1,0,215.4,door,47.26,3.96,0.6614,0,0,5.713,79.54,Inconsistent
R04762,1,4,3,45.517,0.0732,0.2851,0.475,0,13.922,17.976,0,0,0,1,45.1,door,12.21,13.18,0.9796,0,1,-2.645,40.08,Inconsistent
R04763,1,3,2,21.057,0.707,-1.2673,0.899,1,-13.48,19.555,1,1,0,0,78.8,fan,30.53,13.72,0.4756,1,1,-2.315,77.73,Ineffective
R04764,2,1,1,29.895,0.5485,-0.3921,2.032,1,21.387,17.218,0,0,0,0,155.0,damper,57.08,10.91,0.6154,0,1,16.805,85.6,Harmful
R04765,1,3,2,34.205,-0.9407,-0.3113,0.416,0,-20.79,19.014,0,0,0,0,279.6,fan,10.69,17.16,0.6823,1,0,-4.879,87.51,Ineffective
R04766,3,1,2,18.754,0.4894,0.3128,0.222,1,0.423,17.494,1,0,0,0,61.4,damper,53.87,19.69,0.8093,1,0,0.678,96.33,Ineffective
R04767,1,3,2,40.858,1.1372,0.7577,1.522,1,11.311,17.646,0,0,0,0,68.3,valve,42.43,19.5,0.9064,0,1,-8.296,88.01,Protective
R04768,1,4,3,43.139,2.2186,-0.407,1.171,1,21.88,19.048,0,0,0,0,336.6,door,55.4,2.37,0.7151,1,0,-1.131,84.69,Ineffective
R04769,1,4,3,9.678,1.7474,2.4087,0.639,1,28.334,19.276,1,0,0,0,245.5,valve,12.3,2.65,0.5511,1,1,10.522,80.64,Harmful
R04770,2,3,1,25.566,-0.4191,0.2975,2.037,1,19.121,17.848,0,0,0,0,99.7,damper,50.37,2.96,0.884,0,1,9.039,100.0,Harmful
R04771,4,3,1,45.941,0.8885,-0.1077,1.996,0,-2.049,18.085,0,0,0,1,93.7,damper,36.57,7.62,0.3114,1,1,-6.075,22.71,Inconsistent
R04772,1,4,3,44.69,1.2754,-0.2707,0.541,1,8.695,18.136,1,0,0,0,139.4,pump,22.42,15.42,0.845,1,0,1.693,96.02,Harmful
R04773,4,1,3,34.953,0.1753,-0.6034,0.843,1,3.366,17.567,0,0,0,0,161.4,damper,33.55,12.35,0.4629,0,0,7.114,84.29,Harmful
R04774,2,3,1,47.772,0.0821,-0.2263,1.222,0,-10.642,20.863,1,1,0,0,35.9,pump,56.16,10.75,0.7842,1,0,-11.5,100.0,Protective
R04775,1,4,3,10.92,1.3723,0.4276,2.972,1,-1.734,19.769,1,0,0,0,29.2,fan,31.97,15.23,0.8861,0,0,7.591,99.99,Harmful
R04776,2,1,1,11.502,-0.0529,-0.1869,2.352,0,26.967,17.443,1,1,0,0,359.1,door,16.84,6.62,0.4718,1,1,-3.893,71.37,Ineffective
R04777,3,1,2,41.162,1.2802,2.0552,1.144,1,9.692,18.429,0,0,0,0,421.2,damper,13.28,19.84,0.5776,1,0,5.583,94.44,Harmful
R04778,1,3,2,43.133,-0.963,-0.2263,2.903,0,30.891,17.69,0,0,0,0,100.3,door,10.72,6.45,0.6843,0,1,-8.385,91.35,Protective
R04779,1,4,3,49.799,2.7928,0.3141,1.474,1,-16.237,17.938,1,0,0,0,157.0,door,20.56,8.7,0.6231,1,0,5.762,97.04,Harmful
R04780,4,1,3,14.957,-2.0293,0.7153,1.265,0,-5.723,20.758,1,1,0,0,161.0,valve,37.47,17.34,0.9346,0,0,-4.461,97.36,Ineffective
R04781,3,4,1,33.422,0.4779,-0.2711,2.844,0,6.229,17.547,1,0,0,1,156.6,valve,27.52,16.19,0.8619,1,0,-2.541,20.97,Inconsistent
R04782,2,1,1,41.346,0.2668,0.4393,2.261,0,11.135,20.519,1,0,0,0,102.9,damper,53.75,4.75,0.8123,1,1,-4.725,94.46,Ineffective
R04783,4,1,3,17.303,0.5429,-1.379,1.734,0,-1.752,20.367,0,0,1,0,55.3,door,49.3,3.11,0.6946,0,0,-9.619,78.36,Inconsistent
R04784,4,2,2,33.431,0.0916,-0.8711,1.882,1,12.008,19.975,0,0,0,0,272.7,door,33.24,13.77,0.7327,1,0,1.547,79.8,Harmful
R04785,2,4,2,40.114,1.9692,0.5221,2.924,1,11.894,18.987,0,0,0,0,37.5,door,21.52,14.52,0.5291,1,0,4.355,89.95,Harmful
R04786,3,1,2,16.795,-0.208,-0.3316,0.628,0,-20.819,18.033,0,0,0,0,116.3,door,30.74,18.07,0.6245,0,0,-3.06,100.0,Ineffective
R04787,1,2,1,25.656,-1.2862,-0.909,1.172,0,11.302,20.324,0,0,0,1,206.2,valve,41.9,2.54,0.7321,1,0,-7.866,40.37,Inconsistent
R04788,2,1,1,16.899,-0.2948,0.5219,1.379,1,16.099,20.336,0,0,1,0,45.1,valve,11.16,17.64,0.8733,0,1,0.013,100.0,Inconsistent
R04789,3,2,1,54.662,0.0247,0.1091,2.957,0,4.442,19.101,0,0,0,0,95.5,door,54.46,8.07,0.9036,0,0,-16.739,100.0,Protective
R04790,1,2,1,18.024,-1.6965,-0.8099,0.436,0,-27.599,17.19,0,0,0,0,102.9,valve,42.74,8.51,0.8931,1,0,-11.87,99.21,Protective
R04791,4,2,2,11.646,1.7005,-0.6188,0.513,0,-4.153,17.772,0,0,0,0,362.6,fan,58.13,13.6,0.7212,0,1,-6.89,81.35,Protective
R04792,4,1,3,6.934,0.9489,0.1166,1.419,0,6.569,17.224,0,0,0,0,62.2,fan,43.21,17.48,0.4612,1,0,-4.215,87.1,Ineffective
R04793,2,3,1,7.472,1.7268,-1.1211,0.674,0,-12.986,17.719,0,0,0,0,22.0,pump,28.14,9.44,0.9861,0,0,-4.671,86.11,Ineffective
R04794,2,1,1,15.537,2.5214,-0.204,2.118,1,13.775,19.034,0,1,0,0,132.9,door,31.9,2.12,0.9257,1,0,8.201,100.0,Harmful
R04795,1,3,2,38.451,-0.4519,0.4339,1.21,0,10.944,20.417,0,0,0,1,208.7,door,10.35,13.66,0.6549,1,0,-0.949,63.76,Ineffective
R04796,3,1,2,5.971,-0.0693,0.3762,2.569,1,2.017,19.613,0,1,0,0,326.1,damper,12.86,11.96,0.3878,1,0,-0.084,78.87,Ineffective
R04797,1,4,3,20.771,-1.8778,-0.0772,2.296,1,0.262,19.404,0,1,0,0,84.4,pump,15.15,19.49,0.7143,1,1,-2.634,90.05,Ineffective
R04798,2,1,1,8.199,-0.5062,-1.0031,1.518,0,2.893,19.992,1,0,0,0,119.0,pump,29.67,11.5,0.2705,0,1,-3.321,81.42,Ineffective
R04799,3,2,1,27.201,1.6657,-1.1132,2.566,0,-0.061,19.56,0,0,0,0,34.5,valve,24.35,13.35,0.8896,0,0,-6.533,100.0,Protective
R04800,3,2,1,7.672,-0.0279,0.2682,0.482,1,-19.282,18.774,0,0,0,0,121.8,pump,30.04,17.73,0.4298,1,1,4.98,84.21,Harmful
R04801,3,1,2,38.415,-0.3099,1.9258,1.827,0,-6.452,20.261,1,1,0,0,34.7,pump,30.3,6.86,0.6047,0,0,-2.609,84.33,Ineffective
R04802,1,3,2,42.863,0.2454,0.9658,1.894,1,1.087,18.241,0,0,0,0,20.3,fan,27.55,2.26,0.6417,0,1,8.438,94.68,Harmful
R04803,4,1,3,45.224,1.175,-0.9329,0.889,1,21.279,20.712,0,1,0,0,349.3,fan,35.69,15.49,0.7707,0,0,4.614,88.23,Harmful
R04804,3,2,1,17.339,1.1861,0.6072,0.339,0,10.381,17.465,1,0,0,0,119.2,damper,56.78,14.29,0.5422,0,0,-15.034,87.13,Protective
R04805,4,1,3,52.768,-1.6392,-0.8589,1.699,0,22.085,19.551,0,0,0,1,101.3,damper,36.14,17.85,0.5993,1,0,-7.043,35.18,Inconsistent
R04806,2,1,1,42.966,-0.5478,0.3951,1.638,1,-21.074,19.002,1,1,0,0,119.4,pump,51.01,6.2,0.4972,0,0,1.788,79.9,Harmful
R04807,4,3,1,8.116,2.2866,-0.1889,2.03,1,-5.343,18.703,0,0,0,0,314.5,damper,48.97,9.74,0.8669,0,0,-5.253,84.46,Protective
R04808,2,3,1,29.242,0.6331,1.9228,0.796,0,31.108,18.719,1,0,0,0,171.7,pump,30.87,2.87,0.7817,1,0,5.579,77.34,Ineffective
R04809,4,3,1,47.227,0.5406,-0.7341,0.703,1,-11.145,17.169,1,0,0,0,502.1,fan,21.98,14.83,0.7276,0,0,-10.268,79.73,Protective
R04810,1,4,3,22.099,1.6071,0.2136,2.938,0,-11.444,20.006,1,0,0,0,171.7,valve,11.58,5.43,0.7219,0,0,1.372,86.14,Ineffective
R04811,1,3,2,25.986,-0.565,-0.2853,0.518,1,-4.076,18.409,0,1,0,0,74.8,pump,12.78,11.97,0.8762,1,0,-2.673,91.44,Ineffective
R04812,3,1,2,39.628,0.8312,0.6388,2.998,0,30.272,18.907,0,0,0,1,104.8,pump,20.95,11.08,0.8503,1,0,0.842,49.38,Ineffective
R04813,3,2,1,8.051,0.7318,0.6935,2.216,1,-10.073,20.39,0,0,1,1,145.4,pump,53.86,9.36,0.7108,1,1,3.652,30.55,Inconsistent
R04814,3,1,2,58.181,1.4065,1.6546,1.962,1,8.362,19.308,0,1,0,1,280.9,pump,15.27,2.88,0.563,1,1,1.334,3.79,Inconsistent
R04815,2,3,1,14.596,-1.5872,1.1181,1.151,1,5.881,20.406,1,0,0,0,173.3,door,51.27,12.91,0.8004,1,0,10.524,99.24,Harmful
R04816,4,1,3,6.467,-0.3607,-0.7935,2.63,0,-28.927,17.548,0,1,0,0,65.6,valve,32.86,11.21,0.6806,1,1,-1.845,86.26,Ineffective
R04817,2,1,1,5.293,0.6368,2.8162,2.748,0,-0.235,18.127,0,1,0,0,135.2,pump,42.28,6.36,0.9739,0,0,0.961,94.75,Ineffective
R04818,3,1,2,26.975,0.7367,0.9554,2.221,1,-8.294,17.912,0,0,0,0,121.3,damper,17.19,13.92,0.6776,1,1,4.064,84.95,Harmful
R04819,4,1,3,53.634,2.0553,-0.1507,2.188,1,10.17,20.545,0,0,0,0,144.7,door,49.7,19.49,0.8002,1,0,13.232,86.17,Harmful
R04820,3,2,1,50.087,2.0218,0.6055,1.581,1,26.086,20.126,0,0,1,0,56.8,damper,14.49,18.75,0.8406,1,0,0.385,100.0,Inconsistent
R04821,3,4,1,55.163,-1.0586,0.5308,0.418,0,-5.168,20.336,0,0,0,0,304.2,fan,36.15,17.99,0.6887,0,0,-18.183,79.86,Protective
R04822,4,1,3,34.358,1.624,0.9928,2.997,1,-5.169,19.275,0,0,1,0,65.1,fan,15.15,15.53,0.6067,1,0,-9.319,98.38,Inconsistent
R04823,4,2,2,29.681,-1.0927,0.396,0.244,0,37.767,17.883,0,0,0,0,38.8,fan,52.75,16.41,0.9705,1,1,-8.975,100.0,Protective
R04824,2,3,1,26.222,0.854,1.3665,1.587,1,-10.673,18.508,1,0,0,1,92.8,door,39.42,14.83,0.7357,0,0,7.674,34.86,Inconsistent
R04825,2,4,2,7.553,0.5561,0.7682,1.228,0,-20.145,19.201,0,0,0,0,38.1,damper,37.28,9.37,0.4236,0,0,0.779,79.21,Ineffective
R04826,1,4,3,55.024,-0.9353,-0.9476,2.373,0,20.664,17.076,0,0,0,0,102.9,fan,23.63,5.39,0.9337,1,1,-1.252,100.0,Ineffective
R04827,3,2,1,32.29,1.5869,2.5081,2.26,1,-0.76,19.559,0,0,0,0,67.1,fan,35.55,15.63,0.9417,0,0,17.109,97.2,Harmful
R04828,4,3,1,30.029,0.2946,2.3689,1.959,1,4.25,20.419,0,0,0,0,110.7,valve,11.03,13.09,0.6764,1,0,4.029,83.29,Harmful
R04829,2,3,1,33.334,-0.6807,0.701,0.409,0,33.473,18.303,0,0,0,0,75.2,pump,34.04,16.54,0.4664,1,0,-10.261,83.06,Protective
R04830,2,3,1,48.678,1.5067,0.4387,0.863,1,-21.045,19.719,1,0,0,0,62.1,fan,20.72,19.16,0.9695,1,1,13.454,95.83,Harmful
R04831,1,4,3,17.346,-0.936,-0.0441,0.464,0,-2.932,18.934,0,1,0,0,171.4,valve,54.6,9.08,0.8895,0,1,-5.432,92.62,Protective
R04832,2,4,2,44.045,-0.9868,-0.4238,2.941,0,-18.544,17.016,1,0,0,1,22.5,valve,23.62,18.27,0.6564,0,0,-3.766,13.07,Inconsistent
R04833,1,4,3,44.092,1.8412,0.2056,0.558,1,5.028,18.136,0,1,0,0,164.2,door,35.56,3.24,0.6167,0,1,5.35,84.9,Harmful
R04834,4,1,3,51.725,0.0086,-2.2868,2.908,0,-8.295,19.111,1,0,0,1,102.2,fan,10.16,6.6,0.8201,0,1,-3.968,38.97,Inconsistent
R04835,3,2,1,5.478,-0.6541,1.9303,0.516,1,-17.594,19.9,1,1,1,0,258.5,fan,47.14,10.41,0.5969,0,0,-8.357,75.58,Inconsistent
R04836,1,3,2,14.372,0.7556,1.0775,2.614,0,10.984,18.608,1,0,0,0,102.8,damper,18.03,18.91,0.6578,1,1,-2.578,89.69,Ineffective
R04837,1,4,3,30.908,0.3934,-1.2767,1.809,1,0.155,17.745,0,0,0,0,140.1,door,59.94,19.51,0.4652,0,0,7.276,67.42,Harmful
R04838,4,1,3,51.78,-0.603,1.29,2.529,1,-18.774,17.244,0,0,1,0,119.1,fan,24.64,11.2,0.9491,1,0,-5.065,100.0,Inconsistent
R04839,4,2,2,58.081,-1.7073,0.3923,1.975,1,-17.855,19.859,0,0,0,0,195.4,pump,43.27,12.49,0.6734,0,0,3.597,85.6,Harmful
R04840,4,3,1,37.718,1.7034,0.201,2.353,1,3.117,18.46,0,1,0,0,151.7,valve,58.0,10.09,0.935,1,0,12.925,100.0,Harmful
R04841,1,3,2,16.667,-0.0599,0.8928,2.246,1,-25.062,19.588,0,0,0,0,765.6,door,47.82,18.07,0.5293,1,0,5.089,69.54,Harmful
R04842,1,3,2,15.152,-0.4438,-1.3428,0.929,1,3.412,17.887,1,0,0,0,24.0,damper,27.49,17.36,0.5987,1,0,-0.658,98.84,Ineffective
R04843,1,2,1,40.169,0.5394,-0.1112,2.818,0,20.093,20.019,1,0,0,0,622.8,valve,56.04,6.56,0.6199,0,1,-4.636,71.05,Ineffective
R04844,4,3,1,16.554,1.6058,0.4795,2.002,1,10.006,18.378,0,0,0,0,143.3,valve,20.63,3.21,0.7446,0,0,2.637,100.0,Harmful
R04845,4,1,3,35.42,0.0129,0.4804,0.766,1,-9.35,17.209,1,1,0,1,333.1,damper,41.72,3.32,0.8091,1,0,0.181,48.15,Ineffective
R04846,4,2,2,50.915,1.7126,-0.9675,1.057,1,4.115,19.041,0,0,0,0,126.5,damper,47.25,18.21,0.5805,0,1,9.375,76.35,Harmful
R04847,1,4,3,26.44,2.8549,0.8469,1.693,1,-18.774,19.926,0,0,0,0,69.3,pump,27.84,15.1,0.9161,0,0,5.488,91.24,Harmful
R04848,1,3,2,25.816,2.1467,1.4598,2.669,1,2.044,20.73,0,0,0,1,117.0,fan,51.56,5.1,0.6858,0,0,8.698,15.56,Inconsistent
R04849,4,2,2,6.988,1.9911,0.8073,2.431,1,-4.903,20.883,0,1,0,0,61.8,door,33.63,14.65,0.6266,1,0,0.742,85.61,Ineffective
R04850,4,1,3,18.975,0.2141,-0.3292,1.046,0,-15.59,18.826,0,0,0,0,45.4,door,53.08,9.37,0.527,1,0,-6.115,95.05,Protective
R04851,3,1,2,43.401,-0.5437,2.589,2.128,0,9.356,19.447,1,0,0,0,485.5,fan,20.73,12.52,0.6482,1,1,4.794,72.44,Ineffective
R04852,1,4,3,24.822,-0.1559,-1.0246,0.205,0,-29.662,19.229,0,0,0,1,197.4,door,54.78,12.77,0.879,0,0,-1.809,37.01,Inconsistent
R04853,1,2,1,13.706,1.2407,1.1735,1.131,1,-17.787,19.134,0,0,0,0,57.3,valve,36.65,14.27,0.6342,1,0,5.801,83.13,Harmful
R04854,1,3,2,10.817,-1.3575,0.1433,2.551,0,-15.984,17.458,0,0,0,0,193.3,door,31.44,7.09,0.7042,1,0,-2.396,89.51,Ineffective
R04855,3,1,2,10.228,-0.8694,1.9123,0.623,0,-7.572,19.683,0,0,0,0,102.8,damper,21.77,18.65,0.5134,1,0,-0.679,89.11,Ineffective
R04856,4,1,3,41.252,-1.5278,0.2867,1.19,0,19.49,20.861,0,0,0,0,471.7,door,15.15,17.8,0.7694,1,0,-7.664,75.31,Protective
R04857,3,2,1,38.694,1.0352,1.0012,0.203,1,11.314,17.507,1,0,0,0,33.5,valve,24.56,2.22,0.4801,1,0,3.421,91.5,Harmful
R04858,2,4,2,33.519,0.8831,0.9057,0.265,1,1.58,18.247,0,0,0,1,266.3,valve,29.88,14.36,0.4195,1,0,3.305,44.69,Inconsistent
R04859,4,1,3,32.518,0.1473,-0.6583,0.609,1,0.872,17.308,0,0,0,0,314.6,valve,39.96,11.72,0.8778,1,1,6.02,89.96,Harmful
R04860,1,3,2,13.423,1.6205,-0.4689,0.485,1,-0.176,18.611,0,0,0,0,121.2,pump,46.17,11.13,0.9094,1,1,9.064,88.35,Harmful
R04861,4,3,1,32.533,-1.1446,-0.3757,1.571,0,20.577,18.927,0,1,0,0,24.3,damper,12.14,4.03,0.5913,1,0,-0.705,91.3,Ineffective
R04862,4,3,1,8.297,0.1102,1.3574,2.72,1,-27.235,18.432,0,0,0,0,86.9,fan,57.57,11.69,0.5209,1,1,11.066,81.31,Harmful
R04863,3,1,2,55.922,1.5805,0.6331,0.437,1,11.573,18.906,0,0,0,0,104.8,fan,22.43,15.27,0.7305,1,1,9.517,93.25,Harmful
R04864,4,2,2,8.192,1.7288,0.1933,2.636,1,-7.623,20.212,1,0,0,0,102.1,door,43.93,2.26,0.9053,0,1,5.338,90.59,Harmful
R04865,3,2,1,28.294,0.0043,1.7722,2.071,1,7.545,17.856,1,1,0,0,527.1,fan,50.33,9.63,0.9102,1,1,4.734,81.68,Harmful
R04866,2,3,1,5.031,1.032,-1.5824,0.673,1,7.617,20.032,0,1,0,0,79.2,fan,30.87,13.18,0.799,1,0,2.367,83.57,Harmful
R04867,2,3,1,48.238,0.0212,-0.8958,1.011,1,10.999,20.173,0,0,0,0,228.3,fan,31.89,4.67,0.9183,1,0,-5.107,95.59,Protective
R04868,4,2,2,14.139,0.6027,-2.0966,0.744,1,23.755,19.325,0,0,0,0,160.7,damper,12.39,19.79,0.8066,1,1,-2.944,89.87,Ineffective
R04869,3,1,2,55.87,0.9438,1.6083,2.41,1,-20.566,18.261,1,0,1,0,484.4,fan,30.41,14.39,0.8892,1,1,14.633,91.96,Inconsistent
R04870,1,3,2,7.419,0.4604,-0.1967,2.23,0,15.082,20.746,0,0,0,0,30.2,valve,56.86,14.32,0.6877,0,1,-4.647,100.0,Ineffective
R04871,4,1,3,50.143,0.2176,0.8663,1.052,0,-0.958,18.456,0,0,0,0,123.7,fan,28.46,10.13,0.7508,1,1,-5.112,86.98,Protective
R04872,1,4,3,41.115,0.1732,-0.2093,0.352,0,-6.913,17.2,1,0,0,0,222.9,damper,54.86,3.52,0.5887,1,1,-0.504,75.95,Ineffective
R04873,3,1,2,18.735,-1.1785,0.9232,0.672,0,30.506,17.544,0,0,0,1,28.5,valve,45.04,18.24,0.5714,1,0,-3.903,26.39,Inconsistent
R04874,1,4,3,16.133,1.1883,0.2732,1.964,1,10.529,20.566,1,0,0,0,250.1,valve,54.24,3.01,0.6891,1,0,7.303,96.09,Harmful
R04875,3,2,1,24.672,0.4511,0.3099,0.453,0,-6.258,17.6,0,0,0,0,46.7,valve,19.79,16.01,0.764,1,1,3.267,86.43,Ineffective
R04876,2,1,1,50.562,0.5889,0.1635,1.702,0,14.36,18.79,0,0,0,0,200.4,fan,43.44,5.04,0.8896,0,0,-10.408,86.72,Protective
R04877,2,4,2,52.408,0.0805,0.7377,1.916,1,-0.691,19.768,0,0,0,0,401.4,fan,14.97,14.93,0.7597,1,1,9.646,82.64,Harmful
R04878,3,1,2,14.641,1.7156,2.0847,2.126,1,-6.493,19.295,1,1,0,0,72.9,pump,34.37,10.8,0.8374,1,0,6.327,100.0,Harmful
R04879,4,1,3,24.44,-1.4172,-1.7244,0.551,0,-9.091,19.613,0,0,0,0,20.7,fan,46.21,10.17,0.6248,1,1,-14.189,85.17,Protective
R04880,2,4,2,18.062,0.3692,0.3316,1.487,1,4.568,18.395,0,0,0,0,223.3,damper,18.09,19.98,0.8377,0,1,2.738,94.93,Harmful
R04881,4,3,1,11.745,-0.3755,0.098,1.498,0,-9.208,19.649,0,1,0,0,149.5,damper,57.94,19.95,0.9017,0,0,-8.334,93.11,Protective
R04882,2,4,2,40.555,-0.4624,0.4483,2.539,1,2.331,17.036,0,0,0,0,204.5,fan,33.49,2.98,0.8438,1,0,8.579,100.0,Harmful
R04883,1,2,1,24.023,0.5093,0.0021,1.512,1,13.305,18.053,1,0,0,0,23.3,fan,32.38,18.14,0.4858,1,1,12.743,89.37,Harmful
R04884,1,2,1,17.396,0.1215,-0.6347,1.339,0,1.658,17.494,0,0,0,0,47.6,fan,54.3,2.1,0.5552,1,1,-13.186,92.87,Protective
R04885,1,3,2,52.63,-1.9258,1.43,0.546,0,29.648,18.821,0,0,0,0,143.7,damper,53.01,12.82,0.741,1,0,-10.034,89.06,Protective
R04886,3,1,2,46.157,-0.4947,-0.1707,2.145,0,0.198,17.583,1,0,0,0,42.5,pump,55.84,16.77,0.6671,1,0,-8.702,84.38,Protective
R04887,3,2,1,47.557,-1.8484,2.3379,1.935,0,20.236,19.189,0,0,0,0,26.2,fan,43.49,7.79,0.8123,1,0,-16.621,98.7,Protective
R04888,2,1,1,7.156,1.9415,0.4283,2.207,0,14.644,17.723,1,0,0,0,452.0,door,43.1,14.63,0.8511,1,0,12.325,90.8,Harmful
R04889,2,4,2,55.332,1.0125,0.1103,2.038,1,22.88,18.657,0,1,0,0,71.0,fan,21.49,12.89,0.2554,1,0,7.087,75.48,Harmful
R04890,4,2,2,36.611,0.0258,0.4527,2.651,0,29.582,17.297,1,0,0,0,96.2,fan,47.11,10.27,0.3628,1,0,-6.0,80.4,Protective
R04891,3,2,1,32.709,1.0321,0.5089,2.657,1,-26.42,18.76,0,0,0,0,131.3,pump,41.08,17.32,0.4263,1,0,12.956,86.36,Harmful
R04892,1,2,1,5.582,1.4045,1.742,1.062,1,3.977,20.232,0,0,0,0,62.3,door,27.15,14.3,0.6136,1,0,6.843,76.32,Harmful
R04893,1,3,2,54.371,0.8782,-1.2677,0.711,0,-1.678,18.268,1,0,0,0,186.8,fan,58.33,16.32,0.355,1,0,-16.768,76.86,Protective
R04894,2,4,2,34.914,-0.7636,-1.4012,2.794,1,1.671,19.825,1,0,0,0,23.6,pump,34.31,3.37,0.8947,1,0,0.332,97.33,Ineffective
R04895,2,1,1,50.383,1.2102,0.261,2.197,0,-5.961,18.704,0,0,1,0,73.5,valve,46.17,5.73,0.6791,1,0,-22.456,89.44,Inconsistent
R04896,4,3,1,41.053,2.0458,1.2357,2.919,1,-8.152,17.937,0,0,0,0,405.4,pump,43.3,12.8,0.7812,1,1,15.438,88.78,Harmful
R04897,3,1,2,48.818,0.7337,0.6859,1.591,1,-16.494,18.214,1,1,0,0,60.5,door,10.53,16.84,0.9862,1,1,-5.443,84.54,Protective
R04898,4,2,2,43.111,0.6813,1.0725,2.894,1,1.461,18.21,1,0,0,0,50.6,pump,32.84,15.88,0.4045,0,0,6.825,84.17,Harmful
R04899,3,2,1,55.653,-3.2028,0.4254,0.544,0,14.01,19.97,0,1,0,0,34.0,fan,40.35,10.43,0.8513,0,1,-12.275,85.23,Protective
R04900,2,4,2,17.402,-1.344,-1.5804,1.853,0,-7.405,17.804,0,0,0,0,45.4,damper,60.0,16.77,0.33,1,0,-10.989,87.51,Protective
R04901,3,4,1,16.116,1.3188,0.6812,1.591,1,-4.928,20.911,0,0,0,0,54.2,damper,17.72,17.96,0.5614,1,1,7.734,85.69,Harmful
R04902,3,4,1,44.19,2.0006,1.7168,0.207,1,-10.471,19.75,1,0,0,0,695.5,pump,44.1,12.67,0.6722,0,0,14.956,69.56,Harmful
R04903,3,2,1,32.577,1.5288,0.5718,0.74,1,-14.915,18.605,0,0,0,0,50.9,pump,31.83,4.69,0.6984,1,1,8.392,82.37,Harmful
R04904,1,3,2,37.954,0.7243,-0.91,0.63,1,-3.542,20.992,1,0,0,0,226.7,valve,33.53,12.9,0.6385,1,1,-4.903,90.11,Ineffective
R04905,3,4,1,43.97,1.8259,-0.4339,0.37,0,5.148,17.865,0,0,0,0,43.6,fan,17.92,7.65,0.7296,0,0,-0.83,92.14,Ineffective
R04906,2,1,1,35.109,0.9052,0.4568,2.855,0,18.86,20.052,1,0,0,0,57.9,fan,36.51,8.44,0.9848,0,1,-10.44,100.0,Protective
R04907,4,3,1,48.323,0.4062,2.1956,2.903,1,-17.882,18.084,0,1,0,0,206.6,valve,12.29,18.09,0.9197,1,1,0.939,91.37,Ineffective
R04908,4,2,2,22.538,2.9821,-1.5563,2.697,1,-0.456,19.174,0,0,0,0,32.0,door,30.71,19.74,0.8605,1,0,9.406,82.32,Harmful
R04909,3,4,1,52.244,-1.1962,0.2612,2.969,0,17.672,17.218,0,0,1,0,121.7,pump,30.28,14.78,0.7066,0,0,-14.593,99.59,Inconsistent
R04910,4,3,1,10.922,-0.6718,-0.5322,2.526,1,-17.683,20.386,1,0,0,0,116.7,fan,18.68,7.64,0.73,1,1,1.025,94.22,Harmful
R04911,3,4,1,39.87,0.3789,0.9077,2.81,1,19.005,18.465,1,0,0,0,47.5,door,59.88,7.04,0.7585,1,0,22.887,99.22,Harmful
R04912,1,3,2,53.957,-0.8586,0.4878,0.753,0,-6.584,19.338,0,0,0,0,141.3,damper,45.62,2.76,0.7025,1,0,-4.962,78.35,Ineffective
R04913,3,2,1,18.898,0.4351,0.1669,0.919,1,10.67,20.709,1,0,0,0,135.4,door,57.78,3.08,0.2087,1,0,9.259,96.12,Harmful
R04914,4,2,2,22.976,1.5981,1.0316,2.614,1,-3.271,17.121,0,0,0,0,91.5,door,47.12,3.34,0.5004,0,0,9.689,91.04,Harmful
R04915,1,2,1,21.799,0.766,1.5399,1.542,1,6.881,20.872,1,0,0,0,65.2,fan,34.7,14.18,0.2578,0,0,12.623,97.1,Harmful
R04916,1,2,1,36.035,-0.1083,-0.2646,2.208,0,24.136,19.101,0,0,0,1,31.4,fan,40.64,5.43,0.8377,0,0,-2.253,37.61,Inconsistent
R04917,2,4,2,27.708,0.8588,-0.9372,1.773,1,-1.821,20.123,0,0,0,0,288.9,door,18.4,3.47,0.8001,0,0,2.197,91.05,Harmful
R04918,4,3,1,10.938,-2.4123,1.3256,1.056,0,14.948,18.892,0,0,0,0,72.6,fan,17.65,19.83,0.7466,0,0,-3.67,95.01,Ineffective
R04919,3,2,1,54.021,-0.7153,1.2287,0.998,1,4.12,20.264,1,0,0,0,48.5,fan,34.32,14.85,0.8645,1,1,14.787,86.31,Harmful
R04920,4,1,3,16.257,0.4147,0.9638,2.295,1,-11.79,20.522,1,1,0,0,574.4,valve,20.15,12.84,0.8067,1,0,-0.96,85.34,Ineffective
R04921,4,1,3,34.374,-0.9429,-0.791,1.69,0,-2.184,18.527,0,0,0,0,348.7,valve,48.5,11.85,0.5542,1,0,-4.83,82.74,Ineffective
R04922,3,2,1,37.714,0.5682,1.3854,1.206,1,-3.122,19.891,1,0,0,0,125.6,valve,24.85,19.23,0.6842,1,0,7.263,89.98,Harmful
R04923,3,4,1,7.241,2.2041,2.4424,1.928,1,-21.177,20.994,1,0,0,0,111.5,valve,14.37,13.08,0.5805,1,0,11.414,85.79,Harmful
R04924,2,3,1,10.264,0.7256,0.2787,1.376,1,6.886,20.029,1,1,1,1,78.0,damper,39.27,2.65,0.9338,0,0,11.409,21.09,Inconsistent
R04925,1,3,2,58.443,-1.4222,-0.0055,1.53,0,9.87,20.828,0,0,0,0,125.6,fan,37.77,12.61,0.5584,1,0,-6.552,97.15,Protective
R04926,2,4,2,41.548,0.0069,-0.6652,2.098,1,12.186,19.946,0,0,0,0,89.1,damper,23.06,9.75,0.5987,0,0,-0.454,84.93,Ineffective
R04927,3,4,1,6.846,1.6106,-0.8195,1.482,0,21.447,18.32,0,0,0,0,194.0,damper,16.44,19.98,0.8678,1,0,0.73,90.74,Ineffective
R04928,1,2,1,48.681,2.3325,-0.6746,2.86,1,14.309,20.309,0,0,0,0,683.3,valve,41.43,10.74,0.91,1,0,12.938,87.2,Harmful
R04929,1,2,1,32.97,1.3959,0.5308,1.559,1,-9.045,19.665,0,1,0,0,93.1,pump,47.02,16.09,0.8535,1,0,7.176,97.1,Harmful
R04930,1,3,2,9.136,-0.7625,0.0592,2.893,1,-5.853,17.132,0,1,0,1,22.5,fan,19.45,16.73,0.9341,1,0,1.033,49.87,Harmful
R04931,3,4,1,42.441,1.1068,0.7728,2.574,1,12.581,17.69,0,0,0,0,187.1,damper,47.29,2.93,0.662,1,0,10.153,86.77,Harmful
R04932,4,1,3,32.464,0.2837,-0.9919,2.695,0,5.846,18.045,0,0,0,0,340.7,door,42.78,19.34,0.5794,1,1,-3.437,74.09,Ineffective
R04933,4,2,2,16.271,0.8255,0.2324,2.337,1,-0.267,19.974,1,1,0,0,32.2,pump,48.73,11.35,0.3456,0,1,0.919,74.39,Ineffective
R04934,2,3,1,53.274,-0.67,-1.0535,1.893,0,-13.121,20.189,0,0,0,0,654.4,valve,13.2,16.93,0.7775,0,1,-11.033,81.9,Protective
R04935,3,4,1,21.026,0.4374,0.5876,1.691,1,-7.961,20.308,0,1,0,0,184.3,door,58.3,13.54,0.7452,0,0,10.593,85.51,Harmful
R04936,4,2,2,20.651,0.1603,-1.2323,1.745,1,8.742,17.269,0,0,0,0,44.8,valve,42.98,10.12,0.5299,1,0,0.803,89.17,Ineffective
R04937,3,4,1,20.003,-0.3451,0.5516,0.764,1,-29.263,17.289,0,0,0,0,197.9,fan,22.94,6.93,0.4969,1,0,4.684,83.41,Harmful
R04938,2,4,2,47.21,1.266,-0.3787,0.8,0,-35.1,18.198,0,1,0,0,40.5,door,53.86,5.38,0.7542,1,0,6.938,100.0,Harmful
R04939,2,4,2,43.837,1.6823,0.581,0.296,1,10.401,19.725,0,0,0,0,33.5,fan,39.04,14.82,0.8882,0,0,12.308,93.87,Harmful
R04940,3,1,2,54.673,-0.3849,-1.7523,2.288,0,-8.002,20.369,0,0,1,0,74.8,pump,18.03,3.4,0.6486,1,0,6.144,94.26,Inconsistent
R04941,2,4,2,17.614,0.2522,0.5547,0.55,0,7.028,20.478,0,0,0,1,39.2,damper,52.63,6.38,0.531,0,0,-2.587,38.09,Inconsistent
R04942,4,3,1,48.25,0.2897,-0.3987,1.83,0,23.65,17.83,1,0,0,0,283.7,pump,46.11,11.46,0.5108,0,1,-8.252,85.39,Protective
R04943,4,1,3,36.518,3.1429,0.6171,0.586,1,-15.196,20.07,0,0,0,0,34.1,fan,24.02,5.96,0.6987,1,0,9.499,97.17,Harmful
R04944,1,2,1,21.977,0.7726,-1.9701,0.386,0,-25.044,19.563,0,0,0,1,117.0,damper,37.19,11.9,0.7033,1,0,-0.221,27.9,Inconsistent
R04945,3,4,1,6.95,1.6348,-0.8427,1.694,1,-4.146,20.707,1,0,0,0,46.2,fan,29.96,8.5,0.3758,0,0,2.88,80.39,Harmful
R04946,2,1,1,50.042,0.838,0.0098,2.645,1,-10.272,20.091,0,1,0,0,111.5,valve,10.34,6.85,0.9805,1,0,-2.054,100.0,Ineffective
R04947,3,2,1,18.259,0.3656,1.7755,1.197,1,-0.38,19.114,1,1,0,0,124.0,valve,33.89,14.89,0.5764,0,1,4.944,97.12,Harmful
R04948,2,1,1,39.746,1.2827,0.4273,2.774,0,8.07,20.133,1,0,0,0,68.8,damper,21.78,6.37,0.662,1,0,-1.6,86.78,Ineffective
R04949,2,4,2,35.188,1.4523,0.5299,0.229,1,4.9,18.233,0,1,1,0,153.4,pump,17.72,5.55,0.4608,0,0,13.497,84.84,Inconsistent
R04950,2,4,2,5.245,-0.9295,-1.0243,1.504,0,0.694,20.145,0,0,0,0,129.4,fan,14.63,5.05,0.7354,1,0,-3.161,93.84,Ineffective
R04951,1,3,2,59.689,0.3539,-1.2063,0.611,0,15.872,20.125,0,0,0,0,260.3,pump,21.17,5.65,0.6027,0,0,-3.997,80.75,Ineffective
R04952,4,1,3,49.788,1.6374,0.6767,1.084,1,10.06,20.421,1,0,0,0,197.2,fan,47.98,2.23,0.7356,1,0,6.541,87.25,Harmful
R04953,1,3,2,31.756,-1.2958,1.1007,0.266,1,-2.721,17.97,1,1,0,0,110.4,fan,27.94,14.88,0.8554,1,0,-2.203,90.22,Ineffective
R04954,2,4,2,42.419,-1.0224,0.109,0.299,0,9.529,20.396,1,1,0,0,209.5,damper,16.95,12.18,0.8023,1,1,-9.095,92.13,Protective
R04955,1,2,1,31.213,1.1628,2.1096,2.196,1,-23.184,17.676,0,1,0,0,133.0,valve,18.48,2.86,0.9449,1,1,1.24,91.05,Harmful
R04956,1,4,3,45.952,-1.1245,-0.2825,2.033,1,15.956,20.088,0,0,0,1,40.0,door,42.62,10.69,0.3894,0,0,-1.027,38.4,Inconsistent
R04957,2,1,1,12.388,-0.9661,0.5794,0.783,1,0.333,20.72,1,0,0,0,22.9,pump,30.17,17.03,0.4951,0,0,6.703,100.0,Harmful
R04958,4,1,3,29.549,-0.3705,-1.7932,2.723,0,-18.01,17.143,0,0,0,0,53.7,damper,41.1,10.63,0.8388,0,0,-2.839,98.48,Ineffective
R04959,4,3,1,23.455,1.2915,0.611,2.126,1,-6.25,19.504,1,0,0,0,114.2,pump,12.61,20.0,0.8575,0,1,9.381,86.61,Harmful
R04960,2,3,1,30.281,1.3378,1.8694,1.141,1,15.563,19.638,1,1,0,0,134.9,door,46.42,3.84,0.7158,1,0,9.946,81.58,Harmful
R04961,3,2,1,29.776,2.3824,-0.6415,1.341,1,-11.515,20.261,0,0,0,0,27.1,valve,58.14,13.05,0.896,0,1,11.085,80.54,Harmful
R04962,4,3,1,12.87,0.8823,1.2421,1.019,1,6.159,17.411,0,0,0,0,264.2,pump,49.33,11.47,0.4416,1,0,7.985,73.4,Harmful
R04963,1,2,1,58.707,-0.4727,1.341,2.526,0,13.182,20.638,0,0,0,0,199.3,valve,46.09,12.54,0.9515,0,0,-9.712,85.58,Protective
R04964,4,2,2,5.852,-0.5074,-0.2897,1.583,1,0.367,20.975,0,0,0,0,393.4,valve,19.93,11.33,0.4288,1,1,-4.018,76.76,Ineffective
R04965,1,2,1,5.554,-0.4846,0.3669,0.579,0,-12.969,19.688,0,0,0,0,90.4,pump,30.28,12.12,0.7944,1,0,-4.393,91.23,Ineffective
R04966,1,4,3,25.539,0.6075,1.4796,0.765,0,-0.959,18.72,1,0,0,0,206.5,pump,17.78,18.38,0.7669,1,1,3.686,80.07,Ineffective
R04967,2,3,1,39.121,1.5527,0.6305,1.03,1,-21.141,19.54,0,1,0,0,99.7,damper,48.1,8.56,0.5771,0,1,11.795,92.89,Harmful
R04968,1,2,1,14.881,0.1646,0.6867,1.329,0,-7.33,17.219,0,0,0,0,109.4,fan,47.11,13.88,0.8013,1,0,-19.273,83.19,Protective
R04969,4,1,3,34.326,0.4471,-1.8739,1.859,0,-16.608,20.012,0,0,0,0,205.8,fan,16.16,6.0,0.6248,1,1,-0.774,91.41,Ineffective
R04970,4,1,3,44.752,1.1764,0.4971,2.9,0,-0.704,17.28,0,0,0,0,262.2,door,47.26,8.39,0.8764,0,1,2.92,84.41,Ineffective
R04971,2,3,1,10.173,-0.0247,0.4172,0.933,0,-19.04,18.29,0,0,0,0,167.9,fan,38.56,11.68,0.5773,1,0,-5.88,92.17,Protective
R04972,4,2,2,59.143,2.1673,-0.9262,1.12,1,1.251,17.558,1,0,1,0,42.3,door,59.04,14.76,0.8285,1,0,12.747,89.65,Inconsistent
R04973,4,2,2,23.519,-0.8266,-1.0643,0.267,0,16.993,19.904,0,1,0,0,130.1,valve,59.48,18.44,0.8355,0,0,-5.586,87.85,Protective
R04974,4,2,2,40.333,0.7267,1.004,1.243,1,17.935,19.378,1,0,0,0,165.5,door,14.04,14.67,0.5235,1,0,-1.145,93.25,Ineffective
R04975,4,1,3,11.09,-0.5808,-0.4027,2.09,0,-18.682,19.797,0,0,0,0,349.9,pump,51.84,14.41,0.8311,0,0,-6.852,79.83,Protective
R04976,3,4,1,44.022,1.5927,1.5119,2.897,1,-9.991,17.258,1,0,0,1,180.3,pump,18.03,9.7,0.9495,0,0,7.864,58.5,Harmful
R04977,1,4,3,51.225,-1.1145,0.2107,2.273,0,12.791,18.482,0,0,0,0,71.7,valve,37.49,6.26,0.8188,1,0,-6.155,91.61,Protective
R04978,4,1,3,10.791,-0.4218,-0.0435,0.53,0,10.561,18.625,0,0,0,0,181.9,valve,35.26,14.78,0.9068,0,1,-0.896,87.79,Ineffective
R04979,3,4,1,11.922,-1.9597,-0.2704,2.692,0,-9.228,19.41,0,0,0,1,221.0,fan,23.69,8.73,0.8145,1,0,-2.741,11.94,Inconsistent
R04980,4,2,2,20.458,1.3944,0.6927,2.548,1,-7.297,17.409,1,1,0,0,760.4,damper,46.11,17.75,0.5789,1,1,4.948,75.61,Harmful
R04981,4,1,3,5.656,1.1468,0.7029,0.729,0,1.234,19.589,0,0,0,0,357.2,door,36.79,17.51,0.9319,1,1,-6.707,82.6,Protective
R04982,1,3,2,59.233,0.8107,0.4339,2.816,0,-27.499,18.579,0,0,0,0,83.7,valve,41.1,3.41,0.1879,0,0,-1.067,77.57,Ineffective
R04983,2,1,1,37.911,0.7126,-0.523,2.199,0,7.88,20.624,0,1,0,0,165.7,damper,44.56,2.69,0.7865,1,0,-0.803,92.98,Ineffective
R04984,1,2,1,38.417,0.7394,1.1394,2.392,0,16.246,18.799,1,0,0,0,158.2,door,30.22,10.29,0.8154,0,0,-4.959,84.16,Ineffective
R04985,1,4,3,57.743,0.5997,0.5577,1.486,0,-5.837,17.408,0,1,0,0,47.4,fan,12.07,6.04,0.7643,1,1,-1.889,98.45,Ineffective
R04986,4,2,2,50.762,0.5144,0.2852,0.762,0,-21.288,17.414,0,0,0,0,40.2,pump,22.88,6.31,0.8561,1,0,-0.877,100.0,Ineffective
R04987,4,2,2,49.783,1.4789,0.4917,2.437,1,21.189,18.017,1,0,0,0,174.5,pump,18.78,9.39,0.768,0,0,-0.396,92.31,Ineffective
R04988,4,2,2,23.673,0.1443,0.9,1.537,1,3.291,17.959,0,0,0,0,183.0,pump,47.67,16.07,0.84,0,0,7.006,93.93,Harmful
R04989,4,2,2,23.417,-0.3002,-1.9317,2.909,0,10.634,20.187,0,0,1,0,178.5,fan,22.48,4.98,0.7774,0,0,-2.606,91.27,Inconsistent
R04990,3,4,1,21.046,-0.0298,0.1413,0.629,0,-19.817,19.89,0,0,0,0,75.0,door,28.26,19.14,0.8876,0,0,-8.248,91.23,Protective
R04991,3,4,1,24.068,0.4643,2.0402,1.195,1,-19.762,17.307,0,0,0,1,37.2,door,32.3,12.91,0.8916,0,0,3.919,28.52,Inconsistent
R04992,4,3,1,25.323,-0.7663,0.62,2.26,1,6.212,20.406,1,0,0,0,72.6,pump,51.76,15.78,0.7555,1,1,14.073,100.0,Harmful
R04993,3,4,1,12.7,-0.435,0.4835,1.802,1,15.413,17.385,1,0,0,0,547.9,pump,52.22,4.85,0.6125,1,0,3.441,57.63,Harmful
R04994,3,2,1,24.577,0.13,-0.6959,1.413,0,-16.939,20.143,1,0,0,0,56.1,valve,21.0,4.7,0.8403,1,0,-0.228,87.72,Ineffective
R04995,1,3,2,29.571,0.8058,0.3927,2.165,0,-1.527,17.446,0,0,0,0,133.6,damper,30.42,7.69,0.9656,1,1,-5.21,90.65,Protective
R04996,3,2,1,22.014,-0.0907,-0.2951,2.253,0,-23.808,18.505,0,0,0,0,55.1,door,22.22,18.11,0.8796,0,0,-10.917,88.94,Protective
R04997,4,2,2,14.094,3.5648,1.7093,1.816,1,-10.523,20.004,1,1,0,0,95.7,damper,58.8,17.06,0.7609,0,1,9.371,83.82,Harmful
R04998,3,1,2,25.538,-0.1198,-0.4636,1.093,1,-3.855,18.015,0,1,0,1,72.4,pump,36.66,6.79,0.7108,1,1,-5.159,46.61,Protective
R04999,2,4,2,31.45,0.3449,-0.5523,1.933,0,7.332,17.453,1,0,0,1,235.6,fan,10.04,9.49,0.6548,0,0,-2.076,42.81,Inconsistent
